[0m15:41:31.473220 [debug] [MainThread]: Sending event: {'category': 'dbt', 'action': 'invocation', 'label': 'start', 'context': [<snowplow_tracker.self_describing_json.SelfDescribingJson object at 0x702ca47b2210>, <snowplow_tracker.self_describing_json.SelfDescribingJson object at 0x702ca44236e0>, <snowplow_tracker.self_describing_json.SelfDescribingJson object at 0x702ca6d57d40>]}


============================== 15:41:31.490680 | dbb1684d-0bfe-4250-afdb-a13ab611b76e ==============================
[0m15:41:31.490680 [info ] [MainThread]: Running with dbt=1.11.7
[0m15:41:31.492308 [debug] [MainThread]: running dbt with arguments {'send_anonymous_usage_stats': 'True', 'indirect_selection': 'eager', 'no_print': 'None', 'cache_selected_only': 'False', 'use_experimental_parser': 'False', 'profiles_dir': '/home/kwakut/.dbt', 'version_check': 'True', 'target_path': 'None', 'fail_fast': 'False', 'empty': 'None', 'write_json': 'True', 'partial_parse': 'True', 'printer_width': '80', 'static_parser': 'True', 'quiet': 'False', 'introspect': 'True', 'log_cache_events': 'False', 'warn_error': 'None', 'log_path': 'logs', 'debug': 'False', 'log_format': 'default', 'invocation_command': 'dbt init dbt_nyc_vehicle_collision', 'warn_error_options': 'WarnErrorOptionsV2(error=[], warn=[], silence=[])', 'use_colors': 'True'}
[0m15:41:31.584976 [debug] [MainThread]: Starter project path: /home/kwakut/dbt-env/lib/python3.12/site-packages/dbt/include/starter_project
[0m15:41:31.623209 [info ] [MainThread]: 
Your new dbt project "dbt_nyc_vehicle_collision" was created!

For more information on how to configure the profiles.yml file,
please consult the dbt documentation here:

  https://docs.getdbt.com/docs/configure-your-profile

One more thing:

Need help? Don't hesitate to reach out to us via GitHub issues or on Slack:

  https://community.getdbt.com/

Happy modeling!

[0m15:41:31.624766 [info ] [MainThread]: Setting up your profile.
[0m15:43:30.958779 [info ] [MainThread]: Profile dbt_nyc_vehicle_collision written to /home/kwakut/.dbt/profiles.yml using target's profile_template.yml and your supplied values. Run 'dbt debug' to validate the connection.
[0m15:43:30.976436 [debug] [MainThread]: Resource report: {"command_name": "init", "command_success": true, "command_wall_clock_time": 119.64185, "process_in_blocks": "136880", "process_kernel_time": 3.418939, "process_mem_max_rss": "213016", "process_out_blocks": "80", "process_user_time": 9.303072}
[0m15:43:30.982225 [debug] [MainThread]: Command `dbt init` succeeded at 15:43:30.981519 after 119.65 seconds
[0m15:43:30.984526 [debug] [MainThread]: Sending event: {'category': 'dbt', 'action': 'invocation', 'label': 'end', 'context': [<snowplow_tracker.self_describing_json.SelfDescribingJson object at 0x702c86f727b0>, <snowplow_tracker.self_describing_json.SelfDescribingJson object at 0x702c8c4a2480>, <snowplow_tracker.self_describing_json.SelfDescribingJson object at 0x702c876ae360>]}
[0m15:43:30.986591 [debug] [MainThread]: Flushing usage events
[0m15:43:33.368651 [debug] [MainThread]: An error was encountered while trying to flush usage events
[0m15:44:06.131116 [debug] [MainThread]: Sending event: {'category': 'dbt', 'action': 'invocation', 'label': 'start', 'context': [<snowplow_tracker.self_describing_json.SelfDescribingJson object at 0x7f1f888ec9e0>, <snowplow_tracker.self_describing_json.SelfDescribingJson object at 0x7f1f87eafd70>, <snowplow_tracker.self_describing_json.SelfDescribingJson object at 0x7f1f87579100>]}


============================== 15:44:06.139668 | 352a55cf-7dd7-4ea2-9c2b-1c3d1b1b2c48 ==============================
[0m15:44:06.139668 [info ] [MainThread]: Running with dbt=1.11.7
[0m15:44:06.141450 [debug] [MainThread]: running dbt with arguments {'warn_error': 'None', 'invocation_command': 'dbt debug', 'use_experimental_parser': 'False', 'static_parser': 'True', 'indirect_selection': 'eager', 'empty': 'None', 'profiles_dir': '/home/kwakut/.dbt', 'fail_fast': 'False', 'version_check': 'True', 'warn_error_options': 'WarnErrorOptionsV2(error=[], warn=[], silence=[])', 'target_path': 'None', 'log_cache_events': 'False', 'log_path': 'logs', 'log_format': 'default', 'printer_width': '80', 'quiet': 'False', 'debug': 'False', 'no_print': 'None', 'introspect': 'True', 'write_json': 'True', 'cache_selected_only': 'False', 'send_anonymous_usage_stats': 'True', 'partial_parse': 'True', 'use_colors': 'True'}
[0m15:44:06.178954 [info ] [MainThread]: dbt version: 1.11.7
[0m15:44:06.180526 [info ] [MainThread]: python version: 3.12.3
[0m15:44:06.182175 [info ] [MainThread]: python path: /home/kwakut/dbt-env/bin/python3
[0m15:44:06.183860 [info ] [MainThread]: os info: Linux-6.6.87.2-microsoft-standard-WSL2-x86_64-with-glibc2.39
[0m15:44:08.721011 [info ] [MainThread]: Using profiles dir at /home/kwakut/.dbt
[0m15:44:08.723362 [info ] [MainThread]: Using profiles.yml file at /home/kwakut/.dbt/profiles.yml
[0m15:44:08.724841 [info ] [MainThread]: Using dbt_project.yml file at /home/kwakut/nyc-vehicle-collisions-project/dbt_project.yml
[0m15:44:08.726144 [error] [MainThread]: Encountered an error:
Internal Error
  Profile should not be None if loading profile completed
[0m15:44:08.728214 [debug] [MainThread]: Resource report: {"command_name": "debug", "command_success": false, "command_wall_clock_time": 2.7109299, "process_in_blocks": "56", "process_kernel_time": 1.065047, "process_mem_max_rss": "213324", "process_out_blocks": "16", "process_user_time": 5.72768}
[0m15:44:08.730554 [debug] [MainThread]: Command `dbt debug` failed at 15:44:08.730018 after 2.71 seconds
[0m15:44:08.735973 [debug] [MainThread]: Sending event: {'category': 'dbt', 'action': 'invocation', 'label': 'end', 'context': [<snowplow_tracker.self_describing_json.SelfDescribingJson object at 0x7f1f69d8a9f0>, <snowplow_tracker.self_describing_json.SelfDescribingJson object at 0x7f1f69c8a750>, <snowplow_tracker.self_describing_json.SelfDescribingJson object at 0x7f1f86efc500>]}
[0m15:44:08.738894 [debug] [MainThread]: Flushing usage events
[0m15:44:11.097614 [debug] [MainThread]: An error was encountered while trying to flush usage events
[0m15:49:07.032244 [debug] [MainThread]: Sending event: {'category': 'dbt', 'action': 'invocation', 'label': 'start', 'context': [<snowplow_tracker.self_describing_json.SelfDescribingJson object at 0x7c1b929eeff0>, <snowplow_tracker.self_describing_json.SelfDescribingJson object at 0x7c1b928f1e20>, <snowplow_tracker.self_describing_json.SelfDescribingJson object at 0x7c1b91f61100>]}


============================== 15:49:07.041707 | 4d569a15-2b37-42de-8bf4-88fd7485e344 ==============================
[0m15:49:07.041707 [info ] [MainThread]: Running with dbt=1.11.7
[0m15:49:07.043130 [debug] [MainThread]: running dbt with arguments {'write_json': 'True', 'invocation_command': 'dbt debug', 'cache_selected_only': 'False', 'version_check': 'True', 'warn_error_options': 'WarnErrorOptionsV2(error=[], warn=[], silence=[])', 'profiles_dir': '/home/kwakut/.dbt', 'printer_width': '80', 'use_experimental_parser': 'False', 'no_print': 'None', 'log_path': 'logs', 'partial_parse': 'True', 'fail_fast': 'False', 'empty': 'None', 'quiet': 'False', 'warn_error': 'None', 'static_parser': 'True', 'indirect_selection': 'eager', 'send_anonymous_usage_stats': 'True', 'introspect': 'True', 'log_format': 'default', 'log_cache_events': 'False', 'use_colors': 'True', 'target_path': 'None', 'debug': 'False'}
[0m15:49:07.077493 [info ] [MainThread]: dbt version: 1.11.7
[0m15:49:07.078792 [info ] [MainThread]: python version: 3.12.3
[0m15:49:07.079831 [info ] [MainThread]: python path: /home/kwakut/dbt-env/bin/python3
[0m15:49:07.080966 [info ] [MainThread]: os info: Linux-6.6.87.2-microsoft-standard-WSL2-x86_64-with-glibc2.39
[0m15:49:09.519345 [info ] [MainThread]: Using profiles dir at /home/kwakut/.dbt
[0m15:49:09.520197 [info ] [MainThread]: Using profiles.yml file at /home/kwakut/.dbt/profiles.yml
[0m15:49:09.520826 [info ] [MainThread]: Using dbt_project.yml file at /home/kwakut/nyc-vehicle-collisions-project/dbt_project.yml
[0m15:49:09.521484 [error] [MainThread]: Encountered an error:
Internal Error
  Profile should not be None if loading profile completed
[0m15:49:09.522852 [debug] [MainThread]: Resource report: {"command_name": "debug", "command_success": false, "command_wall_clock_time": 2.6326208, "process_in_blocks": "0", "process_kernel_time": 1.106859, "process_mem_max_rss": "213736", "process_out_blocks": "16", "process_user_time": 5.746155}
[0m15:49:09.523700 [debug] [MainThread]: Command `dbt debug` failed at 15:49:09.523564 after 2.63 seconds
[0m15:49:09.524234 [debug] [MainThread]: Sending event: {'category': 'dbt', 'action': 'invocation', 'label': 'end', 'context': [<snowplow_tracker.self_describing_json.SelfDescribingJson object at 0x7c1b9268ec30>, <snowplow_tracker.self_describing_json.SelfDescribingJson object at 0x7c1b78e0aff0>, <snowplow_tracker.self_describing_json.SelfDescribingJson object at 0x7c1b78f0a7e0>]}
[0m15:49:09.524726 [debug] [MainThread]: Flushing usage events
[0m15:49:11.611196 [debug] [MainThread]: An error was encountered while trying to flush usage events
[0m23:22:23.182445 [debug] [MainThread]: Sending event: {'category': 'dbt', 'action': 'invocation', 'label': 'start', 'context': [<snowplow_tracker.self_describing_json.SelfDescribingJson object at 0x728f250a6b10>, <snowplow_tracker.self_describing_json.SelfDescribingJson object at 0x728f250a6120>, <snowplow_tracker.self_describing_json.SelfDescribingJson object at 0x728f250a6a80>]}


============================== 23:22:23.225594 | c9dc63f8-d84c-4b8d-94ba-6406c89fbd15 ==============================
[0m23:22:23.225594 [info ] [MainThread]: Running with dbt=1.11.7
[0m23:22:23.228694 [debug] [MainThread]: running dbt with arguments {'no_print': 'None', 'introspect': 'True', 'partial_parse': 'True', 'write_json': 'True', 'log_format': 'default', 'log_path': 'logs', 'send_anonymous_usage_stats': 'True', 'profiles_dir': '/home/kwakut/.dbt', 'warn_error_options': 'WarnErrorOptionsV2(error=[], warn=[], silence=[])', 'fail_fast': 'False', 'use_colors': 'True', 'printer_width': '80', 'log_cache_events': 'False', 'empty': 'None', 'static_parser': 'True', 'debug': 'False', 'invocation_command': 'dbt debug', 'use_experimental_parser': 'False', 'cache_selected_only': 'False', 'warn_error': 'None', 'quiet': 'False', 'indirect_selection': 'eager', 'target_path': 'None', 'version_check': 'True'}
[0m23:22:23.305338 [info ] [MainThread]: dbt version: 1.11.7
[0m23:22:23.306638 [info ] [MainThread]: python version: 3.12.3
[0m23:22:23.308094 [info ] [MainThread]: python path: /home/kwakut/dbt-env/bin/python3
[0m23:22:23.309380 [info ] [MainThread]: os info: Linux-6.6.87.2-microsoft-standard-WSL2-x86_64-with-glibc2.39
[0m23:22:33.737550 [info ] [MainThread]: Using profiles dir at /home/kwakut/.dbt
[0m23:22:33.742098 [info ] [MainThread]: Using profiles.yml file at /home/kwakut/.dbt/profiles.yml
[0m23:22:33.745915 [info ] [MainThread]: Using dbt_project.yml file at /home/kwakut/nyc-vehicle-collisions-project/dbt_project.yml
[0m23:22:33.749598 [error] [MainThread]: Encountered an error:
Internal Error
  Profile should not be None if loading profile completed
[0m23:22:33.752208 [debug] [MainThread]: Resource report: {"command_name": "debug", "command_success": false, "command_wall_clock_time": 10.794814, "process_in_blocks": "262808", "process_kernel_time": 6.551855, "process_mem_max_rss": "213372", "process_out_blocks": "8", "process_user_time": 11.916552}
[0m23:22:33.754481 [debug] [MainThread]: Command `dbt debug` failed at 23:22:33.754079 after 10.80 seconds
[0m23:22:33.756612 [debug] [MainThread]: Sending event: {'category': 'dbt', 'action': 'invocation', 'label': 'end', 'context': [<snowplow_tracker.self_describing_json.SelfDescribingJson object at 0x728f25cfd490>, <snowplow_tracker.self_describing_json.SelfDescribingJson object at 0x728f248d2810>, <snowplow_tracker.self_describing_json.SelfDescribingJson object at 0x728f248d2480>]}
[0m23:22:33.764670 [debug] [MainThread]: Flushing usage events
[0m23:22:36.517161 [debug] [MainThread]: An error was encountered while trying to flush usage events
[0m15:14:34.642395 [debug] [MainThread]: Sending event: {'category': 'dbt', 'action': 'invocation', 'label': 'start', 'context': [<snowplow_tracker.self_describing_json.SelfDescribingJson object at 0x71970a5a3e90>, <snowplow_tracker.self_describing_json.SelfDescribingJson object at 0x71970aa8aae0>, <snowplow_tracker.self_describing_json.SelfDescribingJson object at 0x71970a619bb0>]}


============================== 15:14:34.647985 | 731c09b1-4d03-403e-b3b9-0d2b38cfeb32 ==============================
[0m15:14:34.647985 [info ] [MainThread]: Running with dbt=1.11.8
[0m15:14:34.648865 [debug] [MainThread]: running dbt with arguments {'fail_fast': 'False', 'introspect': 'True', 'log_format': 'default', 'invocation_command': 'dbt debug', 'quiet': 'False', 'use_colors': 'True', 'partial_parse': 'True', 'debug': 'False', 'warn_error': 'None', 'write_json': 'True', 'log_path': '/home/kwakut/nyc-vehicle-collisions-project/dbt_nyc_vehicle_crashes/logs', 'empty': 'None', 'no_print': 'None', 'log_cache_events': 'False', 'target_path': 'None', 'printer_width': '80', 'version_check': 'True', 'send_anonymous_usage_stats': 'True', 'cache_selected_only': 'False', 'indirect_selection': 'eager', 'static_parser': 'True', 'use_experimental_parser': 'False', 'warn_error_options': 'WarnErrorOptionsV2(error=[], warn=[], silence=[])', 'profiles_dir': '/home/kwakut/.dbt'}
[0m15:14:34.665409 [info ] [MainThread]: dbt version: 1.11.8
[0m15:14:34.666265 [info ] [MainThread]: python version: 3.12.3
[0m15:14:34.667278 [info ] [MainThread]: python path: /home/kwakut/nyc-vehicle-collisions-project/dbt-env/bin/python3
[0m15:14:34.668317 [info ] [MainThread]: os info: Linux-6.6.87.2-microsoft-standard-WSL2-x86_64-with-glibc2.39
[0m15:14:35.617538 [info ] [MainThread]: Using profiles dir at /home/kwakut/.dbt
[0m15:14:35.618238 [info ] [MainThread]: Using profiles.yml file at /home/kwakut/.dbt/profiles.yml
[0m15:14:35.619217 [info ] [MainThread]: Using dbt_project.yml file at /home/kwakut/nyc-vehicle-collisions-project/dbt_nyc_vehicle_crashes/dbt_project.yml
[0m15:14:35.619764 [info ] [MainThread]: adapter type: bigquery
[0m15:14:35.620594 [info ] [MainThread]: adapter version: 1.11.1
[0m15:14:35.777056 [info ] [MainThread]: Configuration:
[0m15:14:35.777819 [info ] [MainThread]:   profiles.yml file [[32mOK found and valid[0m]
[0m15:14:35.778538 [info ] [MainThread]:   dbt_project.yml file [[32mOK found and valid[0m]
[0m15:14:35.779067 [info ] [MainThread]: Required dependencies:
[0m15:14:35.779675 [debug] [MainThread]: Executing "git --help"
[0m15:14:35.782712 [debug] [MainThread]: STDOUT: "b"usage: git [-v | --version] [-h | --help] [-C <path>] [-c <name>=<value>]\n           [--exec-path[=<path>]] [--html-path] [--man-path] [--info-path]\n           [-p | --paginate | -P | --no-pager] [--no-replace-objects] [--bare]\n           [--git-dir=<path>] [--work-tree=<path>] [--namespace=<name>]\n           [--config-env=<name>=<envvar>] <command> [<args>]\n\nThese are common Git commands used in various situations:\n\nstart a working area (see also: git help tutorial)\n   clone     Clone a repository into a new directory\n   init      Create an empty Git repository or reinitialize an existing one\n\nwork on the current change (see also: git help everyday)\n   add       Add file contents to the index\n   mv        Move or rename a file, a directory, or a symlink\n   restore   Restore working tree files\n   rm        Remove files from the working tree and from the index\n\nexamine the history and state (see also: git help revisions)\n   bisect    Use binary search to find the commit that introduced a bug\n   diff      Show changes between commits, commit and working tree, etc\n   grep      Print lines matching a pattern\n   log       Show commit logs\n   show      Show various types of objects\n   status    Show the working tree status\n\ngrow, mark and tweak your common history\n   branch    List, create, or delete branches\n   commit    Record changes to the repository\n   merge     Join two or more development histories together\n   rebase    Reapply commits on top of another base tip\n   reset     Reset current HEAD to the specified state\n   switch    Switch branches\n   tag       Create, list, delete or verify a tag object signed with GPG\n\ncollaborate (see also: git help workflows)\n   fetch     Download objects and refs from another repository\n   pull      Fetch from and integrate with another repository or a local branch\n   push      Update remote refs along with associated objects\n\n'git help -a' and 'git help -g' list available subcommands and some\nconcept guides. See 'git help <command>' or 'git help <concept>'\nto read about a specific subcommand or concept.\nSee 'git help git' for an overview of the system.\n""
[0m15:14:35.783412 [debug] [MainThread]: STDERR: "b''"
[0m15:14:35.783937 [info ] [MainThread]:  - git [[32mOK found[0m]

[0m15:14:35.784813 [info ] [MainThread]: Connection:
[0m15:14:35.785979 [info ] [MainThread]:   method: oauth
[0m15:14:35.786798 [info ] [MainThread]:   database: nyc-motor-vehicle-collision-12
[0m15:14:35.787870 [info ] [MainThread]:   execution_project: nyc-motor-vehicle-collision-12
[0m15:14:35.788664 [info ] [MainThread]:   schema: nyc_motor_vehicle_collision_dataset
[0m15:14:35.789511 [info ] [MainThread]:   location: US
[0m15:14:35.790300 [info ] [MainThread]:   priority: interactive
[0m15:14:35.791202 [info ] [MainThread]:   maximum_bytes_billed: None
[0m15:14:35.791989 [info ] [MainThread]:   impersonate_service_account: None
[0m15:14:35.792972 [info ] [MainThread]:   job_retry_deadline_seconds: None
[0m15:14:35.793964 [info ] [MainThread]:   job_retries: 1
[0m15:14:35.796535 [info ] [MainThread]:   job_creation_timeout_seconds: None
[0m15:14:35.798250 [info ] [MainThread]:   job_execution_timeout_seconds: 300
[0m15:14:35.799190 [info ] [MainThread]:   timeout_seconds: 300
[0m15:14:35.800381 [info ] [MainThread]:   client_id: None
[0m15:14:35.801156 [info ] [MainThread]:   token_uri: None
[0m15:14:35.801801 [info ] [MainThread]:   compute_region: None
[0m15:14:35.802671 [info ] [MainThread]:   dataproc_cluster_name: None
[0m15:14:35.803424 [info ] [MainThread]:   gcs_bucket: None
[0m15:14:35.804226 [info ] [MainThread]:   dataproc_batch: None
[0m15:14:35.805143 [info ] [MainThread]: Registered adapter: bigquery=1.11.1
[0m15:14:35.972611 [debug] [MainThread]: Acquiring new bigquery connection 'debug'
[0m15:14:35.973151 [debug] [MainThread]: On debug: select 1 as id
[0m15:14:35.973636 [debug] [MainThread]: Opening a new connection, currently in state init
[0m15:14:38.473198 [debug] [MainThread]: BigQuery adapter: https://console.cloud.google.com/bigquery?project=nyc-motor-vehicle-collision-12&j=bq:US:95d5d422-e527-4f8d-aad3-a64f3d51edb0&page=queryresults
[0m15:14:38.896163 [debug] [MainThread]: SQL status: OK in 0.421 seconds
[0m15:14:39.389313 [info ] [MainThread]:   Connection test: [[32mOK connection ok[0m]

[0m15:14:39.392720 [info ] [MainThread]: [32mAll checks passed![0m
[0m15:14:39.396526 [debug] [MainThread]: Resource report: {"command_name": "debug", "command_success": true, "command_wall_clock_time": 4.8272843, "process_in_blocks": "264", "process_kernel_time": 0.58702, "process_mem_max_rss": "223100", "process_out_blocks": "24", "process_user_time": 3.21064}
[0m15:14:39.400152 [debug] [MainThread]: Command `dbt debug` succeeded at 15:14:39.399120 after 4.83 seconds
[0m15:14:39.403561 [debug] [MainThread]: Connection 'debug' was properly closed.
[0m15:14:39.407020 [debug] [MainThread]: Sending event: {'category': 'dbt', 'action': 'invocation', 'label': 'end', 'context': [<snowplow_tracker.self_describing_json.SelfDescribingJson object at 0x719709f07b90>, <snowplow_tracker.self_describing_json.SelfDescribingJson object at 0x71970a733320>, <snowplow_tracker.self_describing_json.SelfDescribingJson object at 0x7196f0e1a3c0>]}
[0m15:14:39.411151 [debug] [MainThread]: Flushing usage events
[0m15:14:40.480990 [debug] [MainThread]: An error was encountered while trying to flush usage events
[0m15:14:59.037621 [debug] [MainThread]: Sending event: {'category': 'dbt', 'action': 'invocation', 'label': 'start', 'context': [<snowplow_tracker.self_describing_json.SelfDescribingJson object at 0x7e19c549f740>, <snowplow_tracker.self_describing_json.SelfDescribingJson object at 0x7e19c56e1460>, <snowplow_tracker.self_describing_json.SelfDescribingJson object at 0x7e19c549f950>]}


============================== 15:14:59.042109 | 26a7de38-f2ea-4171-923d-a3209ba9b84f ==============================
[0m15:14:59.042109 [info ] [MainThread]: Running with dbt=1.11.8
[0m15:14:59.043004 [debug] [MainThread]: running dbt with arguments {'warn_error': 'None', 'partial_parse': 'True', 'profiles_dir': '/home/kwakut/.dbt', 'log_cache_events': 'False', 'cache_selected_only': 'False', 'empty': 'False', 'send_anonymous_usage_stats': 'True', 'invocation_command': 'dbt run', 'fail_fast': 'False', 'use_experimental_parser': 'False', 'use_colors': 'True', 'static_parser': 'True', 'warn_error_options': 'WarnErrorOptionsV2(error=[], warn=[], silence=[])', 'printer_width': '80', 'introspect': 'True', 'version_check': 'True', 'target_path': 'None', 'indirect_selection': 'eager', 'debug': 'False', 'quiet': 'False', 'no_print': 'None', 'write_json': 'True', 'log_path': '/home/kwakut/nyc-vehicle-collisions-project/dbt_nyc_vehicle_crashes/logs', 'log_format': 'default'}
[0m15:15:00.175715 [debug] [MainThread]: Sending event: {'category': 'dbt', 'action': 'project_id', 'label': '26a7de38-f2ea-4171-923d-a3209ba9b84f', 'context': [<snowplow_tracker.self_describing_json.SelfDescribingJson object at 0x7e19c78e8590>]}
[0m15:15:00.269032 [debug] [MainThread]: Sending event: {'category': 'dbt', 'action': 'adapter_info', 'label': '26a7de38-f2ea-4171-923d-a3209ba9b84f', 'context': [<snowplow_tracker.self_describing_json.SelfDescribingJson object at 0x7e19a7a5e840>]}
[0m15:15:00.269886 [info ] [MainThread]: Registered adapter: bigquery=1.11.1
[0m15:15:00.434336 [debug] [MainThread]: checksum: 7d524ac048c2100769df89d592e662e060a73ca564e31bd9c2a37efdfe8d8ab6, vars: {}, profile: , target: , version: 1.11.8
[0m15:15:00.670898 [info ] [MainThread]: Unable to do partial parsing because a project config has changed
[0m15:15:00.671753 [debug] [MainThread]: Sending event: {'category': 'dbt', 'action': 'partial_parser', 'label': '26a7de38-f2ea-4171-923d-a3209ba9b84f', 'context': [<snowplow_tracker.self_describing_json.SelfDescribingJson object at 0x7e19a75b7140>]}
[0m15:15:02.392578 [debug] [MainThread]: Sending event: {'category': 'dbt', 'action': 'load_project', 'label': '26a7de38-f2ea-4171-923d-a3209ba9b84f', 'context': [<snowplow_tracker.self_describing_json.SelfDescribingJson object at 0x7e19a6995b80>]}
[0m15:15:02.495654 [debug] [MainThread]: Wrote artifact WritableManifest to /home/kwakut/nyc-vehicle-collisions-project/dbt_nyc_vehicle_crashes/target/manifest.json
[0m15:15:02.501827 [debug] [MainThread]: Wrote artifact SemanticManifest to /home/kwakut/nyc-vehicle-collisions-project/dbt_nyc_vehicle_crashes/target/semantic_manifest.json
[0m15:15:02.527670 [debug] [MainThread]: Sending event: {'category': 'dbt', 'action': 'resource_counts', 'label': '26a7de38-f2ea-4171-923d-a3209ba9b84f', 'context': [<snowplow_tracker.self_describing_json.SelfDescribingJson object at 0x7e19a686dbb0>]}
[0m15:15:02.528393 [info ] [MainThread]: Found 2 models, 2 data tests, 1 source, 539 macros
[0m15:15:02.529026 [debug] [MainThread]: Sending event: {'category': 'dbt', 'action': 'runnable_timing', 'label': '26a7de38-f2ea-4171-923d-a3209ba9b84f', 'context': [<snowplow_tracker.self_describing_json.SelfDescribingJson object at 0x7e19a7412090>]}
[0m15:15:02.531251 [info ] [MainThread]: 
[0m15:15:02.531871 [info ] [MainThread]: Concurrency: 1 threads (target='dev')
[0m15:15:02.532410 [info ] [MainThread]: 
[0m15:15:02.533171 [debug] [MainThread]: Acquiring new bigquery connection 'master'
[0m15:15:02.540307 [debug] [ThreadPool]: Acquiring new bigquery connection 'list_nyc-motor-vehicle-collision-12'
[0m15:15:02.541158 [debug] [ThreadPool]: Opening a new connection, currently in state init
[0m15:15:05.045015 [debug] [ThreadPool]: Opening a new connection, currently in state closed
[0m15:15:06.098962 [debug] [ThreadPool]: Re-using an available connection from the pool (formerly list_nyc-motor-vehicle-collision-12, now create_nyc-motor-vehicle-collision-12_nyc_motor_vehicle_collision_dataset_mart_monthly_crashes)
[0m15:15:06.101877 [debug] [ThreadPool]: Creating schema "database: "nyc-motor-vehicle-collision-12"
schema: "nyc_motor_vehicle_collision_dataset_mart_monthly_crashes"
"
[0m15:15:06.141100 [debug] [ThreadPool]: On create_nyc-motor-vehicle-collision-12_nyc_motor_vehicle_collision_dataset_mart_monthly_crashes: /* {"app": "dbt", "dbt_version": "1.11.8", "profile_name": "dbt_nyc_vehicle_crashes", "target_name": "dev", "connection_name": "create_nyc-motor-vehicle-collision-12_nyc_motor_vehicle_collision_dataset_mart_monthly_crashes"} */
create schema if not exists `nyc-motor-vehicle-collision-12`.`nyc_motor_vehicle_collision_dataset_mart_monthly_crashes`
  
[0m15:15:06.142203 [debug] [ThreadPool]: Opening a new connection, currently in state closed
[0m15:15:07.281540 [debug] [ThreadPool]: BigQuery adapter: https://console.cloud.google.com/bigquery?project=nyc-motor-vehicle-collision-12&j=bq:US:99fa0e44-c7a4-403a-a2b3-72b686cf5d4c&page=queryresults
[0m15:15:08.358746 [debug] [ThreadPool]: SQL status: OK in 1.074 seconds
[0m15:15:08.415080 [debug] [ThreadPool]: Re-using an available connection from the pool (formerly create_nyc-motor-vehicle-collision-12_nyc_motor_vehicle_collision_dataset_mart_monthly_crashes, now list_nyc-motor-vehicle-collision-12_nyc_motor_vehicle_collision_dataset_mart_monthly_crashes)
[0m15:15:08.415813 [debug] [ThreadPool]: Opening a new connection, currently in state closed
[0m15:15:09.422184 [debug] [ThreadPool]: Re-using an available connection from the pool (formerly list_nyc-motor-vehicle-collision-12_nyc_motor_vehicle_collision_dataset_mart_monthly_crashes, now list_nyc-motor-vehicle-collision-12_nyc_motor_vehicle_collision_dataset_stg_2025_nyc_crashes)
[0m15:15:09.425263 [debug] [ThreadPool]: Opening a new connection, currently in state closed
[0m15:15:10.359276 [debug] [MainThread]: Sending event: {'category': 'dbt', 'action': 'runnable_timing', 'label': '26a7de38-f2ea-4171-923d-a3209ba9b84f', 'context': [<snowplow_tracker.self_describing_json.SelfDescribingJson object at 0x7e19a73c15b0>]}
[0m15:15:10.362108 [debug] [MainThread]: Opening a new connection, currently in state init
[0m15:15:10.391324 [debug] [Thread-1 (]: Began running node model.dbt_nyc_vehicle_crashes.mart_monthly_crashes
[0m15:15:10.393451 [info ] [Thread-1 (]: 1 of 2 START sql table model nyc_motor_vehicle_collision_dataset_mart_monthly_crashes.mart_monthly_crashes  [RUN]
[0m15:15:10.395352 [debug] [Thread-1 (]: Re-using an available connection from the pool (formerly list_nyc-motor-vehicle-collision-12_nyc_motor_vehicle_collision_dataset_stg_2025_nyc_crashes, now model.dbt_nyc_vehicle_crashes.mart_monthly_crashes)
[0m15:15:10.397160 [debug] [Thread-1 (]: Began compiling node model.dbt_nyc_vehicle_crashes.mart_monthly_crashes
[0m15:15:10.416259 [debug] [Thread-1 (]: Writing injected SQL for node "model.dbt_nyc_vehicle_crashes.mart_monthly_crashes"
[0m15:15:10.420916 [debug] [Thread-1 (]: Began executing node model.dbt_nyc_vehicle_crashes.mart_monthly_crashes
[0m15:15:10.470944 [debug] [Thread-1 (]: Writing runtime sql for node "model.dbt_nyc_vehicle_crashes.mart_monthly_crashes"
[0m15:15:10.474674 [debug] [Thread-1 (]: On model.dbt_nyc_vehicle_crashes.mart_monthly_crashes: /* {"app": "dbt", "dbt_version": "1.11.8", "profile_name": "dbt_nyc_vehicle_crashes", "target_name": "dev", "node_id": "model.dbt_nyc_vehicle_crashes.mart_monthly_crashes"} */

  
    

    create or replace table `nyc-motor-vehicle-collision-12`.`nyc_motor_vehicle_collision_dataset_mart_monthly_crashes`.`mart_monthly_crashes`
      
    
    

    
    OPTIONS()
    as (
      # Monthly crashes in Nyc 

SELECT
  FORMAT_DATE('%B', crash_date) AS month_name,
  COUNT(crash_date) AS total_crashes
FROM
  `nyc-motor-vehicle-collision-12`.`nyc_motor_vehicle_collision_dataset`.`nyc_motor_crashes`
GROUP BY month_name
ORDER BY COUNT(crash_date) DESC
    );
  
[0m15:15:10.475430 [debug] [Thread-1 (]: Opening a new connection, currently in state closed
[0m15:15:11.782048 [debug] [Thread-1 (]: BigQuery adapter: https://console.cloud.google.com/bigquery?project=nyc-motor-vehicle-collision-12&j=bq:US:fa41288d-70ad-47f7-9eb2-a4caa5c12cef&page=queryresults
[0m15:15:12.151103 [error] [Thread-1 (]: BigQuery adapter: https://console.cloud.google.com/bigquery?project=nyc-motor-vehicle-collision-12&j=bq:US:fa41288d-70ad-47f7-9eb2-a4caa5c12cef&page=queryresults
[0m15:15:12.232882 [debug] [Thread-1 (]: Database Error in model mart_monthly_crashes (models/mart/mart_monthly_crashes.sql)
  No matching signature for function FORMAT_DATE
    Argument types: STRING, STRING
    Signature: FORMAT_DATE(STRING, DATE)
      Argument 2: Unable to coerce type STRING to expected type DATE
    Signature: FORMAT_DATE(STRING, DATETIME)
      Argument 2: Unable to coerce type STRING to expected type DATETIME
    Signature: FORMAT_DATE(STRING, TIMESTAMP, [STRING])
      Argument 2: Unable to coerce type STRING to expected type TIMESTAMP at [17:3]
  compiled code at target/run/dbt_nyc_vehicle_crashes/models/mart/mart_monthly_crashes.sql
[0m15:15:12.240787 [debug] [Thread-1 (]: Sending event: {'category': 'dbt', 'action': 'run_model', 'label': '26a7de38-f2ea-4171-923d-a3209ba9b84f', 'context': [<snowplow_tracker.self_describing_json.SelfDescribingJson object at 0x7e19a5d4d1f0>]}
[0m15:15:12.244314 [error] [Thread-1 (]: 1 of 2 ERROR creating sql table model nyc_motor_vehicle_collision_dataset_mart_monthly_crashes.mart_monthly_crashes  [[31mERROR[0m in 1.84s]
[0m15:15:12.247247 [debug] [Thread-1 (]: Finished running node model.dbt_nyc_vehicle_crashes.mart_monthly_crashes
[0m15:15:12.249400 [debug] [Thread-1 (]: Began running node model.dbt_nyc_vehicle_crashes.stg_2025_nyc_crashes
[0m15:15:12.252830 [debug] [Thread-4 (]: Marking all children of 'model.dbt_nyc_vehicle_crashes.mart_monthly_crashes' to be skipped because of status 'error'.  Reason: Database Error in model mart_monthly_crashes (models/mart/mart_monthly_crashes.sql)
  No matching signature for function FORMAT_DATE
    Argument types: STRING, STRING
    Signature: FORMAT_DATE(STRING, DATE)
      Argument 2: Unable to coerce type STRING to expected type DATE
    Signature: FORMAT_DATE(STRING, DATETIME)
      Argument 2: Unable to coerce type STRING to expected type DATETIME
    Signature: FORMAT_DATE(STRING, TIMESTAMP, [STRING])
      Argument 2: Unable to coerce type STRING to expected type TIMESTAMP at [17:3]
  compiled code at target/run/dbt_nyc_vehicle_crashes/models/mart/mart_monthly_crashes.sql.
[0m15:15:12.255335 [info ] [Thread-1 (]: 2 of 2 START sql table model nyc_motor_vehicle_collision_dataset_stg_2025_nyc_crashes.stg_2025_nyc_crashes  [RUN]
[0m15:15:12.266041 [debug] [Thread-1 (]: Re-using an available connection from the pool (formerly model.dbt_nyc_vehicle_crashes.mart_monthly_crashes, now model.dbt_nyc_vehicle_crashes.stg_2025_nyc_crashes)
[0m15:15:12.267735 [debug] [Thread-1 (]: Began compiling node model.dbt_nyc_vehicle_crashes.stg_2025_nyc_crashes
[0m15:15:12.277988 [debug] [Thread-1 (]: Writing injected SQL for node "model.dbt_nyc_vehicle_crashes.stg_2025_nyc_crashes"
[0m15:15:12.280992 [debug] [Thread-1 (]: Began executing node model.dbt_nyc_vehicle_crashes.stg_2025_nyc_crashes
[0m15:15:12.286359 [debug] [Thread-1 (]: Opening a new connection, currently in state closed
[0m15:15:13.264930 [debug] [Thread-1 (]: Writing runtime sql for node "model.dbt_nyc_vehicle_crashes.stg_2025_nyc_crashes"
[0m15:15:13.272408 [debug] [Thread-1 (]: On model.dbt_nyc_vehicle_crashes.stg_2025_nyc_crashes: /* {"app": "dbt", "dbt_version": "1.11.8", "profile_name": "dbt_nyc_vehicle_crashes", "target_name": "dev", "node_id": "model.dbt_nyc_vehicle_crashes.stg_2025_nyc_crashes"} */

  
    

    create or replace table `nyc-motor-vehicle-collision-12`.`nyc_motor_vehicle_collision_dataset_stg_2025_nyc_crashes`.`stg_2025_nyc_crashes`
      
    
    

    
    OPTIONS()
    as (
      WITH source AS (

    SELECT
        DATE(SUBSTR(crash_date, 1, 10)) AS crash_date,
        SAFE.PARSE_TIME('%H:%M', crash_time) AS crash_time,
        on_street_name,
        off_street_name,
        SAFE_CAST(number_of_persons_injured AS INT64) AS number_of_persons_injured,
        SAFE_CAST(number_of_persons_killed AS INT64) AS number_of_persons_killed,
        SAFE_CAST(number_of_pedestrians_injured AS INT64) AS number_of_pedestrians_injured,
        SAFE_CAST(number_of_pedestrians_killed AS INT64) AS number_of_pedestrians_killed,
        SAFE_CAST(number_of_cyclist_injured AS INT64) AS number_of_cyclist_injured,
        SAFE_CAST(number_of_cyclist_killed AS INT64) AS number_of_cyclist_killed,
        SAFE_CAST(number_of_motorist_injured AS INT64) AS number_of_motorist_injured,
        SAFE_CAST(number_of_motorist_killed AS INT64) AS number_of_motorist_killed,
        contributing_factor_vehicle_1,
        contributing_factor_vehicle_2,
        CAST(collision_id AS INT64) AS collision_id,
        vehicle_type_code1 AS vehicle_type_code_1,
        vehicle_type_code2 AS vehicle_type_code_2,
        borough,
        zip_code,
        SAFE_CAST(latitude AS FLOAT64) AS latitude,
        SAFE_CAST(longitude AS FLOAT64) AS longitude,
        location,
        contributing_factor_vehicle_3,
        vehicle_type_code_3,
        cross_street_name,
        contributing_factor_vehicle_4,
        vehicle_type_code_4,
        contributing_factor_vehicle_5,
        vehicle_type_code_5
    FROM `nyc-motor-vehicle-collision-12`.`nyc_motor_vehicle_collision_dataset`.`nyc_motor_crashes`
)
SELECT 
    *,
    current_timestamp() AS ingestion_timestamp 
FROM source
    );
  
[0m15:15:14.305959 [debug] [Thread-1 (]: BigQuery adapter: https://console.cloud.google.com/bigquery?project=nyc-motor-vehicle-collision-12&j=bq:US:ab7f84d7-1f8f-40a5-8fcd-e785a087c967&page=queryresults
[0m15:15:17.747381 [debug] [Thread-1 (]: SQL status: OK in 3.439 seconds
[0m15:15:18.187751 [debug] [Thread-1 (]: Sending event: {'category': 'dbt', 'action': 'run_model', 'label': '26a7de38-f2ea-4171-923d-a3209ba9b84f', 'context': [<snowplow_tracker.self_describing_json.SelfDescribingJson object at 0x7e19a7a5c7a0>]}
[0m15:15:18.189185 [info ] [Thread-1 (]: 2 of 2 OK created sql table model nyc_motor_vehicle_collision_dataset_stg_2025_nyc_crashes.stg_2025_nyc_crashes  [[32mCREATE TABLE (85.5k rows, 21.4 MiB processed)[0m in 5.92s]
[0m15:15:18.191944 [debug] [Thread-1 (]: Finished running node model.dbt_nyc_vehicle_crashes.stg_2025_nyc_crashes
[0m15:15:18.194301 [debug] [MainThread]: Opening a new connection, currently in state closed
[0m15:15:18.195210 [debug] [MainThread]: Connection 'master' was properly closed.
[0m15:15:18.196265 [debug] [MainThread]: Connection 'model.dbt_nyc_vehicle_crashes.stg_2025_nyc_crashes' was properly closed.
[0m15:15:18.197025 [info ] [MainThread]: 
[0m15:15:18.197732 [info ] [MainThread]: Finished running 2 table models in 0 hours 0 minutes and 15.66 seconds (15.66s).
[0m15:15:18.199404 [debug] [MainThread]: Command end result
[0m15:15:18.453900 [debug] [MainThread]: Wrote artifact WritableManifest to /home/kwakut/nyc-vehicle-collisions-project/dbt_nyc_vehicle_crashes/target/manifest.json
[0m15:15:18.479122 [debug] [MainThread]: Wrote artifact SemanticManifest to /home/kwakut/nyc-vehicle-collisions-project/dbt_nyc_vehicle_crashes/target/semantic_manifest.json
[0m15:15:18.538789 [debug] [MainThread]: Wrote artifact RunExecutionResult to /home/kwakut/nyc-vehicle-collisions-project/dbt_nyc_vehicle_crashes/target/run_results.json
[0m15:15:18.539995 [info ] [MainThread]: 
[0m15:15:18.541318 [info ] [MainThread]: [31mCompleted with 1 error, 0 partial successes, and 0 warnings:[0m
[0m15:15:18.542669 [info ] [MainThread]: 
[0m15:15:18.544265 [error] [MainThread]: [31mFailure in model mart_monthly_crashes (models/mart/mart_monthly_crashes.sql)[0m
[0m15:15:18.547173 [error] [MainThread]:   Database Error in model mart_monthly_crashes (models/mart/mart_monthly_crashes.sql)
  No matching signature for function FORMAT_DATE
    Argument types: STRING, STRING
    Signature: FORMAT_DATE(STRING, DATE)
      Argument 2: Unable to coerce type STRING to expected type DATE
    Signature: FORMAT_DATE(STRING, DATETIME)
      Argument 2: Unable to coerce type STRING to expected type DATETIME
    Signature: FORMAT_DATE(STRING, TIMESTAMP, [STRING])
      Argument 2: Unable to coerce type STRING to expected type TIMESTAMP at [17:3]
  compiled code at target/run/dbt_nyc_vehicle_crashes/models/mart/mart_monthly_crashes.sql
[0m15:15:18.562985 [info ] [MainThread]: 
[0m15:15:18.564109 [info ] [MainThread]:   compiled code at target/compiled/dbt_nyc_vehicle_crashes/models/mart/mart_monthly_crashes.sql
[0m15:15:18.574918 [info ] [MainThread]: 
[0m15:15:18.578508 [info ] [MainThread]: Done. PASS=1 WARN=0 ERROR=1 SKIP=0 NO-OP=0 TOTAL=2
[0m15:15:18.590649 [debug] [MainThread]: Resource report: {"command_name": "run", "command_success": false, "command_wall_clock_time": 19.638945, "process_in_blocks": "8400", "process_kernel_time": 0.807461, "process_mem_max_rss": "238428", "process_out_blocks": "3664", "process_user_time": 7.254919}
[0m15:15:18.592050 [debug] [MainThread]: Command `dbt run` failed at 15:15:18.591762 after 19.65 seconds
[0m15:15:18.692786 [debug] [MainThread]: Sending event: {'category': 'dbt', 'action': 'invocation', 'label': 'end', 'context': [<snowplow_tracker.self_describing_json.SelfDescribingJson object at 0x7e19c56e1460>, <snowplow_tracker.self_describing_json.SelfDescribingJson object at 0x7e19c73fd940>, <snowplow_tracker.self_describing_json.SelfDescribingJson object at 0x7e19a7535f70>]}
[0m15:15:18.694142 [debug] [MainThread]: Flushing usage events
[0m15:15:20.152890 [debug] [MainThread]: An error was encountered while trying to flush usage events
[0m15:20:40.507462 [debug] [MainThread]: Sending event: {'category': 'dbt', 'action': 'invocation', 'label': 'start', 'context': [<snowplow_tracker.self_describing_json.SelfDescribingJson object at 0x7bd7f4953530>, <snowplow_tracker.self_describing_json.SelfDescribingJson object at 0x7bd7f4a4fce0>, <snowplow_tracker.self_describing_json.SelfDescribingJson object at 0x7bd7f2b1b200>]}


============================== 15:20:40.511744 | e75b4a73-4a1c-4e95-8648-e77d9ac46f0c ==============================
[0m15:20:40.511744 [info ] [MainThread]: Running with dbt=1.11.8
[0m15:20:40.512623 [debug] [MainThread]: running dbt with arguments {'debug': 'False', 'profiles_dir': '/home/kwakut/.dbt', 'target_path': 'None', 'log_format': 'default', 'log_cache_events': 'False', 'invocation_command': 'dbt debug', 'quiet': 'False', 'log_path': '/home/kwakut/nyc-vehicle-collisions-project/dbt_nyc_vehicle_crashes/logs', 'introspect': 'True', 'static_parser': 'True', 'send_anonymous_usage_stats': 'True', 'fail_fast': 'False', 'write_json': 'True', 'use_experimental_parser': 'False', 'use_colors': 'True', 'empty': 'None', 'warn_error_options': 'WarnErrorOptionsV2(error=[], warn=[], silence=[])', 'warn_error': 'None', 'printer_width': '80', 'indirect_selection': 'eager', 'partial_parse': 'True', 'no_print': 'None', 'cache_selected_only': 'False', 'version_check': 'True'}
[0m15:20:40.525038 [info ] [MainThread]: dbt version: 1.11.8
[0m15:20:40.525686 [info ] [MainThread]: python version: 3.12.3
[0m15:20:40.526218 [info ] [MainThread]: python path: /home/kwakut/nyc-vehicle-collisions-project/dbt-env/bin/python3
[0m15:20:40.526763 [info ] [MainThread]: os info: Linux-6.6.87.2-microsoft-standard-WSL2-x86_64-with-glibc2.39
[0m15:20:41.476919 [info ] [MainThread]: Using profiles dir at /home/kwakut/.dbt
[0m15:20:41.477542 [info ] [MainThread]: Using profiles.yml file at /home/kwakut/.dbt/profiles.yml
[0m15:20:41.478180 [info ] [MainThread]: Using dbt_project.yml file at /home/kwakut/nyc-vehicle-collisions-project/dbt_nyc_vehicle_crashes/dbt_project.yml
[0m15:20:41.478935 [info ] [MainThread]: adapter type: bigquery
[0m15:20:41.479517 [info ] [MainThread]: adapter version: 1.11.1
[0m15:20:41.630048 [info ] [MainThread]: Configuration:
[0m15:20:41.630734 [info ] [MainThread]:   profiles.yml file [[32mOK found and valid[0m]
[0m15:20:41.631327 [info ] [MainThread]:   dbt_project.yml file [[32mOK found and valid[0m]
[0m15:20:41.631914 [info ] [MainThread]: Required dependencies:
[0m15:20:41.632503 [debug] [MainThread]: Executing "git --help"
[0m15:20:41.635800 [debug] [MainThread]: STDOUT: "b"usage: git [-v | --version] [-h | --help] [-C <path>] [-c <name>=<value>]\n           [--exec-path[=<path>]] [--html-path] [--man-path] [--info-path]\n           [-p | --paginate | -P | --no-pager] [--no-replace-objects] [--bare]\n           [--git-dir=<path>] [--work-tree=<path>] [--namespace=<name>]\n           [--config-env=<name>=<envvar>] <command> [<args>]\n\nThese are common Git commands used in various situations:\n\nstart a working area (see also: git help tutorial)\n   clone     Clone a repository into a new directory\n   init      Create an empty Git repository or reinitialize an existing one\n\nwork on the current change (see also: git help everyday)\n   add       Add file contents to the index\n   mv        Move or rename a file, a directory, or a symlink\n   restore   Restore working tree files\n   rm        Remove files from the working tree and from the index\n\nexamine the history and state (see also: git help revisions)\n   bisect    Use binary search to find the commit that introduced a bug\n   diff      Show changes between commits, commit and working tree, etc\n   grep      Print lines matching a pattern\n   log       Show commit logs\n   show      Show various types of objects\n   status    Show the working tree status\n\ngrow, mark and tweak your common history\n   branch    List, create, or delete branches\n   commit    Record changes to the repository\n   merge     Join two or more development histories together\n   rebase    Reapply commits on top of another base tip\n   reset     Reset current HEAD to the specified state\n   switch    Switch branches\n   tag       Create, list, delete or verify a tag object signed with GPG\n\ncollaborate (see also: git help workflows)\n   fetch     Download objects and refs from another repository\n   pull      Fetch from and integrate with another repository or a local branch\n   push      Update remote refs along with associated objects\n\n'git help -a' and 'git help -g' list available subcommands and some\nconcept guides. See 'git help <command>' or 'git help <concept>'\nto read about a specific subcommand or concept.\nSee 'git help git' for an overview of the system.\n""
[0m15:20:41.636348 [debug] [MainThread]: STDERR: "b''"
[0m15:20:41.637053 [info ] [MainThread]:  - git [[32mOK found[0m]

[0m15:20:41.637648 [info ] [MainThread]: Connection:
[0m15:20:41.638350 [info ] [MainThread]:   method: oauth
[0m15:20:41.639333 [info ] [MainThread]:   database: nyc-motor-vehicle-collision-12
[0m15:20:41.640288 [info ] [MainThread]:   execution_project: nyc-motor-vehicle-collision-12
[0m15:20:41.641065 [info ] [MainThread]:   schema: nyc_motor_vehicle_collision_dataset
[0m15:20:41.642000 [info ] [MainThread]:   location: US
[0m15:20:41.642822 [info ] [MainThread]:   priority: interactive
[0m15:20:41.644230 [info ] [MainThread]:   maximum_bytes_billed: None
[0m15:20:41.645313 [info ] [MainThread]:   impersonate_service_account: None
[0m15:20:41.646132 [info ] [MainThread]:   job_retry_deadline_seconds: None
[0m15:20:41.647060 [info ] [MainThread]:   job_retries: 1
[0m15:20:41.649035 [info ] [MainThread]:   job_creation_timeout_seconds: None
[0m15:20:41.651382 [info ] [MainThread]:   job_execution_timeout_seconds: 300
[0m15:20:41.652527 [info ] [MainThread]:   timeout_seconds: 300
[0m15:20:41.653322 [info ] [MainThread]:   client_id: None
[0m15:20:41.654641 [info ] [MainThread]:   token_uri: None
[0m15:20:41.655429 [info ] [MainThread]:   compute_region: None
[0m15:20:41.656258 [info ] [MainThread]:   dataproc_cluster_name: None
[0m15:20:41.657254 [info ] [MainThread]:   gcs_bucket: None
[0m15:20:41.658274 [info ] [MainThread]:   dataproc_batch: None
[0m15:20:41.659415 [info ] [MainThread]: Registered adapter: bigquery=1.11.1
[0m15:20:41.912591 [debug] [MainThread]: Acquiring new bigquery connection 'debug'
[0m15:20:41.913265 [debug] [MainThread]: On debug: select 1 as id
[0m15:20:41.913792 [debug] [MainThread]: Opening a new connection, currently in state init
[0m15:20:44.552068 [debug] [MainThread]: BigQuery adapter: https://console.cloud.google.com/bigquery?project=nyc-motor-vehicle-collision-12&j=bq:US:1fc2b75b-3f09-42bb-b826-1a689ecc2527&page=queryresults
[0m15:20:45.077752 [debug] [MainThread]: SQL status: OK in 0.523 seconds
[0m15:20:45.525510 [info ] [MainThread]:   Connection test: [[32mOK connection ok[0m]

[0m15:20:45.529093 [info ] [MainThread]: [32mAll checks passed![0m
[0m15:20:45.532577 [debug] [MainThread]: Resource report: {"command_name": "debug", "command_success": true, "command_wall_clock_time": 5.093973, "process_in_blocks": "0", "process_kernel_time": 0.56828, "process_mem_max_rss": "223008", "process_out_blocks": "24", "process_user_time": 3.34165}
[0m15:20:45.535639 [debug] [MainThread]: Command `dbt debug` succeeded at 15:20:45.534760 after 5.10 seconds
[0m15:20:45.538694 [debug] [MainThread]: Connection 'debug' was properly closed.
[0m15:20:45.541831 [debug] [MainThread]: Sending event: {'category': 'dbt', 'action': 'invocation', 'label': 'end', 'context': [<snowplow_tracker.self_describing_json.SelfDescribingJson object at 0x7bd7f61b33e0>, <snowplow_tracker.self_describing_json.SelfDescribingJson object at 0x7bd7d8ea8350>, <snowplow_tracker.self_describing_json.SelfDescribingJson object at 0x7bd7f47de0c0>]}
[0m15:20:45.543836 [debug] [MainThread]: Flushing usage events
[0m15:20:46.565332 [debug] [MainThread]: An error was encountered while trying to flush usage events
[0m15:20:56.829262 [debug] [MainThread]: Sending event: {'category': 'dbt', 'action': 'invocation', 'label': 'start', 'context': [<snowplow_tracker.self_describing_json.SelfDescribingJson object at 0x7a639a391c70>, <snowplow_tracker.self_describing_json.SelfDescribingJson object at 0x7a639a2dfe00>, <snowplow_tracker.self_describing_json.SelfDescribingJson object at 0x7a639bfdeba0>]}


============================== 15:20:56.835373 | d27870ec-1acc-41c8-94cd-71e490475872 ==============================
[0m15:20:56.835373 [info ] [MainThread]: Running with dbt=1.11.8
[0m15:20:56.836490 [debug] [MainThread]: running dbt with arguments {'cache_selected_only': 'False', 'profiles_dir': '/home/kwakut/.dbt', 'introspect': 'True', 'log_path': '/home/kwakut/nyc-vehicle-collisions-project/dbt_nyc_vehicle_crashes/logs', 'printer_width': '80', 'log_format': 'default', 'write_json': 'True', 'empty': 'False', 'send_anonymous_usage_stats': 'True', 'log_cache_events': 'False', 'use_experimental_parser': 'False', 'fail_fast': 'False', 'version_check': 'True', 'use_colors': 'True', 'static_parser': 'True', 'invocation_command': 'dbt run', 'partial_parse': 'True', 'target_path': 'None', 'debug': 'False', 'indirect_selection': 'eager', 'no_print': 'None', 'warn_error_options': 'WarnErrorOptionsV2(error=[], warn=[], silence=[])', 'warn_error': 'None', 'quiet': 'False'}
[0m15:20:57.889036 [debug] [MainThread]: Sending event: {'category': 'dbt', 'action': 'project_id', 'label': 'd27870ec-1acc-41c8-94cd-71e490475872', 'context': [<snowplow_tracker.self_describing_json.SelfDescribingJson object at 0x7a638179eba0>]}
[0m15:20:57.965704 [debug] [MainThread]: Sending event: {'category': 'dbt', 'action': 'adapter_info', 'label': 'd27870ec-1acc-41c8-94cd-71e490475872', 'context': [<snowplow_tracker.self_describing_json.SelfDescribingJson object at 0x7a639c789ca0>]}
[0m15:20:57.966580 [info ] [MainThread]: Registered adapter: bigquery=1.11.1
[0m15:20:58.122475 [debug] [MainThread]: checksum: 7d524ac048c2100769df89d592e662e060a73ca564e31bd9c2a37efdfe8d8ab6, vars: {}, profile: , target: , version: 1.11.8
[0m15:20:58.353997 [debug] [MainThread]: Partial parsing enabled: 0 files deleted, 0 files added, 1 files changed.
[0m15:20:58.355077 [debug] [MainThread]: Partial parsing: updated file: dbt_nyc_vehicle_crashes://models/mart/mart_monthly_crashes.sql
[0m15:20:58.683723 [debug] [MainThread]: Sending event: {'category': 'dbt', 'action': 'load_project', 'label': 'd27870ec-1acc-41c8-94cd-71e490475872', 'context': [<snowplow_tracker.self_describing_json.SelfDescribingJson object at 0x7a6380af2b10>]}
[0m15:20:58.792481 [debug] [MainThread]: Wrote artifact WritableManifest to /home/kwakut/nyc-vehicle-collisions-project/dbt_nyc_vehicle_crashes/target/manifest.json
[0m15:20:58.794959 [debug] [MainThread]: Wrote artifact SemanticManifest to /home/kwakut/nyc-vehicle-collisions-project/dbt_nyc_vehicle_crashes/target/semantic_manifest.json
[0m15:20:58.805009 [debug] [MainThread]: Sending event: {'category': 'dbt', 'action': 'resource_counts', 'label': 'd27870ec-1acc-41c8-94cd-71e490475872', 'context': [<snowplow_tracker.self_describing_json.SelfDescribingJson object at 0x7a63803edf40>]}
[0m15:20:58.805712 [info ] [MainThread]: Found 2 models, 2 data tests, 1 source, 539 macros
[0m15:20:58.806295 [debug] [MainThread]: Sending event: {'category': 'dbt', 'action': 'runnable_timing', 'label': 'd27870ec-1acc-41c8-94cd-71e490475872', 'context': [<snowplow_tracker.self_describing_json.SelfDescribingJson object at 0x7a63810ad8e0>]}
[0m15:20:58.808559 [info ] [MainThread]: 
[0m15:20:58.809231 [info ] [MainThread]: Concurrency: 1 threads (target='dev')
[0m15:20:58.809799 [info ] [MainThread]: 
[0m15:20:58.810765 [debug] [MainThread]: Acquiring new bigquery connection 'master'
[0m15:20:58.818732 [debug] [ThreadPool]: Acquiring new bigquery connection 'list_nyc-motor-vehicle-collision-12'
[0m15:20:58.819668 [debug] [ThreadPool]: Opening a new connection, currently in state init
[0m15:21:01.262813 [debug] [ThreadPool]: Opening a new connection, currently in state closed
[0m15:21:02.250316 [debug] [ThreadPool]: Re-using an available connection from the pool (formerly list_nyc-motor-vehicle-collision-12, now list_nyc-motor-vehicle-collision-12_nyc_motor_vehicle_collision_dataset_mart_monthly_crashes)
[0m15:21:02.253271 [debug] [ThreadPool]: Opening a new connection, currently in state closed
[0m15:21:03.183760 [debug] [ThreadPool]: Re-using an available connection from the pool (formerly list_nyc-motor-vehicle-collision-12_nyc_motor_vehicle_collision_dataset_mart_monthly_crashes, now list_nyc-motor-vehicle-collision-12_nyc_motor_vehicle_collision_dataset_stg_2025_nyc_crashes)
[0m15:21:03.186370 [debug] [ThreadPool]: Opening a new connection, currently in state closed
[0m15:21:04.101317 [debug] [MainThread]: Sending event: {'category': 'dbt', 'action': 'runnable_timing', 'label': 'd27870ec-1acc-41c8-94cd-71e490475872', 'context': [<snowplow_tracker.self_describing_json.SelfDescribingJson object at 0x7a639c6ec530>]}
[0m15:21:04.103889 [debug] [MainThread]: Opening a new connection, currently in state init
[0m15:21:04.128247 [debug] [Thread-1 (]: Began running node model.dbt_nyc_vehicle_crashes.stg_2025_nyc_crashes
[0m15:21:04.130968 [info ] [Thread-1 (]: 1 of 2 START sql table model nyc_motor_vehicle_collision_dataset_stg_2025_nyc_crashes.stg_2025_nyc_crashes  [RUN]
[0m15:21:04.133784 [debug] [Thread-1 (]: Re-using an available connection from the pool (formerly list_nyc-motor-vehicle-collision-12_nyc_motor_vehicle_collision_dataset_stg_2025_nyc_crashes, now model.dbt_nyc_vehicle_crashes.stg_2025_nyc_crashes)
[0m15:21:04.136055 [debug] [Thread-1 (]: Began compiling node model.dbt_nyc_vehicle_crashes.stg_2025_nyc_crashes
[0m15:21:04.165861 [debug] [Thread-1 (]: Writing injected SQL for node "model.dbt_nyc_vehicle_crashes.stg_2025_nyc_crashes"
[0m15:21:04.167831 [debug] [Thread-1 (]: Began executing node model.dbt_nyc_vehicle_crashes.stg_2025_nyc_crashes
[0m15:21:04.191432 [debug] [Thread-1 (]: Opening a new connection, currently in state closed
[0m15:21:05.191242 [debug] [Thread-1 (]: Writing runtime sql for node "model.dbt_nyc_vehicle_crashes.stg_2025_nyc_crashes"
[0m15:21:05.192379 [debug] [Thread-1 (]: On model.dbt_nyc_vehicle_crashes.stg_2025_nyc_crashes: /* {"app": "dbt", "dbt_version": "1.11.8", "profile_name": "dbt_nyc_vehicle_crashes", "target_name": "dev", "node_id": "model.dbt_nyc_vehicle_crashes.stg_2025_nyc_crashes"} */

  
    

    create or replace table `nyc-motor-vehicle-collision-12`.`nyc_motor_vehicle_collision_dataset_stg_2025_nyc_crashes`.`stg_2025_nyc_crashes`
      
    
    

    
    OPTIONS()
    as (
      WITH source AS (

    SELECT
        DATE(SUBSTR(crash_date, 1, 10)) AS crash_date,
        SAFE.PARSE_TIME('%H:%M', crash_time) AS crash_time,
        on_street_name,
        off_street_name,
        SAFE_CAST(number_of_persons_injured AS INT64) AS number_of_persons_injured,
        SAFE_CAST(number_of_persons_killed AS INT64) AS number_of_persons_killed,
        SAFE_CAST(number_of_pedestrians_injured AS INT64) AS number_of_pedestrians_injured,
        SAFE_CAST(number_of_pedestrians_killed AS INT64) AS number_of_pedestrians_killed,
        SAFE_CAST(number_of_cyclist_injured AS INT64) AS number_of_cyclist_injured,
        SAFE_CAST(number_of_cyclist_killed AS INT64) AS number_of_cyclist_killed,
        SAFE_CAST(number_of_motorist_injured AS INT64) AS number_of_motorist_injured,
        SAFE_CAST(number_of_motorist_killed AS INT64) AS number_of_motorist_killed,
        contributing_factor_vehicle_1,
        contributing_factor_vehicle_2,
        CAST(collision_id AS INT64) AS collision_id,
        vehicle_type_code1 AS vehicle_type_code_1,
        vehicle_type_code2 AS vehicle_type_code_2,
        borough,
        zip_code,
        SAFE_CAST(latitude AS FLOAT64) AS latitude,
        SAFE_CAST(longitude AS FLOAT64) AS longitude,
        location,
        contributing_factor_vehicle_3,
        vehicle_type_code_3,
        cross_street_name,
        contributing_factor_vehicle_4,
        vehicle_type_code_4,
        contributing_factor_vehicle_5,
        vehicle_type_code_5
    FROM `nyc-motor-vehicle-collision-12`.`nyc_motor_vehicle_collision_dataset`.`nyc_motor_crashes`
)
SELECT 
    *,
    current_timestamp() AS ingestion_timestamp 
FROM source
    );
  
[0m15:21:05.880306 [debug] [Thread-1 (]: BigQuery adapter: https://console.cloud.google.com/bigquery?project=nyc-motor-vehicle-collision-12&j=bq:US:7d19531a-4dc7-4d05-8134-2e3d62ad3d52&page=queryresults
[0m15:21:09.541779 [debug] [Thread-1 (]: SQL status: OK in 3.659 seconds
[0m15:21:10.068606 [debug] [Thread-1 (]: Sending event: {'category': 'dbt', 'action': 'run_model', 'label': 'd27870ec-1acc-41c8-94cd-71e490475872', 'context': [<snowplow_tracker.self_describing_json.SelfDescribingJson object at 0x7a639aa7e0f0>]}
[0m15:21:10.069798 [info ] [Thread-1 (]: 1 of 2 OK created sql table model nyc_motor_vehicle_collision_dataset_stg_2025_nyc_crashes.stg_2025_nyc_crashes  [[32mCREATE TABLE (85.5k rows, 21.4 MiB processed)[0m in 5.93s]
[0m15:21:10.070872 [debug] [Thread-1 (]: Finished running node model.dbt_nyc_vehicle_crashes.stg_2025_nyc_crashes
[0m15:21:10.072444 [debug] [Thread-1 (]: Began running node model.dbt_nyc_vehicle_crashes.mart_monthly_crashes
[0m15:21:10.073220 [info ] [Thread-1 (]: 2 of 2 START sql table model nyc_motor_vehicle_collision_dataset_mart_monthly_crashes.mart_monthly_crashes  [RUN]
[0m15:21:10.074013 [debug] [Thread-1 (]: Re-using an available connection from the pool (formerly model.dbt_nyc_vehicle_crashes.stg_2025_nyc_crashes, now model.dbt_nyc_vehicle_crashes.mart_monthly_crashes)
[0m15:21:10.074609 [debug] [Thread-1 (]: Began compiling node model.dbt_nyc_vehicle_crashes.mart_monthly_crashes
[0m15:21:10.081653 [debug] [Thread-1 (]: Writing injected SQL for node "model.dbt_nyc_vehicle_crashes.mart_monthly_crashes"
[0m15:21:10.083083 [debug] [Thread-1 (]: Began executing node model.dbt_nyc_vehicle_crashes.mart_monthly_crashes
[0m15:21:10.086455 [debug] [Thread-1 (]: Writing runtime sql for node "model.dbt_nyc_vehicle_crashes.mart_monthly_crashes"
[0m15:21:10.088223 [debug] [Thread-1 (]: On model.dbt_nyc_vehicle_crashes.mart_monthly_crashes: /* {"app": "dbt", "dbt_version": "1.11.8", "profile_name": "dbt_nyc_vehicle_crashes", "target_name": "dev", "node_id": "model.dbt_nyc_vehicle_crashes.mart_monthly_crashes"} */

  
    

    create or replace table `nyc-motor-vehicle-collision-12`.`nyc_motor_vehicle_collision_dataset_mart_monthly_crashes`.`mart_monthly_crashes`
      
    
    

    
    OPTIONS()
    as (
      # Monthly crashes in Nyc 

SELECT
  FORMAT_DATE('%B', crash_date) AS month_name,
  COUNT(crash_date) AS total_crashes
FROM
  `nyc-motor-vehicle-collision-12`.`nyc_motor_vehicle_collision_dataset_stg_2025_nyc_crashes`.`stg_2025_nyc_crashes`
GROUP BY month_name
ORDER BY COUNT(crash_date) DESC
    );
  
[0m15:21:10.089328 [debug] [Thread-1 (]: Opening a new connection, currently in state closed
[0m15:21:11.190606 [debug] [Thread-1 (]: BigQuery adapter: https://console.cloud.google.com/bigquery?project=nyc-motor-vehicle-collision-12&j=bq:US:beac36b0-8fa8-449e-bcdc-89632ae8cba4&page=queryresults
[0m15:21:23.258802 [debug] [Thread-1 (]: SQL status: OK in 12.066 seconds
[0m15:21:23.701950 [debug] [Thread-1 (]: Sending event: {'category': 'dbt', 'action': 'run_model', 'label': 'd27870ec-1acc-41c8-94cd-71e490475872', 'context': [<snowplow_tracker.self_describing_json.SelfDescribingJson object at 0x7a637b9ebbf0>]}
[0m15:21:23.705232 [info ] [Thread-1 (]: 2 of 2 OK created sql table model nyc_motor_vehicle_collision_dataset_mart_monthly_crashes.mart_monthly_crashes  [[32mCREATE TABLE (12.0 rows, 668.3 KiB processed)[0m in 13.63s]
[0m15:21:23.709543 [debug] [Thread-1 (]: Finished running node model.dbt_nyc_vehicle_crashes.mart_monthly_crashes
[0m15:21:23.720139 [debug] [MainThread]: Opening a new connection, currently in state closed
[0m15:21:23.724559 [debug] [MainThread]: Connection 'master' was properly closed.
[0m15:21:23.726802 [debug] [MainThread]: Connection 'model.dbt_nyc_vehicle_crashes.mart_monthly_crashes' was properly closed.
[0m15:21:23.729368 [info ] [MainThread]: 
[0m15:21:23.730565 [info ] [MainThread]: Finished running 2 table models in 0 hours 0 minutes and 24.92 seconds (24.92s).
[0m15:21:23.733127 [debug] [MainThread]: Command end result
[0m15:21:23.794767 [debug] [MainThread]: Wrote artifact WritableManifest to /home/kwakut/nyc-vehicle-collisions-project/dbt_nyc_vehicle_crashes/target/manifest.json
[0m15:21:23.797448 [debug] [MainThread]: Wrote artifact SemanticManifest to /home/kwakut/nyc-vehicle-collisions-project/dbt_nyc_vehicle_crashes/target/semantic_manifest.json
[0m15:21:23.807248 [debug] [MainThread]: Wrote artifact RunExecutionResult to /home/kwakut/nyc-vehicle-collisions-project/dbt_nyc_vehicle_crashes/target/run_results.json
[0m15:21:23.807880 [info ] [MainThread]: 
[0m15:21:23.808510 [info ] [MainThread]: [32mCompleted successfully[0m
[0m15:21:23.809062 [info ] [MainThread]: 
[0m15:21:23.809628 [info ] [MainThread]: Done. PASS=2 WARN=0 ERROR=0 SKIP=0 NO-OP=0 TOTAL=2
[0m15:21:23.810486 [debug] [MainThread]: Resource report: {"command_name": "run", "command_success": true, "command_wall_clock_time": 27.061209, "process_in_blocks": "0", "process_kernel_time": 0.640824, "process_mem_max_rss": "233232", "process_out_blocks": "3656", "process_user_time": 4.863894}
[0m15:21:23.811096 [debug] [MainThread]: Command `dbt run` succeeded at 15:21:23.810969 after 27.06 seconds
[0m15:21:23.811638 [debug] [MainThread]: Sending event: {'category': 'dbt', 'action': 'invocation', 'label': 'end', 'context': [<snowplow_tracker.self_describing_json.SelfDescribingJson object at 0x7a639a3b8320>, <snowplow_tracker.self_describing_json.SelfDescribingJson object at 0x7a6380940140>, <snowplow_tracker.self_describing_json.SelfDescribingJson object at 0x7a63805f7c80>]}
[0m15:21:23.812157 [debug] [MainThread]: Flushing usage events
[0m15:21:24.905178 [debug] [MainThread]: An error was encountered while trying to flush usage events
[0m17:31:47.628338 [debug] [MainThread]: Sending event: {'category': 'dbt', 'action': 'invocation', 'label': 'start', 'context': [<snowplow_tracker.self_describing_json.SelfDescribingJson object at 0x7fdf24b3eba0>, <snowplow_tracker.self_describing_json.SelfDescribingJson object at 0x7fdf249a0530>, <snowplow_tracker.self_describing_json.SelfDescribingJson object at 0x7fdf24b3f8f0>]}


============================== 17:31:47.634086 | 3f50b6ef-abc1-4702-ba17-75e66311a634 ==============================
[0m17:31:47.634086 [info ] [MainThread]: Running with dbt=1.11.8
[0m17:31:47.636059 [debug] [MainThread]: running dbt with arguments {'static_parser': 'True', 'quiet': 'False', 'version_check': 'True', 'partial_parse': 'True', 'target_path': 'None', 'fail_fast': 'False', 'empty': 'None', 'indirect_selection': 'eager', 'log_format': 'default', 'warn_error_options': 'WarnErrorOptionsV2(error=[], warn=[], silence=[])', 'introspect': 'True', 'warn_error': 'None', 'no_print': 'None', 'printer_width': '80', 'invocation_command': 'dbt debug', 'cache_selected_only': 'False', 'log_cache_events': 'False', 'use_experimental_parser': 'False', 'write_json': 'True', 'send_anonymous_usage_stats': 'True', 'debug': 'False', 'use_colors': 'True', 'log_path': '/home/kwakut/nyc-vehicle-collisions-project/dbt_nyc_vehicle_crashes/logs', 'profiles_dir': '/home/kwakut/.dbt'}
[0m17:31:47.656036 [info ] [MainThread]: dbt version: 1.11.8
[0m17:31:47.657118 [info ] [MainThread]: python version: 3.12.3
[0m17:31:47.658295 [info ] [MainThread]: python path: /home/kwakut/nyc-vehicle-collisions-project/dbt-env/bin/python3
[0m17:31:47.661130 [info ] [MainThread]: os info: Linux-6.6.87.2-microsoft-standard-WSL2-x86_64-with-glibc2.39
[0m17:31:49.252103 [info ] [MainThread]: Using profiles dir at /home/kwakut/.dbt
[0m17:31:49.253331 [info ] [MainThread]: Using profiles.yml file at /home/kwakut/.dbt/profiles.yml
[0m17:31:49.254547 [info ] [MainThread]: Using dbt_project.yml file at /home/kwakut/nyc-vehicle-collisions-project/dbt_nyc_vehicle_crashes/dbt_project.yml
[0m17:31:49.255628 [info ] [MainThread]: adapter type: bigquery
[0m17:31:49.256505 [info ] [MainThread]: adapter version: 1.11.1
[0m17:31:49.539449 [info ] [MainThread]: Configuration:
[0m17:31:49.540308 [info ] [MainThread]:   profiles.yml file [[32mOK found and valid[0m]
[0m17:31:49.541094 [info ] [MainThread]:   dbt_project.yml file [[32mOK found and valid[0m]
[0m17:31:49.541717 [info ] [MainThread]: Required dependencies:
[0m17:31:49.542473 [debug] [MainThread]: Executing "git --help"
[0m17:31:49.546621 [debug] [MainThread]: STDOUT: "b"usage: git [-v | --version] [-h | --help] [-C <path>] [-c <name>=<value>]\n           [--exec-path[=<path>]] [--html-path] [--man-path] [--info-path]\n           [-p | --paginate | -P | --no-pager] [--no-replace-objects] [--bare]\n           [--git-dir=<path>] [--work-tree=<path>] [--namespace=<name>]\n           [--config-env=<name>=<envvar>] <command> [<args>]\n\nThese are common Git commands used in various situations:\n\nstart a working area (see also: git help tutorial)\n   clone     Clone a repository into a new directory\n   init      Create an empty Git repository or reinitialize an existing one\n\nwork on the current change (see also: git help everyday)\n   add       Add file contents to the index\n   mv        Move or rename a file, a directory, or a symlink\n   restore   Restore working tree files\n   rm        Remove files from the working tree and from the index\n\nexamine the history and state (see also: git help revisions)\n   bisect    Use binary search to find the commit that introduced a bug\n   diff      Show changes between commits, commit and working tree, etc\n   grep      Print lines matching a pattern\n   log       Show commit logs\n   show      Show various types of objects\n   status    Show the working tree status\n\ngrow, mark and tweak your common history\n   branch    List, create, or delete branches\n   commit    Record changes to the repository\n   merge     Join two or more development histories together\n   rebase    Reapply commits on top of another base tip\n   reset     Reset current HEAD to the specified state\n   switch    Switch branches\n   tag       Create, list, delete or verify a tag object signed with GPG\n\ncollaborate (see also: git help workflows)\n   fetch     Download objects and refs from another repository\n   pull      Fetch from and integrate with another repository or a local branch\n   push      Update remote refs along with associated objects\n\n'git help -a' and 'git help -g' list available subcommands and some\nconcept guides. See 'git help <command>' or 'git help <concept>'\nto read about a specific subcommand or concept.\nSee 'git help git' for an overview of the system.\n""
[0m17:31:49.548174 [debug] [MainThread]: STDERR: "b''"
[0m17:31:49.549236 [info ] [MainThread]:  - git [[32mOK found[0m]

[0m17:31:49.550543 [info ] [MainThread]: Connection:
[0m17:31:49.551863 [info ] [MainThread]:   method: oauth
[0m17:31:49.552980 [info ] [MainThread]:   database: nyc-motor-vehicle-collision-12
[0m17:31:49.554010 [info ] [MainThread]:   execution_project: nyc-motor-vehicle-collision-12
[0m17:31:49.555037 [info ] [MainThread]:   schema: nyc_motor_vehicle_collision_dataset
[0m17:31:49.556205 [info ] [MainThread]:   location: US
[0m17:31:49.558356 [info ] [MainThread]:   priority: interactive
[0m17:31:49.560030 [info ] [MainThread]:   maximum_bytes_billed: None
[0m17:31:49.561039 [info ] [MainThread]:   impersonate_service_account: None
[0m17:31:49.562114 [info ] [MainThread]:   job_retry_deadline_seconds: None
[0m17:31:49.568034 [info ] [MainThread]:   job_retries: 1
[0m17:31:49.569465 [info ] [MainThread]:   job_creation_timeout_seconds: None
[0m17:31:49.570968 [info ] [MainThread]:   job_execution_timeout_seconds: 300
[0m17:31:49.572485 [info ] [MainThread]:   timeout_seconds: 300
[0m17:31:49.582123 [info ] [MainThread]:   client_id: None
[0m17:31:49.583426 [info ] [MainThread]:   token_uri: None
[0m17:31:49.584347 [info ] [MainThread]:   compute_region: None
[0m17:31:49.585506 [info ] [MainThread]:   dataproc_cluster_name: None
[0m17:31:49.586505 [info ] [MainThread]:   gcs_bucket: None
[0m17:31:49.587422 [info ] [MainThread]:   dataproc_batch: None
[0m17:31:49.588686 [info ] [MainThread]: Registered adapter: bigquery=1.11.1
[0m17:31:49.935800 [debug] [MainThread]: Acquiring new bigquery connection 'debug'
[0m17:31:49.936380 [debug] [MainThread]: On debug: select 1 as id
[0m17:31:49.937113 [debug] [MainThread]: Opening a new connection, currently in state init
[0m17:31:53.578947 [debug] [MainThread]: BigQuery adapter: https://console.cloud.google.com/bigquery?project=nyc-motor-vehicle-collision-12&j=bq:US:0de3585e-858e-4e2b-b35e-ca081fb03411&page=queryresults
[0m17:31:54.175113 [debug] [MainThread]: SQL status: OK in 0.594 seconds
[0m17:31:54.811883 [info ] [MainThread]:   Connection test: [[32mOK connection ok[0m]

[0m17:31:54.813106 [info ] [MainThread]: [32mAll checks passed![0m
[0m17:31:54.814745 [debug] [MainThread]: Resource report: {"command_name": "debug", "command_success": true, "command_wall_clock_time": 7.284817, "process_in_blocks": "16", "process_kernel_time": 1.009729, "process_mem_max_rss": "223132", "process_out_blocks": "24", "process_user_time": 5.27168}
[0m17:31:54.815988 [debug] [MainThread]: Command `dbt debug` succeeded at 17:31:54.815714 after 7.29 seconds
[0m17:31:54.816811 [debug] [MainThread]: Connection 'debug' was properly closed.
[0m17:31:54.817876 [debug] [MainThread]: Sending event: {'category': 'dbt', 'action': 'invocation', 'label': 'end', 'context': [<snowplow_tracker.self_describing_json.SelfDescribingJson object at 0x7fdf2414a000>, <snowplow_tracker.self_describing_json.SelfDescribingJson object at 0x7fdf26a539e0>, <snowplow_tracker.self_describing_json.SelfDescribingJson object at 0x7fdf075107a0>]}
[0m17:31:54.819016 [debug] [MainThread]: Flushing usage events
[0m17:31:56.341945 [debug] [MainThread]: An error was encountered while trying to flush usage events
[0m17:32:16.821926 [debug] [MainThread]: Sending event: {'category': 'dbt', 'action': 'invocation', 'label': 'start', 'context': [<snowplow_tracker.self_describing_json.SelfDescribingJson object at 0x79683da15d30>, <snowplow_tracker.self_describing_json.SelfDescribingJson object at 0x79683e0af860>, <snowplow_tracker.self_describing_json.SelfDescribingJson object at 0x7968401037a0>]}


============================== 17:32:16.830109 | 959e60a1-502b-476f-93cc-418c1a0e61ec ==============================
[0m17:32:16.830109 [info ] [MainThread]: Running with dbt=1.11.8
[0m17:32:16.831675 [debug] [MainThread]: running dbt with arguments {'static_parser': 'True', 'use_colors': 'True', 'partial_parse': 'True', 'fail_fast': 'False', 'use_experimental_parser': 'False', 'version_check': 'True', 'target_path': 'None', 'printer_width': '80', 'log_format': 'default', 'warn_error_options': 'WarnErrorOptionsV2(error=[], warn=[], silence=[])', 'warn_error': 'None', 'empty': 'False', 'no_print': 'None', 'cache_selected_only': 'False', 'write_json': 'True', 'profiles_dir': '/home/kwakut/.dbt', 'quiet': 'False', 'indirect_selection': 'eager', 'debug': 'False', 'log_cache_events': 'False', 'introspect': 'True', 'send_anonymous_usage_stats': 'True', 'log_path': '/home/kwakut/nyc-vehicle-collisions-project/dbt_nyc_vehicle_crashes/logs', 'invocation_command': 'dbt run'}
[0m17:32:19.011458 [debug] [MainThread]: Sending event: {'category': 'dbt', 'action': 'project_id', 'label': '959e60a1-502b-476f-93cc-418c1a0e61ec', 'context': [<snowplow_tracker.self_describing_json.SelfDescribingJson object at 0x79682407c4d0>]}
[0m17:32:19.198190 [debug] [MainThread]: Sending event: {'category': 'dbt', 'action': 'adapter_info', 'label': '959e60a1-502b-476f-93cc-418c1a0e61ec', 'context': [<snowplow_tracker.self_describing_json.SelfDescribingJson object at 0x7968244e1040>]}
[0m17:32:19.199261 [info ] [MainThread]: Registered adapter: bigquery=1.11.1
[0m17:32:19.462791 [debug] [MainThread]: checksum: 7d524ac048c2100769df89d592e662e060a73ca564e31bd9c2a37efdfe8d8ab6, vars: {}, profile: , target: , version: 1.11.8
[0m17:32:19.981679 [debug] [MainThread]: Partial parsing enabled: 0 files deleted, 0 files added, 0 files changed.
[0m17:32:19.982572 [debug] [MainThread]: Nothing changed, skipping partial parsing.
[0m17:32:19.983220 [debug] [MainThread]: Partial parsing enabled, no changes found, skipping parsing
[0m17:32:20.156294 [debug] [MainThread]: Sending event: {'category': 'dbt', 'action': 'load_project', 'label': '959e60a1-502b-476f-93cc-418c1a0e61ec', 'context': [<snowplow_tracker.self_describing_json.SelfDescribingJson object at 0x79682410e960>]}
[0m17:32:20.485062 [debug] [MainThread]: Wrote artifact WritableManifest to /home/kwakut/nyc-vehicle-collisions-project/dbt_nyc_vehicle_crashes/target/manifest.json
[0m17:32:20.499700 [debug] [MainThread]: Wrote artifact SemanticManifest to /home/kwakut/nyc-vehicle-collisions-project/dbt_nyc_vehicle_crashes/target/semantic_manifest.json
[0m17:32:20.535027 [debug] [MainThread]: Sending event: {'category': 'dbt', 'action': 'resource_counts', 'label': '959e60a1-502b-476f-93cc-418c1a0e61ec', 'context': [<snowplow_tracker.self_describing_json.SelfDescribingJson object at 0x79681fc644a0>]}
[0m17:32:20.536956 [info ] [MainThread]: Found 2 models, 2 data tests, 1 source, 539 macros
[0m17:32:20.538726 [debug] [MainThread]: Sending event: {'category': 'dbt', 'action': 'runnable_timing', 'label': '959e60a1-502b-476f-93cc-418c1a0e61ec', 'context': [<snowplow_tracker.self_describing_json.SelfDescribingJson object at 0x79681fa41580>]}
[0m17:32:20.544069 [info ] [MainThread]: 
[0m17:32:20.545391 [info ] [MainThread]: Concurrency: 1 threads (target='dev')
[0m17:32:20.546914 [info ] [MainThread]: 
[0m17:32:20.550229 [debug] [MainThread]: Acquiring new bigquery connection 'master'
[0m17:32:20.564638 [debug] [ThreadPool]: Acquiring new bigquery connection 'list_nyc-motor-vehicle-collision-12'
[0m17:32:20.568376 [debug] [ThreadPool]: Opening a new connection, currently in state init
[0m17:32:24.305644 [debug] [ThreadPool]: Opening a new connection, currently in state closed
[0m17:32:25.374480 [debug] [ThreadPool]: Re-using an available connection from the pool (formerly list_nyc-motor-vehicle-collision-12, now list_nyc-motor-vehicle-collision-12_nyc_motor_vehicle_collision_dataset_mart_monthly_crashes)
[0m17:32:25.382744 [debug] [ThreadPool]: Opening a new connection, currently in state closed
[0m17:32:26.553622 [debug] [ThreadPool]: Re-using an available connection from the pool (formerly list_nyc-motor-vehicle-collision-12_nyc_motor_vehicle_collision_dataset_mart_monthly_crashes, now list_nyc-motor-vehicle-collision-12_nyc_motor_vehicle_collision_dataset_stg_2025_nyc_crashes)
[0m17:32:26.562485 [debug] [ThreadPool]: Opening a new connection, currently in state closed
[0m17:32:27.988242 [debug] [MainThread]: Sending event: {'category': 'dbt', 'action': 'runnable_timing', 'label': '959e60a1-502b-476f-93cc-418c1a0e61ec', 'context': [<snowplow_tracker.self_describing_json.SelfDescribingJson object at 0x796824338ef0>]}
[0m17:32:27.992313 [debug] [MainThread]: Opening a new connection, currently in state init
[0m17:32:28.025246 [debug] [Thread-1 (]: Began running node model.dbt_nyc_vehicle_crashes.stg_2025_nyc_crashes
[0m17:32:28.030884 [info ] [Thread-1 (]: 1 of 2 START sql table model nyc_motor_vehicle_collision_dataset_stg_2025_nyc_crashes.stg_2025_nyc_crashes  [RUN]
[0m17:32:28.035249 [debug] [Thread-1 (]: Re-using an available connection from the pool (formerly list_nyc-motor-vehicle-collision-12_nyc_motor_vehicle_collision_dataset_stg_2025_nyc_crashes, now model.dbt_nyc_vehicle_crashes.stg_2025_nyc_crashes)
[0m17:32:28.045979 [debug] [Thread-1 (]: Began compiling node model.dbt_nyc_vehicle_crashes.stg_2025_nyc_crashes
[0m17:32:28.109425 [debug] [Thread-1 (]: Writing injected SQL for node "model.dbt_nyc_vehicle_crashes.stg_2025_nyc_crashes"
[0m17:32:28.111652 [debug] [Thread-1 (]: Began executing node model.dbt_nyc_vehicle_crashes.stg_2025_nyc_crashes
[0m17:32:28.141674 [debug] [Thread-1 (]: Opening a new connection, currently in state closed
[0m17:32:29.659645 [debug] [Thread-1 (]: Writing runtime sql for node "model.dbt_nyc_vehicle_crashes.stg_2025_nyc_crashes"
[0m17:32:29.661232 [debug] [Thread-1 (]: On model.dbt_nyc_vehicle_crashes.stg_2025_nyc_crashes: /* {"app": "dbt", "dbt_version": "1.11.8", "profile_name": "dbt_nyc_vehicle_crashes", "target_name": "dev", "node_id": "model.dbt_nyc_vehicle_crashes.stg_2025_nyc_crashes"} */

  
    

    create or replace table `nyc-motor-vehicle-collision-12`.`nyc_motor_vehicle_collision_dataset_stg_2025_nyc_crashes`.`stg_2025_nyc_crashes`
      
    
    

    
    OPTIONS()
    as (
      WITH source AS (

    SELECT
        DATE(SUBSTR(crash_date, 1, 10)) AS crash_date,
        SAFE.PARSE_TIME('%H:%M', crash_time) AS crash_time,
        on_street_name,
        off_street_name,
        SAFE_CAST(number_of_persons_injured AS INT64) AS number_of_persons_injured,
        SAFE_CAST(number_of_persons_killed AS INT64) AS number_of_persons_killed,
        SAFE_CAST(number_of_pedestrians_injured AS INT64) AS number_of_pedestrians_injured,
        SAFE_CAST(number_of_pedestrians_killed AS INT64) AS number_of_pedestrians_killed,
        SAFE_CAST(number_of_cyclist_injured AS INT64) AS number_of_cyclist_injured,
        SAFE_CAST(number_of_cyclist_killed AS INT64) AS number_of_cyclist_killed,
        SAFE_CAST(number_of_motorist_injured AS INT64) AS number_of_motorist_injured,
        SAFE_CAST(number_of_motorist_killed AS INT64) AS number_of_motorist_killed,
        contributing_factor_vehicle_1,
        contributing_factor_vehicle_2,
        CAST(collision_id AS INT64) AS collision_id,
        vehicle_type_code1 AS vehicle_type_code_1,
        vehicle_type_code2 AS vehicle_type_code_2,
        borough,
        zip_code,
        SAFE_CAST(latitude AS FLOAT64) AS latitude,
        SAFE_CAST(longitude AS FLOAT64) AS longitude,
        location,
        contributing_factor_vehicle_3,
        vehicle_type_code_3,
        cross_street_name,
        contributing_factor_vehicle_4,
        vehicle_type_code_4,
        contributing_factor_vehicle_5,
        vehicle_type_code_5
    FROM `nyc-motor-vehicle-collision-12`.`nyc_motor_vehicle_collision_dataset`.`nyc_motor_crashes`
)
SELECT 
    *,
    current_timestamp() AS ingestion_timestamp 
FROM source
    );
  
[0m17:32:30.666887 [debug] [Thread-1 (]: BigQuery adapter: https://console.cloud.google.com/bigquery?project=nyc-motor-vehicle-collision-12&j=bq:US:65d03673-d295-4965-8400-14ff918d065c&page=queryresults
[0m17:32:34.176871 [debug] [Thread-1 (]: SQL status: OK in 3.508 seconds
[0m17:32:35.448505 [debug] [Thread-1 (]: Sending event: {'category': 'dbt', 'action': 'run_model', 'label': '959e60a1-502b-476f-93cc-418c1a0e61ec', 'context': [<snowplow_tracker.self_describing_json.SelfDescribingJson object at 0x7968242b8860>]}
[0m17:32:35.453350 [info ] [Thread-1 (]: 1 of 2 OK created sql table model nyc_motor_vehicle_collision_dataset_stg_2025_nyc_crashes.stg_2025_nyc_crashes  [[32mCREATE TABLE (85.5k rows, 21.4 MiB processed)[0m in 7.40s]
[0m17:32:35.457933 [debug] [Thread-1 (]: Finished running node model.dbt_nyc_vehicle_crashes.stg_2025_nyc_crashes
[0m17:32:35.464318 [debug] [Thread-1 (]: Began running node model.dbt_nyc_vehicle_crashes.mart_monthly_crashes
[0m17:32:35.471736 [info ] [Thread-1 (]: 2 of 2 START sql table model nyc_motor_vehicle_collision_dataset_mart_monthly_crashes.mart_monthly_crashes  [RUN]
[0m17:32:35.481973 [debug] [Thread-1 (]: Re-using an available connection from the pool (formerly model.dbt_nyc_vehicle_crashes.stg_2025_nyc_crashes, now model.dbt_nyc_vehicle_crashes.mart_monthly_crashes)
[0m17:32:35.485596 [debug] [Thread-1 (]: Began compiling node model.dbt_nyc_vehicle_crashes.mart_monthly_crashes
[0m17:32:35.519037 [debug] [Thread-1 (]: Writing injected SQL for node "model.dbt_nyc_vehicle_crashes.mart_monthly_crashes"
[0m17:32:35.526579 [debug] [Thread-1 (]: Began executing node model.dbt_nyc_vehicle_crashes.mart_monthly_crashes
[0m17:32:35.563679 [debug] [Thread-1 (]: Opening a new connection, currently in state closed
[0m17:32:36.895568 [debug] [Thread-1 (]: Writing runtime sql for node "model.dbt_nyc_vehicle_crashes.mart_monthly_crashes"
[0m17:32:36.902009 [debug] [Thread-1 (]: On model.dbt_nyc_vehicle_crashes.mart_monthly_crashes: /* {"app": "dbt", "dbt_version": "1.11.8", "profile_name": "dbt_nyc_vehicle_crashes", "target_name": "dev", "node_id": "model.dbt_nyc_vehicle_crashes.mart_monthly_crashes"} */

  
    

    create or replace table `nyc-motor-vehicle-collision-12`.`nyc_motor_vehicle_collision_dataset_mart_monthly_crashes`.`mart_monthly_crashes`
      
    
    

    
    OPTIONS()
    as (
      # Monthly crashes in Nyc 

SELECT
  FORMAT_DATE('%B', crash_date) AS month_name,
  COUNT(crash_date) AS total_crashes
FROM
  `nyc-motor-vehicle-collision-12`.`nyc_motor_vehicle_collision_dataset_stg_2025_nyc_crashes`.`stg_2025_nyc_crashes`
GROUP BY month_name
ORDER BY COUNT(crash_date) DESC
    );
  
[0m17:32:37.516333 [debug] [Thread-1 (]: BigQuery adapter: https://console.cloud.google.com/bigquery?project=nyc-motor-vehicle-collision-12&j=bq:US:766d14cf-2e40-4e4f-84c5-e77c45d97214&page=queryresults
[0m17:32:39.591210 [debug] [Thread-1 (]: SQL status: OK in 2.072 seconds
[0m17:32:40.079998 [debug] [Thread-1 (]: Sending event: {'category': 'dbt', 'action': 'run_model', 'label': '959e60a1-502b-476f-93cc-418c1a0e61ec', 'context': [<snowplow_tracker.self_describing_json.SelfDescribingJson object at 0x79681d717650>]}
[0m17:32:40.083460 [info ] [Thread-1 (]: 2 of 2 OK created sql table model nyc_motor_vehicle_collision_dataset_mart_monthly_crashes.mart_monthly_crashes  [[32mCREATE TABLE (12.0 rows, 668.3 KiB processed)[0m in 4.60s]
[0m17:32:40.086860 [debug] [Thread-1 (]: Finished running node model.dbt_nyc_vehicle_crashes.mart_monthly_crashes
[0m17:32:40.096275 [debug] [MainThread]: Opening a new connection, currently in state closed
[0m17:32:40.110999 [debug] [MainThread]: Connection 'master' was properly closed.
[0m17:32:40.114239 [debug] [MainThread]: Connection 'model.dbt_nyc_vehicle_crashes.mart_monthly_crashes' was properly closed.
[0m17:32:40.118906 [info ] [MainThread]: 
[0m17:32:40.123608 [info ] [MainThread]: Finished running 2 table models in 0 hours 0 minutes and 19.57 seconds (19.57s).
[0m17:32:40.141147 [debug] [MainThread]: Command end result
[0m17:32:40.335504 [debug] [MainThread]: Wrote artifact WritableManifest to /home/kwakut/nyc-vehicle-collisions-project/dbt_nyc_vehicle_crashes/target/manifest.json
[0m17:32:40.339668 [debug] [MainThread]: Wrote artifact SemanticManifest to /home/kwakut/nyc-vehicle-collisions-project/dbt_nyc_vehicle_crashes/target/semantic_manifest.json
[0m17:32:40.358197 [debug] [MainThread]: Wrote artifact RunExecutionResult to /home/kwakut/nyc-vehicle-collisions-project/dbt_nyc_vehicle_crashes/target/run_results.json
[0m17:32:40.360337 [info ] [MainThread]: 
[0m17:32:40.362507 [info ] [MainThread]: [32mCompleted successfully[0m
[0m17:32:40.363978 [info ] [MainThread]: 
[0m17:32:40.365193 [info ] [MainThread]: Done. PASS=2 WARN=0 ERROR=0 SKIP=0 NO-OP=0 TOTAL=2
[0m17:32:40.366500 [debug] [MainThread]: Resource report: {"command_name": "run", "command_success": true, "command_wall_clock_time": 23.638134, "process_in_blocks": "3664", "process_kernel_time": 1.602764, "process_mem_max_rss": "230116", "process_out_blocks": "2496", "process_user_time": 8.605172}
[0m17:32:40.367508 [debug] [MainThread]: Command `dbt run` succeeded at 17:32:40.367215 after 23.64 seconds
[0m17:32:40.368289 [debug] [MainThread]: Sending event: {'category': 'dbt', 'action': 'invocation', 'label': 'end', 'context': [<snowplow_tracker.self_describing_json.SelfDescribingJson object at 0x79683d260500>, <snowplow_tracker.self_describing_json.SelfDescribingJson object at 0x79683e1dbe30>, <snowplow_tracker.self_describing_json.SelfDescribingJson object at 0x79683e150b90>]}
[0m17:32:40.369044 [debug] [MainThread]: Flushing usage events
[0m17:32:41.802602 [debug] [MainThread]: An error was encountered while trying to flush usage events
[0m21:39:05.722092 [debug] [MainThread]: Sending event: {'category': 'dbt', 'action': 'invocation', 'label': 'start', 'context': [<snowplow_tracker.self_describing_json.SelfDescribingJson object at 0x7c80f1267590>, <snowplow_tracker.self_describing_json.SelfDescribingJson object at 0x7c80f0852180>, <snowplow_tracker.self_describing_json.SelfDescribingJson object at 0x7c80f04b9520>]}


============================== 21:39:05.737198 | 0add461f-f90b-4fb3-8b00-b101a5b08b13 ==============================
[0m21:39:05.737198 [info ] [MainThread]: Running with dbt=1.11.8
[0m21:39:05.738927 [debug] [MainThread]: running dbt with arguments {'target_path': 'None', 'warn_error': 'None', 'fail_fast': 'False', 'invocation_command': 'dbt debug', 'partial_parse': 'True', 'warn_error_options': 'WarnErrorOptionsV2(error=[], warn=[], silence=[])', 'introspect': 'True', 'send_anonymous_usage_stats': 'True', 'indirect_selection': 'eager', 'write_json': 'True', 'static_parser': 'True', 'cache_selected_only': 'False', 'log_cache_events': 'False', 'version_check': 'True', 'quiet': 'False', 'profiles_dir': '/home/kwakut/.dbt', 'use_experimental_parser': 'False', 'debug': 'False', 'no_print': 'None', 'empty': 'None', 'log_path': '/home/kwakut/nyc-vehicle-collisions-project/dbt_nyc_vehicle_crashes/logs', 'printer_width': '80', 'log_format': 'default', 'use_colors': 'True'}
[0m21:39:05.777885 [info ] [MainThread]: dbt version: 1.11.8
[0m21:39:05.779008 [info ] [MainThread]: python version: 3.12.3
[0m21:39:05.779915 [info ] [MainThread]: python path: /home/kwakut/nyc-vehicle-collisions-project/dbt-env/bin/python3
[0m21:39:05.783361 [info ] [MainThread]: os info: Linux-6.6.87.2-microsoft-standard-WSL2-x86_64-with-glibc2.39
[0m21:39:09.276792 [info ] [MainThread]: Using profiles dir at /home/kwakut/.dbt
[0m21:39:09.277635 [info ] [MainThread]: Using profiles.yml file at /home/kwakut/.dbt/profiles.yml
[0m21:39:09.278488 [info ] [MainThread]: Using dbt_project.yml file at /home/kwakut/nyc-vehicle-collisions-project/dbt_nyc_vehicle_crashes/dbt_project.yml
[0m21:39:09.279301 [info ] [MainThread]: adapter type: bigquery
[0m21:39:09.280198 [info ] [MainThread]: adapter version: 1.11.1
[0m21:39:09.478410 [info ] [MainThread]: Configuration:
[0m21:39:09.479719 [info ] [MainThread]:   profiles.yml file [[32mOK found and valid[0m]
[0m21:39:09.481221 [info ] [MainThread]:   dbt_project.yml file [[32mOK found and valid[0m]
[0m21:39:09.482595 [info ] [MainThread]: Required dependencies:
[0m21:39:09.484036 [debug] [MainThread]: Executing "git --help"
[0m21:39:09.494902 [debug] [MainThread]: STDOUT: "b"usage: git [-v | --version] [-h | --help] [-C <path>] [-c <name>=<value>]\n           [--exec-path[=<path>]] [--html-path] [--man-path] [--info-path]\n           [-p | --paginate | -P | --no-pager] [--no-replace-objects] [--bare]\n           [--git-dir=<path>] [--work-tree=<path>] [--namespace=<name>]\n           [--config-env=<name>=<envvar>] <command> [<args>]\n\nThese are common Git commands used in various situations:\n\nstart a working area (see also: git help tutorial)\n   clone     Clone a repository into a new directory\n   init      Create an empty Git repository or reinitialize an existing one\n\nwork on the current change (see also: git help everyday)\n   add       Add file contents to the index\n   mv        Move or rename a file, a directory, or a symlink\n   restore   Restore working tree files\n   rm        Remove files from the working tree and from the index\n\nexamine the history and state (see also: git help revisions)\n   bisect    Use binary search to find the commit that introduced a bug\n   diff      Show changes between commits, commit and working tree, etc\n   grep      Print lines matching a pattern\n   log       Show commit logs\n   show      Show various types of objects\n   status    Show the working tree status\n\ngrow, mark and tweak your common history\n   branch    List, create, or delete branches\n   commit    Record changes to the repository\n   merge     Join two or more development histories together\n   rebase    Reapply commits on top of another base tip\n   reset     Reset current HEAD to the specified state\n   switch    Switch branches\n   tag       Create, list, delete or verify a tag object signed with GPG\n\ncollaborate (see also: git help workflows)\n   fetch     Download objects and refs from another repository\n   pull      Fetch from and integrate with another repository or a local branch\n   push      Update remote refs along with associated objects\n\n'git help -a' and 'git help -g' list available subcommands and some\nconcept guides. See 'git help <command>' or 'git help <concept>'\nto read about a specific subcommand or concept.\nSee 'git help git' for an overview of the system.\n""
[0m21:39:09.497134 [debug] [MainThread]: STDERR: "b''"
[0m21:39:09.498151 [info ] [MainThread]:  - git [[32mOK found[0m]

[0m21:39:09.499785 [info ] [MainThread]: Connection:
[0m21:39:09.501461 [info ] [MainThread]:   method: oauth
[0m21:39:09.503191 [info ] [MainThread]:   database: nyc-motor-vehicle-collision-12
[0m21:39:09.504636 [info ] [MainThread]:   execution_project: nyc-motor-vehicle-collision-12
[0m21:39:09.505981 [info ] [MainThread]:   schema: nyc_motor_vehicle_collision_dataset
[0m21:39:09.508053 [info ] [MainThread]:   location: US
[0m21:39:09.517307 [info ] [MainThread]:   priority: interactive
[0m21:39:09.519009 [info ] [MainThread]:   maximum_bytes_billed: None
[0m21:39:09.520663 [info ] [MainThread]:   impersonate_service_account: None
[0m21:39:09.522135 [info ] [MainThread]:   job_retry_deadline_seconds: None
[0m21:39:09.523827 [info ] [MainThread]:   job_retries: 1
[0m21:39:09.525268 [info ] [MainThread]:   job_creation_timeout_seconds: None
[0m21:39:09.527133 [info ] [MainThread]:   job_execution_timeout_seconds: 300
[0m21:39:09.537685 [info ] [MainThread]:   timeout_seconds: 300
[0m21:39:09.539342 [info ] [MainThread]:   client_id: None
[0m21:39:09.541008 [info ] [MainThread]:   token_uri: None
[0m21:39:09.542573 [info ] [MainThread]:   compute_region: None
[0m21:39:09.544215 [info ] [MainThread]:   dataproc_cluster_name: None
[0m21:39:09.545824 [info ] [MainThread]:   gcs_bucket: None
[0m21:39:09.547447 [info ] [MainThread]:   dataproc_batch: None
[0m21:39:09.559930 [info ] [MainThread]: Registered adapter: bigquery=1.11.1
[0m21:39:09.779722 [debug] [MainThread]: Acquiring new bigquery connection 'debug'
[0m21:39:09.780569 [debug] [MainThread]: On debug: select 1 as id
[0m21:39:09.781606 [debug] [MainThread]: Opening a new connection, currently in state init
[0m21:41:00.302070 [debug] [MainThread]: BigQuery adapter: https://console.cloud.google.com/bigquery?project=nyc-motor-vehicle-collision-12&j=bq:US:115017e4-1ece-46ab-9b36-d9615bd212ce&page=queryresults
[0m21:41:01.116612 [debug] [MainThread]: SQL status: OK in 0.813 seconds
[0m21:41:02.271265 [info ] [MainThread]:   Connection test: [[32mOK connection ok[0m]

[0m21:41:02.272573 [info ] [MainThread]: [32mAll checks passed![0m
[0m21:41:02.284434 [debug] [MainThread]: Resource report: {"command_name": "debug", "command_success": true, "command_wall_clock_time": 116.65781, "process_in_blocks": "0", "process_kernel_time": 4.353491, "process_mem_max_rss": "222996", "process_out_blocks": "32", "process_user_time": 8.183817}
[0m21:41:02.286127 [debug] [MainThread]: Command `dbt debug` succeeded at 21:41:02.285745 after 116.67 seconds
[0m21:41:02.287305 [debug] [MainThread]: Connection 'debug' was properly closed.
[0m21:41:02.288716 [debug] [MainThread]: Sending event: {'category': 'dbt', 'action': 'invocation', 'label': 'end', 'context': [<snowplow_tracker.self_describing_json.SelfDescribingJson object at 0x7c80f322fa40>, <snowplow_tracker.self_describing_json.SelfDescribingJson object at 0x7c80d300b7a0>, <snowplow_tracker.self_describing_json.SelfDescribingJson object at 0x7c80d830a840>]}
[0m21:41:02.301224 [debug] [MainThread]: Flushing usage events
[0m21:41:06.458806 [debug] [MainThread]: An error was encountered while trying to flush usage events
[0m21:43:52.248751 [debug] [MainThread]: Sending event: {'category': 'dbt', 'action': 'invocation', 'label': 'start', 'context': [<snowplow_tracker.self_describing_json.SelfDescribingJson object at 0x7e427fa2d0a0>, <snowplow_tracker.self_describing_json.SelfDescribingJson object at 0x7e427f995550>, <snowplow_tracker.self_describing_json.SelfDescribingJson object at 0x7e4280449970>]}


============================== 21:43:52.258221 | b11bcce6-4b53-43ab-9aa0-95ada1716987 ==============================
[0m21:43:52.258221 [info ] [MainThread]: Running with dbt=1.11.8
[0m21:43:52.260475 [debug] [MainThread]: running dbt with arguments {'log_format': 'default', 'static_parser': 'True', 'empty': 'False', 'send_anonymous_usage_stats': 'True', 'quiet': 'False', 'use_colors': 'True', 'introspect': 'True', 'debug': 'False', 'fail_fast': 'False', 'partial_parse': 'True', 'target_path': 'None', 'printer_width': '80', 'profiles_dir': '/home/kwakut/.dbt', 'indirect_selection': 'eager', 'version_check': 'True', 'invocation_command': 'dbt run', 'write_json': 'True', 'warn_error': 'None', 'log_cache_events': 'False', 'use_experimental_parser': 'False', 'log_path': '/home/kwakut/nyc-vehicle-collisions-project/dbt_nyc_vehicle_crashes/logs', 'no_print': 'None', 'warn_error_options': 'WarnErrorOptionsV2(error=[], warn=[], silence=[])', 'cache_selected_only': 'False'}
[0m21:43:54.726744 [debug] [MainThread]: Sending event: {'category': 'dbt', 'action': 'project_id', 'label': 'b11bcce6-4b53-43ab-9aa0-95ada1716987', 'context': [<snowplow_tracker.self_describing_json.SelfDescribingJson object at 0x7e4261ffe990>]}
[0m21:43:54.885783 [debug] [MainThread]: Sending event: {'category': 'dbt', 'action': 'adapter_info', 'label': 'b11bcce6-4b53-43ab-9aa0-95ada1716987', 'context': [<snowplow_tracker.self_describing_json.SelfDescribingJson object at 0x7e427f3c43e0>]}
[0m21:43:54.887660 [info ] [MainThread]: Registered adapter: bigquery=1.11.1
[0m21:43:55.245083 [debug] [MainThread]: checksum: 7d524ac048c2100769df89d592e662e060a73ca564e31bd9c2a37efdfe8d8ab6, vars: {}, profile: , target: , version: 1.11.8
[0m21:43:55.704824 [debug] [MainThread]: Partial parsing enabled: 0 files deleted, 0 files added, 0 files changed.
[0m21:43:55.705830 [debug] [MainThread]: Nothing changed, skipping partial parsing.
[0m21:43:55.706681 [debug] [MainThread]: Partial parsing enabled, no changes found, skipping parsing
[0m21:43:55.817841 [debug] [MainThread]: Sending event: {'category': 'dbt', 'action': 'load_project', 'label': 'b11bcce6-4b53-43ab-9aa0-95ada1716987', 'context': [<snowplow_tracker.self_describing_json.SelfDescribingJson object at 0x7e4261e9a630>]}
[0m21:43:56.149137 [debug] [MainThread]: Wrote artifact WritableManifest to /home/kwakut/nyc-vehicle-collisions-project/dbt_nyc_vehicle_crashes/target/manifest.json
[0m21:43:56.156136 [debug] [MainThread]: Wrote artifact SemanticManifest to /home/kwakut/nyc-vehicle-collisions-project/dbt_nyc_vehicle_crashes/target/semantic_manifest.json
[0m21:43:56.185999 [debug] [MainThread]: Sending event: {'category': 'dbt', 'action': 'resource_counts', 'label': 'b11bcce6-4b53-43ab-9aa0-95ada1716987', 'context': [<snowplow_tracker.self_describing_json.SelfDescribingJson object at 0x7e4261c906b0>]}
[0m21:43:56.187397 [info ] [MainThread]: Found 2 models, 2 data tests, 1 source, 539 macros
[0m21:43:56.188485 [debug] [MainThread]: Sending event: {'category': 'dbt', 'action': 'runnable_timing', 'label': 'b11bcce6-4b53-43ab-9aa0-95ada1716987', 'context': [<snowplow_tracker.self_describing_json.SelfDescribingJson object at 0x7e42627fe060>]}
[0m21:43:56.192914 [info ] [MainThread]: 
[0m21:43:56.194188 [info ] [MainThread]: Concurrency: 1 threads (target='dev')
[0m21:43:56.195369 [info ] [MainThread]: 
[0m21:43:56.198171 [debug] [MainThread]: Acquiring new bigquery connection 'master'
[0m21:43:56.214414 [debug] [ThreadPool]: Acquiring new bigquery connection 'list_nyc-motor-vehicle-collision-12'
[0m21:43:56.217062 [debug] [ThreadPool]: Opening a new connection, currently in state init
[0m21:44:02.932942 [debug] [ThreadPool]: Opening a new connection, currently in state closed
[0m21:44:05.491310 [debug] [ThreadPool]: Re-using an available connection from the pool (formerly list_nyc-motor-vehicle-collision-12, now list_nyc-motor-vehicle-collision-12_nyc_motor_vehicle_collision_dataset_mart_monthly_crashes)
[0m21:44:05.493702 [debug] [ThreadPool]: Opening a new connection, currently in state closed
[0m21:44:07.974906 [debug] [ThreadPool]: Re-using an available connection from the pool (formerly list_nyc-motor-vehicle-collision-12_nyc_motor_vehicle_collision_dataset_mart_monthly_crashes, now list_nyc-motor-vehicle-collision-12_nyc_motor_vehicle_collision_dataset_stg_2025_nyc_crashes)
[0m21:44:07.978413 [debug] [ThreadPool]: Opening a new connection, currently in state closed
[0m21:44:10.506894 [debug] [MainThread]: Sending event: {'category': 'dbt', 'action': 'runnable_timing', 'label': 'b11bcce6-4b53-43ab-9aa0-95ada1716987', 'context': [<snowplow_tracker.self_describing_json.SelfDescribingJson object at 0x7e4281d402c0>]}
[0m21:44:10.511163 [debug] [MainThread]: Opening a new connection, currently in state init
[0m21:44:10.533198 [debug] [Thread-1 (]: Began running node model.dbt_nyc_vehicle_crashes.stg_2025_nyc_crashes
[0m21:44:10.536462 [info ] [Thread-1 (]: 1 of 2 START sql table model nyc_motor_vehicle_collision_dataset_stg_2025_nyc_crashes.stg_2025_nyc_crashes  [RUN]
[0m21:44:10.540038 [debug] [Thread-1 (]: Re-using an available connection from the pool (formerly list_nyc-motor-vehicle-collision-12_nyc_motor_vehicle_collision_dataset_stg_2025_nyc_crashes, now model.dbt_nyc_vehicle_crashes.stg_2025_nyc_crashes)
[0m21:44:10.543732 [debug] [Thread-1 (]: Began compiling node model.dbt_nyc_vehicle_crashes.stg_2025_nyc_crashes
[0m21:44:10.633016 [debug] [Thread-1 (]: Writing injected SQL for node "model.dbt_nyc_vehicle_crashes.stg_2025_nyc_crashes"
[0m21:44:10.640059 [debug] [Thread-1 (]: Began executing node model.dbt_nyc_vehicle_crashes.stg_2025_nyc_crashes
[0m21:44:10.829142 [debug] [Thread-1 (]: Writing runtime sql for node "model.dbt_nyc_vehicle_crashes.stg_2025_nyc_crashes"
[0m21:44:10.831594 [debug] [Thread-1 (]: On model.dbt_nyc_vehicle_crashes.stg_2025_nyc_crashes: /* {"app": "dbt", "dbt_version": "1.11.8", "profile_name": "dbt_nyc_vehicle_crashes", "target_name": "dev", "node_id": "model.dbt_nyc_vehicle_crashes.stg_2025_nyc_crashes"} */

  
    

    create or replace table `nyc-motor-vehicle-collision-12`.`nyc_motor_vehicle_collision_dataset_stg_2025_nyc_crashes`.`stg_2025_nyc_crashes`
      
    
    

    
    OPTIONS()
    as (
      WITH source AS (

    SELECT
        DATE(SUBSTR(crash_date, 1, 10)) AS crash_date,
        SAFE.PARSE_TIME('%H:%M', crash_time) AS crash_time,
        on_street_name,
        off_street_name,
        SAFE_CAST(number_of_persons_injured AS INT64) AS number_of_persons_injured,
        SAFE_CAST(number_of_persons_killed AS INT64) AS number_of_persons_killed,
        SAFE_CAST(number_of_pedestrians_injured AS INT64) AS number_of_pedestrians_injured,
        SAFE_CAST(number_of_pedestrians_killed AS INT64) AS number_of_pedestrians_killed,
        SAFE_CAST(number_of_cyclist_injured AS INT64) AS number_of_cyclist_injured,
        SAFE_CAST(number_of_cyclist_killed AS INT64) AS number_of_cyclist_killed,
        SAFE_CAST(number_of_motorist_injured AS INT64) AS number_of_motorist_injured,
        SAFE_CAST(number_of_motorist_killed AS INT64) AS number_of_motorist_killed,
        contributing_factor_vehicle_1,
        contributing_factor_vehicle_2,
        CAST(collision_id AS INT64) AS collision_id,
        vehicle_type_code1 AS vehicle_type_code_1,
        vehicle_type_code2 AS vehicle_type_code_2,
        borough,
        zip_code,
        SAFE_CAST(latitude AS FLOAT64) AS latitude,
        SAFE_CAST(longitude AS FLOAT64) AS longitude,
        location,
        contributing_factor_vehicle_3,
        vehicle_type_code_3,
        cross_street_name,
        contributing_factor_vehicle_4,
        vehicle_type_code_4,
        contributing_factor_vehicle_5,
        vehicle_type_code_5
    FROM `nyc-motor-vehicle-collision-12`.`nyc_motor_vehicle_collision_dataset`.`nyc_motor_crashes`
)
SELECT 
    *,
    current_timestamp() AS ingestion_timestamp 
FROM source
    );
  
[0m21:44:10.832914 [debug] [Thread-1 (]: Opening a new connection, currently in state closed
[0m21:44:13.472792 [debug] [Thread-1 (]: BigQuery adapter: https://console.cloud.google.com/bigquery?project=nyc-motor-vehicle-collision-12&j=bq:US:3b206fab-b83e-492f-8118-b376313cc577&page=queryresults
[0m21:44:25.255219 [debug] [Thread-1 (]: SQL status: OK in 11.780 seconds
[0m21:44:26.368462 [debug] [Thread-1 (]: Sending event: {'category': 'dbt', 'action': 'run_model', 'label': 'b11bcce6-4b53-43ab-9aa0-95ada1716987', 'context': [<snowplow_tracker.self_describing_json.SelfDescribingJson object at 0x7e4253674680>]}
[0m21:44:26.372140 [info ] [Thread-1 (]: 1 of 2 OK created sql table model nyc_motor_vehicle_collision_dataset_stg_2025_nyc_crashes.stg_2025_nyc_crashes  [[32mCREATE TABLE (85.5k rows, 21.4 MiB processed)[0m in 15.82s]
[0m21:44:26.375709 [debug] [Thread-1 (]: Finished running node model.dbt_nyc_vehicle_crashes.stg_2025_nyc_crashes
[0m21:44:26.380676 [debug] [Thread-1 (]: Began running node model.dbt_nyc_vehicle_crashes.mart_monthly_crashes
[0m21:44:26.387783 [info ] [Thread-1 (]: 2 of 2 START sql table model nyc_motor_vehicle_collision_dataset_mart_monthly_crashes.mart_monthly_crashes  [RUN]
[0m21:44:26.391538 [debug] [Thread-1 (]: Re-using an available connection from the pool (formerly model.dbt_nyc_vehicle_crashes.stg_2025_nyc_crashes, now model.dbt_nyc_vehicle_crashes.mart_monthly_crashes)
[0m21:44:26.394130 [debug] [Thread-1 (]: Began compiling node model.dbt_nyc_vehicle_crashes.mart_monthly_crashes
[0m21:44:26.424559 [debug] [Thread-1 (]: Writing injected SQL for node "model.dbt_nyc_vehicle_crashes.mart_monthly_crashes"
[0m21:44:26.432063 [debug] [Thread-1 (]: Began executing node model.dbt_nyc_vehicle_crashes.mart_monthly_crashes
[0m21:44:26.442413 [debug] [Thread-1 (]: Opening a new connection, currently in state closed
[0m21:44:28.937721 [debug] [Thread-1 (]: Writing runtime sql for node "model.dbt_nyc_vehicle_crashes.mart_monthly_crashes"
[0m21:44:28.951544 [debug] [Thread-1 (]: On model.dbt_nyc_vehicle_crashes.mart_monthly_crashes: /* {"app": "dbt", "dbt_version": "1.11.8", "profile_name": "dbt_nyc_vehicle_crashes", "target_name": "dev", "node_id": "model.dbt_nyc_vehicle_crashes.mart_monthly_crashes"} */

  
    

    create or replace table `nyc-motor-vehicle-collision-12`.`nyc_motor_vehicle_collision_dataset_mart_monthly_crashes`.`mart_monthly_crashes`
      
    
    

    
    OPTIONS()
    as (
      # Monthly crashes in Nyc 

SELECT
  FORMAT_DATE('%B', crash_date) AS month_name,
  COUNT(crash_date) AS total_crashes
FROM
  `nyc-motor-vehicle-collision-12`.`nyc_motor_vehicle_collision_dataset_stg_2025_nyc_crashes`.`stg_2025_nyc_crashes`
GROUP BY month_name
ORDER BY COUNT(crash_date) DESC
    );
  
[0m21:44:30.063076 [debug] [Thread-1 (]: BigQuery adapter: https://console.cloud.google.com/bigquery?project=nyc-motor-vehicle-collision-12&j=bq:US:e4956efc-3b6f-40f5-b803-a44af0644326&page=queryresults
[0m21:44:33.073787 [debug] [Thread-1 (]: SQL status: OK in 3.008 seconds
[0m21:44:34.895612 [debug] [Thread-1 (]: Sending event: {'category': 'dbt', 'action': 'run_model', 'label': 'b11bcce6-4b53-43ab-9aa0-95ada1716987', 'context': [<snowplow_tracker.self_describing_json.SelfDescribingJson object at 0x7e425365b1d0>]}
[0m21:44:34.899809 [info ] [Thread-1 (]: 2 of 2 OK created sql table model nyc_motor_vehicle_collision_dataset_mart_monthly_crashes.mart_monthly_crashes  [[32mCREATE TABLE (12.0 rows, 668.3 KiB processed)[0m in 8.50s]
[0m21:44:34.904460 [debug] [Thread-1 (]: Finished running node model.dbt_nyc_vehicle_crashes.mart_monthly_crashes
[0m21:44:34.918698 [debug] [MainThread]: Opening a new connection, currently in state closed
[0m21:44:34.924771 [debug] [MainThread]: Connection 'master' was properly closed.
[0m21:44:34.929031 [debug] [MainThread]: Connection 'model.dbt_nyc_vehicle_crashes.mart_monthly_crashes' was properly closed.
[0m21:44:34.933511 [info ] [MainThread]: 
[0m21:44:34.942031 [info ] [MainThread]: Finished running 2 table models in 0 hours 0 minutes and 38.74 seconds (38.74s).
[0m21:44:34.949699 [debug] [MainThread]: Command end result
[0m21:44:35.113592 [debug] [MainThread]: Wrote artifact WritableManifest to /home/kwakut/nyc-vehicle-collisions-project/dbt_nyc_vehicle_crashes/target/manifest.json
[0m21:44:35.116959 [debug] [MainThread]: Wrote artifact SemanticManifest to /home/kwakut/nyc-vehicle-collisions-project/dbt_nyc_vehicle_crashes/target/semantic_manifest.json
[0m21:44:35.128002 [debug] [MainThread]: Wrote artifact RunExecutionResult to /home/kwakut/nyc-vehicle-collisions-project/dbt_nyc_vehicle_crashes/target/run_results.json
[0m21:44:35.128847 [info ] [MainThread]: 
[0m21:44:35.129797 [info ] [MainThread]: [32mCompleted successfully[0m
[0m21:44:35.130706 [info ] [MainThread]: 
[0m21:44:35.131834 [info ] [MainThread]: Done. PASS=2 WARN=0 ERROR=0 SKIP=0 NO-OP=0 TOTAL=2
[0m21:44:35.133380 [debug] [MainThread]: Resource report: {"command_name": "run", "command_success": true, "command_wall_clock_time": 43.072647, "process_in_blocks": "0", "process_kernel_time": 1.652814, "process_mem_max_rss": "230168", "process_out_blocks": "2488", "process_user_time": 8.38184}
[0m21:44:35.134446 [debug] [MainThread]: Command `dbt run` succeeded at 21:44:35.134224 after 43.07 seconds
[0m21:44:35.135542 [debug] [MainThread]: Sending event: {'category': 'dbt', 'action': 'invocation', 'label': 'end', 'context': [<snowplow_tracker.self_describing_json.SelfDescribingJson object at 0x7e427f3c7bc0>, <snowplow_tracker.self_describing_json.SelfDescribingJson object at 0x7e427f83f140>, <snowplow_tracker.self_describing_json.SelfDescribingJson object at 0x7e4281bcce00>]}
[0m21:44:35.136984 [debug] [MainThread]: Flushing usage events
[0m21:44:39.484680 [debug] [MainThread]: An error was encountered while trying to flush usage events
[0m21:55:34.715187 [debug] [MainThread]: Sending event: {'category': 'dbt', 'action': 'invocation', 'label': 'start', 'context': [<snowplow_tracker.self_describing_json.SelfDescribingJson object at 0x7cf5f02ac4a0>, <snowplow_tracker.self_describing_json.SelfDescribingJson object at 0x7cf5f01e9490>, <snowplow_tracker.self_describing_json.SelfDescribingJson object at 0x7cf5f3037a10>]}


============================== 21:55:34.729292 | c009c168-1104-4a1b-92ef-e7c3e160948e ==============================
[0m21:55:34.729292 [info ] [MainThread]: Running with dbt=1.11.8
[0m21:55:34.731360 [debug] [MainThread]: running dbt with arguments {'indirect_selection': 'eager', 'log_cache_events': 'False', 'cache_selected_only': 'False', 'log_path': '/home/kwakut/nyc-vehicle-collisions-project/dbt_nyc_vehicle_crashes/logs', 'warn_error_options': 'WarnErrorOptionsV2(error=[], warn=[], silence=[])', 'version_check': 'True', 'fail_fast': 'False', 'use_experimental_parser': 'False', 'quiet': 'False', 'use_colors': 'True', 'static_parser': 'True', 'send_anonymous_usage_stats': 'True', 'introspect': 'True', 'write_json': 'True', 'printer_width': '80', 'target_path': 'None', 'profiles_dir': '/home/kwakut/.dbt', 'log_format': 'default', 'warn_error': 'None', 'invocation_command': 'dbt run', 'empty': 'False', 'debug': 'False', 'no_print': 'None', 'partial_parse': 'True'}
[0m21:55:38.812107 [debug] [MainThread]: Sending event: {'category': 'dbt', 'action': 'project_id', 'label': 'c009c168-1104-4a1b-92ef-e7c3e160948e', 'context': [<snowplow_tracker.self_describing_json.SelfDescribingJson object at 0x7cf5f025b9b0>]}
[0m21:55:38.958035 [debug] [MainThread]: Sending event: {'category': 'dbt', 'action': 'adapter_info', 'label': 'c009c168-1104-4a1b-92ef-e7c3e160948e', 'context': [<snowplow_tracker.self_describing_json.SelfDescribingJson object at 0x7cf5d31f7b00>]}
[0m21:55:38.958986 [info ] [MainThread]: Registered adapter: bigquery=1.11.1
[0m21:55:39.277352 [debug] [MainThread]: checksum: 7d524ac048c2100769df89d592e662e060a73ca564e31bd9c2a37efdfe8d8ab6, vars: {}, profile: , target: , version: 1.11.8
[0m21:55:40.033484 [debug] [MainThread]: Partial parsing enabled: 0 files deleted, 0 files added, 0 files changed.
[0m21:55:40.035735 [debug] [MainThread]: Nothing changed, skipping partial parsing.
[0m21:55:40.037755 [debug] [MainThread]: Partial parsing enabled, no changes found, skipping parsing
[0m21:55:40.183478 [debug] [MainThread]: Sending event: {'category': 'dbt', 'action': 'load_project', 'label': 'c009c168-1104-4a1b-92ef-e7c3e160948e', 'context': [<snowplow_tracker.self_describing_json.SelfDescribingJson object at 0x7cf5d2e3eb40>]}
[0m21:55:40.530483 [debug] [MainThread]: Wrote artifact WritableManifest to /home/kwakut/nyc-vehicle-collisions-project/dbt_nyc_vehicle_crashes/target/manifest.json
[0m21:55:40.534894 [debug] [MainThread]: Wrote artifact SemanticManifest to /home/kwakut/nyc-vehicle-collisions-project/dbt_nyc_vehicle_crashes/target/semantic_manifest.json
[0m21:55:40.565654 [debug] [MainThread]: Sending event: {'category': 'dbt', 'action': 'resource_counts', 'label': 'c009c168-1104-4a1b-92ef-e7c3e160948e', 'context': [<snowplow_tracker.self_describing_json.SelfDescribingJson object at 0x7cf5d2be8440>]}
[0m21:55:40.566674 [info ] [MainThread]: Found 2 models, 2 data tests, 1 source, 539 macros
[0m21:55:40.567574 [debug] [MainThread]: Sending event: {'category': 'dbt', 'action': 'runnable_timing', 'label': 'c009c168-1104-4a1b-92ef-e7c3e160948e', 'context': [<snowplow_tracker.self_describing_json.SelfDescribingJson object at 0x7cf5d2a190a0>]}
[0m21:55:40.571259 [info ] [MainThread]: 
[0m21:55:40.572547 [info ] [MainThread]: Concurrency: 1 threads (target='dev')
[0m21:55:40.575939 [info ] [MainThread]: 
[0m21:55:40.580193 [debug] [MainThread]: Acquiring new bigquery connection 'master'
[0m21:55:40.595376 [debug] [ThreadPool]: Acquiring new bigquery connection 'list_nyc-motor-vehicle-collision-12'
[0m21:55:40.596813 [debug] [ThreadPool]: Opening a new connection, currently in state init
[0m21:55:48.338744 [debug] [ThreadPool]: Opening a new connection, currently in state closed
[0m21:55:50.372559 [debug] [ThreadPool]: Re-using an available connection from the pool (formerly list_nyc-motor-vehicle-collision-12, now list_nyc-motor-vehicle-collision-12_nyc_motor_vehicle_collision_dataset_stg_2025_nyc_crashes)
[0m21:55:50.376888 [debug] [ThreadPool]: Opening a new connection, currently in state closed
[0m21:55:53.236785 [debug] [ThreadPool]: Re-using an available connection from the pool (formerly list_nyc-motor-vehicle-collision-12_nyc_motor_vehicle_collision_dataset_stg_2025_nyc_crashes, now list_nyc-motor-vehicle-collision-12_nyc_motor_vehicle_collision_dataset_mart_monthly_crashes)
[0m21:55:53.244186 [debug] [ThreadPool]: Opening a new connection, currently in state closed
[0m21:55:54.849695 [debug] [MainThread]: Sending event: {'category': 'dbt', 'action': 'runnable_timing', 'label': 'c009c168-1104-4a1b-92ef-e7c3e160948e', 'context': [<snowplow_tracker.self_describing_json.SelfDescribingJson object at 0x7cf5f00f2780>]}
[0m21:55:54.854833 [debug] [MainThread]: Opening a new connection, currently in state init
[0m21:55:54.901461 [debug] [Thread-1 (]: Began running node model.dbt_nyc_vehicle_crashes.stg_2025_nyc_crashes
[0m21:55:54.906883 [info ] [Thread-1 (]: 1 of 2 START sql table model nyc_motor_vehicle_collision_dataset_stg_2025_nyc_crashes.stg_2025_nyc_crashes  [RUN]
[0m21:55:54.910092 [debug] [Thread-1 (]: Re-using an available connection from the pool (formerly list_nyc-motor-vehicle-collision-12_nyc_motor_vehicle_collision_dataset_mart_monthly_crashes, now model.dbt_nyc_vehicle_crashes.stg_2025_nyc_crashes)
[0m21:55:54.913047 [debug] [Thread-1 (]: Began compiling node model.dbt_nyc_vehicle_crashes.stg_2025_nyc_crashes
[0m21:55:54.959254 [debug] [Thread-1 (]: Writing injected SQL for node "model.dbt_nyc_vehicle_crashes.stg_2025_nyc_crashes"
[0m21:55:54.962108 [debug] [Thread-1 (]: Began executing node model.dbt_nyc_vehicle_crashes.stg_2025_nyc_crashes
[0m21:55:55.001577 [debug] [Thread-1 (]: Opening a new connection, currently in state closed
[0m21:55:57.353018 [debug] [Thread-1 (]: Writing runtime sql for node "model.dbt_nyc_vehicle_crashes.stg_2025_nyc_crashes"
[0m21:55:57.358490 [debug] [Thread-1 (]: On model.dbt_nyc_vehicle_crashes.stg_2025_nyc_crashes: /* {"app": "dbt", "dbt_version": "1.11.8", "profile_name": "dbt_nyc_vehicle_crashes", "target_name": "dev", "node_id": "model.dbt_nyc_vehicle_crashes.stg_2025_nyc_crashes"} */

  
    

    create or replace table `nyc-motor-vehicle-collision-12`.`nyc_motor_vehicle_collision_dataset_stg_2025_nyc_crashes`.`stg_2025_nyc_crashes`
      
    
    

    
    OPTIONS()
    as (
      WITH source AS (

    SELECT
        DATE(SUBSTR(crash_date, 1, 10)) AS crash_date,
        SAFE.PARSE_TIME('%H:%M', crash_time) AS crash_time,
        on_street_name,
        off_street_name,
        SAFE_CAST(number_of_persons_injured AS INT64) AS number_of_persons_injured,
        SAFE_CAST(number_of_persons_killed AS INT64) AS number_of_persons_killed,
        SAFE_CAST(number_of_pedestrians_injured AS INT64) AS number_of_pedestrians_injured,
        SAFE_CAST(number_of_pedestrians_killed AS INT64) AS number_of_pedestrians_killed,
        SAFE_CAST(number_of_cyclist_injured AS INT64) AS number_of_cyclist_injured,
        SAFE_CAST(number_of_cyclist_killed AS INT64) AS number_of_cyclist_killed,
        SAFE_CAST(number_of_motorist_injured AS INT64) AS number_of_motorist_injured,
        SAFE_CAST(number_of_motorist_killed AS INT64) AS number_of_motorist_killed,
        contributing_factor_vehicle_1,
        contributing_factor_vehicle_2,
        CAST(collision_id AS INT64) AS collision_id,
        vehicle_type_code1 AS vehicle_type_code_1,
        vehicle_type_code2 AS vehicle_type_code_2,
        borough,
        zip_code,
        SAFE_CAST(latitude AS FLOAT64) AS latitude,
        SAFE_CAST(longitude AS FLOAT64) AS longitude,
        location,
        contributing_factor_vehicle_3,
        vehicle_type_code_3,
        cross_street_name,
        contributing_factor_vehicle_4,
        vehicle_type_code_4,
        contributing_factor_vehicle_5,
        vehicle_type_code_5
    FROM `nyc-motor-vehicle-collision-12`.`nyc_motor_vehicle_collision_dataset`.`nyc_motor_crashes`
)
SELECT 
    *,
    current_timestamp() AS ingestion_timestamp 
FROM source
    );
  
[0m21:55:58.080826 [debug] [Thread-1 (]: BigQuery adapter: https://console.cloud.google.com/bigquery?project=nyc-motor-vehicle-collision-12&j=bq:US:fd47a77c-fce9-41e1-ad9e-53bc1ff7c733&page=queryresults
[0m21:55:58.088174 [error] [Thread-1 (]: BigQuery adapter: https://console.cloud.google.com/bigquery?project=nyc-motor-vehicle-collision-12&j=bq:US:fd47a77c-fce9-41e1-ad9e-53bc1ff7c733&page=queryresults
[0m21:55:58.191946 [debug] [Thread-1 (]: Database Error in model stg_2025_nyc_crashes (models/staging/stg_2025_nyc_crashes.sql)
  Not found: Table nyc-motor-vehicle-collision-12:nyc_motor_vehicle_collision_dataset.nyc_motor_crashes was not found in location US
  compiled code at target/run/dbt_nyc_vehicle_crashes/models/staging/stg_2025_nyc_crashes.sql
[0m21:55:58.201042 [debug] [Thread-1 (]: Sending event: {'category': 'dbt', 'action': 'run_model', 'label': 'c009c168-1104-4a1b-92ef-e7c3e160948e', 'context': [<snowplow_tracker.self_describing_json.SelfDescribingJson object at 0x7cf5f105a420>]}
[0m21:55:58.202873 [error] [Thread-1 (]: 1 of 2 ERROR creating sql table model nyc_motor_vehicle_collision_dataset_stg_2025_nyc_crashes.stg_2025_nyc_crashes  [[31mERROR[0m in 3.29s]
[0m21:55:58.204915 [debug] [Thread-1 (]: Finished running node model.dbt_nyc_vehicle_crashes.stg_2025_nyc_crashes
[0m21:55:58.206578 [debug] [Thread-4 (]: Marking all children of 'model.dbt_nyc_vehicle_crashes.stg_2025_nyc_crashes' to be skipped because of status 'error'.  Reason: Database Error in model stg_2025_nyc_crashes (models/staging/stg_2025_nyc_crashes.sql)
  Not found: Table nyc-motor-vehicle-collision-12:nyc_motor_vehicle_collision_dataset.nyc_motor_crashes was not found in location US
  compiled code at target/run/dbt_nyc_vehicle_crashes/models/staging/stg_2025_nyc_crashes.sql.
[0m21:55:58.210984 [debug] [Thread-1 (]: Began running node model.dbt_nyc_vehicle_crashes.mart_monthly_crashes
[0m21:55:58.213177 [info ] [Thread-1 (]: 2 of 2 SKIP relation nyc_motor_vehicle_collision_dataset_mart_monthly_crashes.mart_monthly_crashes  [[33mSKIP[0m]
[0m21:55:58.215670 [debug] [Thread-1 (]: Finished running node model.dbt_nyc_vehicle_crashes.mart_monthly_crashes
[0m21:55:58.221032 [debug] [MainThread]: Opening a new connection, currently in state closed
[0m21:55:58.223649 [debug] [MainThread]: Connection 'master' was properly closed.
[0m21:55:58.225104 [debug] [MainThread]: Connection 'model.dbt_nyc_vehicle_crashes.stg_2025_nyc_crashes' was properly closed.
[0m21:55:58.226321 [info ] [MainThread]: 
[0m21:55:58.227702 [info ] [MainThread]: Finished running 2 table models in 0 hours 0 minutes and 17.65 seconds (17.65s).
[0m21:55:58.230733 [debug] [MainThread]: Command end result
[0m21:55:58.370341 [debug] [MainThread]: Wrote artifact WritableManifest to /home/kwakut/nyc-vehicle-collisions-project/dbt_nyc_vehicle_crashes/target/manifest.json
[0m21:55:58.374844 [debug] [MainThread]: Wrote artifact SemanticManifest to /home/kwakut/nyc-vehicle-collisions-project/dbt_nyc_vehicle_crashes/target/semantic_manifest.json
[0m21:55:58.389249 [debug] [MainThread]: Wrote artifact RunExecutionResult to /home/kwakut/nyc-vehicle-collisions-project/dbt_nyc_vehicle_crashes/target/run_results.json
[0m21:55:58.390422 [info ] [MainThread]: 
[0m21:55:58.391757 [info ] [MainThread]: [31mCompleted with 1 error, 0 partial successes, and 0 warnings:[0m
[0m21:55:58.393142 [info ] [MainThread]: 
[0m21:55:58.394731 [error] [MainThread]: [31mFailure in model stg_2025_nyc_crashes (models/staging/stg_2025_nyc_crashes.sql)[0m
[0m21:55:58.396385 [error] [MainThread]:   Database Error in model stg_2025_nyc_crashes (models/staging/stg_2025_nyc_crashes.sql)
  Not found: Table nyc-motor-vehicle-collision-12:nyc_motor_vehicle_collision_dataset.nyc_motor_crashes was not found in location US
  compiled code at target/run/dbt_nyc_vehicle_crashes/models/staging/stg_2025_nyc_crashes.sql
[0m21:55:58.397634 [info ] [MainThread]: 
[0m21:55:58.399797 [info ] [MainThread]:   compiled code at target/compiled/dbt_nyc_vehicle_crashes/models/staging/stg_2025_nyc_crashes.sql
[0m21:55:58.407717 [info ] [MainThread]: 
[0m21:55:58.409498 [info ] [MainThread]: Done. PASS=0 WARN=0 ERROR=1 SKIP=1 NO-OP=0 TOTAL=2
[0m21:55:58.411072 [debug] [MainThread]: Resource report: {"command_name": "run", "command_success": false, "command_wall_clock_time": 23.896902, "process_in_blocks": "263288", "process_kernel_time": 2.178375, "process_mem_max_rss": "226468", "process_out_blocks": "2464", "process_user_time": 9.747513}
[0m21:55:58.412428 [debug] [MainThread]: Command `dbt run` failed at 21:55:58.412146 after 23.90 seconds
[0m21:55:58.413678 [debug] [MainThread]: Sending event: {'category': 'dbt', 'action': 'invocation', 'label': 'end', 'context': [<snowplow_tracker.self_describing_json.SelfDescribingJson object at 0x7cf5d2ea0c20>, <snowplow_tracker.self_describing_json.SelfDescribingJson object at 0x7cf5f2e14a40>, <snowplow_tracker.self_describing_json.SelfDescribingJson object at 0x7cf5f0280b00>]}
[0m21:55:58.414876 [debug] [MainThread]: Flushing usage events
[0m21:56:00.889331 [debug] [MainThread]: An error was encountered while trying to flush usage events
[0m22:01:42.443741 [debug] [MainThread]: Sending event: {'category': 'dbt', 'action': 'invocation', 'label': 'start', 'context': [<snowplow_tracker.self_describing_json.SelfDescribingJson object at 0x7653f74c3110>, <snowplow_tracker.self_describing_json.SelfDescribingJson object at 0x7653f4a07f20>, <snowplow_tracker.self_describing_json.SelfDescribingJson object at 0x7653f54ae180>]}


============================== 22:01:42.453702 | 0653248f-8acf-4320-8b26-9acade5b2235 ==============================
[0m22:01:42.453702 [info ] [MainThread]: Running with dbt=1.11.8
[0m22:01:42.455895 [debug] [MainThread]: running dbt with arguments {'partial_parse': 'True', 'write_json': 'True', 'target_path': 'None', 'use_colors': 'True', 'indirect_selection': 'eager', 'invocation_command': 'dbt debug', 'log_cache_events': 'False', 'static_parser': 'True', 'warn_error_options': 'WarnErrorOptionsV2(error=[], warn=[], silence=[])', 'log_path': '/home/kwakut/nyc-vehicle-collisions-project/dbt_nyc_vehicle_crashes/logs', 'use_experimental_parser': 'False', 'debug': 'False', 'printer_width': '80', 'send_anonymous_usage_stats': 'True', 'version_check': 'True', 'log_format': 'default', 'no_print': 'None', 'warn_error': 'None', 'profiles_dir': '/home/kwakut/.dbt', 'cache_selected_only': 'False', 'introspect': 'True', 'empty': 'None', 'fail_fast': 'False', 'quiet': 'False'}
[0m22:01:42.500310 [info ] [MainThread]: dbt version: 1.11.8
[0m22:01:42.501691 [info ] [MainThread]: python version: 3.12.3
[0m22:01:42.502776 [info ] [MainThread]: python path: /home/kwakut/nyc-vehicle-collisions-project/dbt-env/bin/python3
[0m22:01:42.503751 [info ] [MainThread]: os info: Linux-6.6.87.2-microsoft-standard-WSL2-x86_64-with-glibc2.39
[0m22:01:44.010506 [info ] [MainThread]: Using profiles dir at /home/kwakut/.dbt
[0m22:01:44.011329 [info ] [MainThread]: Using profiles.yml file at /home/kwakut/.dbt/profiles.yml
[0m22:01:44.012449 [info ] [MainThread]: Using dbt_project.yml file at /home/kwakut/nyc-vehicle-collisions-project/dbt_nyc_vehicle_crashes/dbt_project.yml
[0m22:01:44.013307 [info ] [MainThread]: adapter type: bigquery
[0m22:01:44.013923 [info ] [MainThread]: adapter version: 1.11.1
[0m22:01:44.208071 [info ] [MainThread]: Configuration:
[0m22:01:44.208987 [info ] [MainThread]:   profiles.yml file [[32mOK found and valid[0m]
[0m22:01:44.209769 [info ] [MainThread]:   dbt_project.yml file [[32mOK found and valid[0m]
[0m22:01:44.210543 [info ] [MainThread]: Required dependencies:
[0m22:01:44.211363 [debug] [MainThread]: Executing "git --help"
[0m22:01:44.215082 [debug] [MainThread]: STDOUT: "b"usage: git [-v | --version] [-h | --help] [-C <path>] [-c <name>=<value>]\n           [--exec-path[=<path>]] [--html-path] [--man-path] [--info-path]\n           [-p | --paginate | -P | --no-pager] [--no-replace-objects] [--bare]\n           [--git-dir=<path>] [--work-tree=<path>] [--namespace=<name>]\n           [--config-env=<name>=<envvar>] <command> [<args>]\n\nThese are common Git commands used in various situations:\n\nstart a working area (see also: git help tutorial)\n   clone     Clone a repository into a new directory\n   init      Create an empty Git repository or reinitialize an existing one\n\nwork on the current change (see also: git help everyday)\n   add       Add file contents to the index\n   mv        Move or rename a file, a directory, or a symlink\n   restore   Restore working tree files\n   rm        Remove files from the working tree and from the index\n\nexamine the history and state (see also: git help revisions)\n   bisect    Use binary search to find the commit that introduced a bug\n   diff      Show changes between commits, commit and working tree, etc\n   grep      Print lines matching a pattern\n   log       Show commit logs\n   show      Show various types of objects\n   status    Show the working tree status\n\ngrow, mark and tweak your common history\n   branch    List, create, or delete branches\n   commit    Record changes to the repository\n   merge     Join two or more development histories together\n   rebase    Reapply commits on top of another base tip\n   reset     Reset current HEAD to the specified state\n   switch    Switch branches\n   tag       Create, list, delete or verify a tag object signed with GPG\n\ncollaborate (see also: git help workflows)\n   fetch     Download objects and refs from another repository\n   pull      Fetch from and integrate with another repository or a local branch\n   push      Update remote refs along with associated objects\n\n'git help -a' and 'git help -g' list available subcommands and some\nconcept guides. See 'git help <command>' or 'git help <concept>'\nto read about a specific subcommand or concept.\nSee 'git help git' for an overview of the system.\n""
[0m22:01:44.215840 [debug] [MainThread]: STDERR: "b''"
[0m22:01:44.217029 [info ] [MainThread]:  - git [[32mOK found[0m]

[0m22:01:44.219148 [info ] [MainThread]: Connection:
[0m22:01:44.220509 [info ] [MainThread]:   method: oauth
[0m22:01:44.221718 [info ] [MainThread]:   database: nyc-motor-vehicle-collision-12
[0m22:01:44.222758 [info ] [MainThread]:   execution_project: nyc-motor-vehicle-collision-12
[0m22:01:44.223955 [info ] [MainThread]:   schema: nyc_motor_vehicle_collision_dataset
[0m22:01:44.225185 [info ] [MainThread]:   location: US
[0m22:01:44.226580 [info ] [MainThread]:   priority: interactive
[0m22:01:44.227513 [info ] [MainThread]:   maximum_bytes_billed: None
[0m22:01:44.228355 [info ] [MainThread]:   impersonate_service_account: None
[0m22:01:44.229300 [info ] [MainThread]:   job_retry_deadline_seconds: None
[0m22:01:44.230511 [info ] [MainThread]:   job_retries: 1
[0m22:01:44.233756 [info ] [MainThread]:   job_creation_timeout_seconds: None
[0m22:01:44.235756 [info ] [MainThread]:   job_execution_timeout_seconds: 300
[0m22:01:44.239089 [info ] [MainThread]:   timeout_seconds: 300
[0m22:01:44.240572 [info ] [MainThread]:   client_id: None
[0m22:01:44.241572 [info ] [MainThread]:   token_uri: None
[0m22:01:44.242469 [info ] [MainThread]:   compute_region: None
[0m22:01:44.243878 [info ] [MainThread]:   dataproc_cluster_name: None
[0m22:01:44.245424 [info ] [MainThread]:   gcs_bucket: None
[0m22:01:44.247290 [info ] [MainThread]:   dataproc_batch: None
[0m22:01:44.249985 [info ] [MainThread]: Registered adapter: bigquery=1.11.1
[0m22:01:44.491113 [debug] [MainThread]: Acquiring new bigquery connection 'debug'
[0m22:01:44.492180 [debug] [MainThread]: On debug: select 1 as id
[0m22:01:44.493261 [debug] [MainThread]: Opening a new connection, currently in state init
[0m22:01:51.078520 [debug] [MainThread]: BigQuery adapter: https://console.cloud.google.com/bigquery?project=nyc-motor-vehicle-collision-12&j=bq:US:362dcee7-8092-4538-b834-1d1b97309021&page=queryresults
[0m22:01:52.015641 [debug] [MainThread]: SQL status: OK in 0.934 seconds
[0m22:01:52.930228 [info ] [MainThread]:   Connection test: [[32mOK connection ok[0m]

[0m22:01:52.933599 [info ] [MainThread]: [32mAll checks passed![0m
[0m22:01:52.943316 [debug] [MainThread]: Resource report: {"command_name": "debug", "command_success": true, "command_wall_clock_time": 10.650966, "process_in_blocks": "1800", "process_kernel_time": 1.042415, "process_mem_max_rss": "222744", "process_out_blocks": "16", "process_user_time": 5.387855}
[0m22:01:52.949080 [debug] [MainThread]: Command `dbt debug` succeeded at 22:01:52.947953 after 10.66 seconds
[0m22:01:52.952779 [debug] [MainThread]: Connection 'debug' was properly closed.
[0m22:01:52.964075 [debug] [MainThread]: Sending event: {'category': 'dbt', 'action': 'invocation', 'label': 'end', 'context': [<snowplow_tracker.self_describing_json.SelfDescribingJson object at 0x7653dd9b0c20>, <snowplow_tracker.self_describing_json.SelfDescribingJson object at 0x7653f595f320>, <snowplow_tracker.self_describing_json.SelfDescribingJson object at 0x7653f467e0c0>]}
[0m22:01:52.969464 [debug] [MainThread]: Flushing usage events
[0m22:01:56.803690 [debug] [MainThread]: An error was encountered while trying to flush usage events
[0m22:02:15.474119 [debug] [MainThread]: Sending event: {'category': 'dbt', 'action': 'invocation', 'label': 'start', 'context': [<snowplow_tracker.self_describing_json.SelfDescribingJson object at 0x7782ac5b5e80>, <snowplow_tracker.self_describing_json.SelfDescribingJson object at 0x7782ae65b320>, <snowplow_tracker.self_describing_json.SelfDescribingJson object at 0x7782ae757830>]}


============================== 22:02:15.483270 | 96a9c67d-3fcb-48b1-9b94-edc3e40065dc ==============================
[0m22:02:15.483270 [info ] [MainThread]: Running with dbt=1.11.8
[0m22:02:15.484967 [debug] [MainThread]: running dbt with arguments {'log_format': 'default', 'log_cache_events': 'False', 'quiet': 'False', 'cache_selected_only': 'False', 'invocation_command': 'dbt run', 'profiles_dir': '/home/kwakut/.dbt', 'use_colors': 'True', 'version_check': 'True', 'indirect_selection': 'eager', 'warn_error': 'None', 'use_experimental_parser': 'False', 'send_anonymous_usage_stats': 'True', 'partial_parse': 'True', 'log_path': '/home/kwakut/nyc-vehicle-collisions-project/dbt_nyc_vehicle_crashes/logs', 'warn_error_options': 'WarnErrorOptionsV2(error=[], warn=[], silence=[])', 'empty': 'False', 'printer_width': '80', 'target_path': 'None', 'static_parser': 'True', 'write_json': 'True', 'debug': 'False', 'introspect': 'True', 'fail_fast': 'False', 'no_print': 'None'}
[0m22:02:17.142056 [debug] [MainThread]: Sending event: {'category': 'dbt', 'action': 'project_id', 'label': '96a9c67d-3fcb-48b1-9b94-edc3e40065dc', 'context': [<snowplow_tracker.self_describing_json.SelfDescribingJson object at 0x77828e683a40>]}
[0m22:02:17.258015 [debug] [MainThread]: Sending event: {'category': 'dbt', 'action': 'adapter_info', 'label': '96a9c67d-3fcb-48b1-9b94-edc3e40065dc', 'context': [<snowplow_tracker.self_describing_json.SelfDescribingJson object at 0x7782ac1b5460>]}
[0m22:02:17.259403 [info ] [MainThread]: Registered adapter: bigquery=1.11.1
[0m22:02:17.493704 [debug] [MainThread]: checksum: 7d524ac048c2100769df89d592e662e060a73ca564e31bd9c2a37efdfe8d8ab6, vars: {}, profile: , target: , version: 1.11.8
[0m22:02:17.845788 [debug] [MainThread]: Partial parsing enabled: 0 files deleted, 0 files added, 0 files changed.
[0m22:02:17.846554 [debug] [MainThread]: Nothing changed, skipping partial parsing.
[0m22:02:17.847043 [debug] [MainThread]: Partial parsing enabled, no changes found, skipping parsing
[0m22:02:17.948423 [debug] [MainThread]: Sending event: {'category': 'dbt', 'action': 'load_project', 'label': '96a9c67d-3fcb-48b1-9b94-edc3e40065dc', 'context': [<snowplow_tracker.self_describing_json.SelfDescribingJson object at 0x77828e3f5a90>]}
[0m22:02:18.196993 [debug] [MainThread]: Wrote artifact WritableManifest to /home/kwakut/nyc-vehicle-collisions-project/dbt_nyc_vehicle_crashes/target/manifest.json
[0m22:02:18.201839 [debug] [MainThread]: Wrote artifact SemanticManifest to /home/kwakut/nyc-vehicle-collisions-project/dbt_nyc_vehicle_crashes/target/semantic_manifest.json
[0m22:02:18.222699 [debug] [MainThread]: Sending event: {'category': 'dbt', 'action': 'resource_counts', 'label': '96a9c67d-3fcb-48b1-9b94-edc3e40065dc', 'context': [<snowplow_tracker.self_describing_json.SelfDescribingJson object at 0x77828e2e4710>]}
[0m22:02:18.223984 [info ] [MainThread]: Found 2 models, 2 data tests, 1 source, 539 macros
[0m22:02:18.225291 [debug] [MainThread]: Sending event: {'category': 'dbt', 'action': 'runnable_timing', 'label': '96a9c67d-3fcb-48b1-9b94-edc3e40065dc', 'context': [<snowplow_tracker.self_describing_json.SelfDescribingJson object at 0x7782ab881c70>]}
[0m22:02:18.229922 [info ] [MainThread]: 
[0m22:02:18.231383 [info ] [MainThread]: Concurrency: 1 threads (target='dev')
[0m22:02:18.232742 [info ] [MainThread]: 
[0m22:02:18.236007 [debug] [MainThread]: Acquiring new bigquery connection 'master'
[0m22:02:18.254412 [debug] [ThreadPool]: Acquiring new bigquery connection 'list_nyc-motor-vehicle-collision-12'
[0m22:02:18.257330 [debug] [ThreadPool]: Opening a new connection, currently in state init
[0m22:02:23.286764 [debug] [ThreadPool]: Opening a new connection, currently in state closed
[0m22:02:25.539961 [debug] [ThreadPool]: Re-using an available connection from the pool (formerly list_nyc-motor-vehicle-collision-12, now create_nyc-motor-vehicle-collision-12_nyc_motor_vehicle_collision_dataset_stg_2025_nyc_crashes)
[0m22:02:25.543070 [debug] [ThreadPool]: Creating schema "database: "nyc-motor-vehicle-collision-12"
schema: "nyc_motor_vehicle_collision_dataset_stg_2025_nyc_crashes"
"
[0m22:02:25.597240 [debug] [ThreadPool]: On create_nyc-motor-vehicle-collision-12_nyc_motor_vehicle_collision_dataset_stg_2025_nyc_crashes: /* {"app": "dbt", "dbt_version": "1.11.8", "profile_name": "dbt_nyc_vehicle_crashes", "target_name": "dev", "connection_name": "create_nyc-motor-vehicle-collision-12_nyc_motor_vehicle_collision_dataset_stg_2025_nyc_crashes"} */
create schema if not exists `nyc-motor-vehicle-collision-12`.`nyc_motor_vehicle_collision_dataset_stg_2025_nyc_crashes`
  
[0m22:02:25.601358 [debug] [ThreadPool]: Opening a new connection, currently in state closed
[0m22:02:27.385048 [debug] [ThreadPool]: BigQuery adapter: https://console.cloud.google.com/bigquery?project=nyc-motor-vehicle-collision-12&j=bq:US:cdf31240-70f4-4cb1-a672-986ee03bbc9f&page=queryresults
[0m22:02:28.725133 [debug] [ThreadPool]: SQL status: OK in 1.337 seconds
[0m22:02:28.854171 [debug] [ThreadPool]: Re-using an available connection from the pool (formerly create_nyc-motor-vehicle-collision-12_nyc_motor_vehicle_collision_dataset_stg_2025_nyc_crashes, now create_nyc-motor-vehicle-collision-12_nyc_motor_vehicle_collision_dataset_mart_monthly_crashes)
[0m22:02:28.855690 [debug] [ThreadPool]: Creating schema "database: "nyc-motor-vehicle-collision-12"
schema: "nyc_motor_vehicle_collision_dataset_mart_monthly_crashes"
"
[0m22:02:28.859580 [debug] [ThreadPool]: On create_nyc-motor-vehicle-collision-12_nyc_motor_vehicle_collision_dataset_mart_monthly_crashes: /* {"app": "dbt", "dbt_version": "1.11.8", "profile_name": "dbt_nyc_vehicle_crashes", "target_name": "dev", "connection_name": "create_nyc-motor-vehicle-collision-12_nyc_motor_vehicle_collision_dataset_mart_monthly_crashes"} */
create schema if not exists `nyc-motor-vehicle-collision-12`.`nyc_motor_vehicle_collision_dataset_mart_monthly_crashes`
  
[0m22:02:28.860426 [debug] [ThreadPool]: Opening a new connection, currently in state closed
[0m22:02:30.479529 [debug] [ThreadPool]: BigQuery adapter: https://console.cloud.google.com/bigquery?project=nyc-motor-vehicle-collision-12&j=bq:US:29bf85ab-2fe1-42f9-9108-631a6971059c&page=queryresults
[0m22:02:32.063785 [debug] [ThreadPool]: SQL status: OK in 1.582 seconds
[0m22:02:32.076015 [debug] [ThreadPool]: Re-using an available connection from the pool (formerly create_nyc-motor-vehicle-collision-12_nyc_motor_vehicle_collision_dataset_mart_monthly_crashes, now list_nyc-motor-vehicle-collision-12_nyc_motor_vehicle_collision_dataset_stg_2025_nyc_crashes)
[0m22:02:32.080022 [debug] [ThreadPool]: Opening a new connection, currently in state closed
[0m22:02:33.988299 [debug] [ThreadPool]: Re-using an available connection from the pool (formerly list_nyc-motor-vehicle-collision-12_nyc_motor_vehicle_collision_dataset_stg_2025_nyc_crashes, now list_nyc-motor-vehicle-collision-12_nyc_motor_vehicle_collision_dataset_mart_monthly_crashes)
[0m22:02:33.990949 [debug] [ThreadPool]: Opening a new connection, currently in state closed
[0m22:02:36.739039 [debug] [MainThread]: Sending event: {'category': 'dbt', 'action': 'runnable_timing', 'label': '96a9c67d-3fcb-48b1-9b94-edc3e40065dc', 'context': [<snowplow_tracker.self_describing_json.SelfDescribingJson object at 0x7782ae44c050>]}
[0m22:02:36.742201 [debug] [MainThread]: Opening a new connection, currently in state init
[0m22:02:36.758727 [debug] [Thread-1 (]: Began running node model.dbt_nyc_vehicle_crashes.stg_2025_nyc_crashes
[0m22:02:36.761884 [info ] [Thread-1 (]: 1 of 2 START sql table model nyc_motor_vehicle_collision_dataset_stg_2025_nyc_crashes.stg_2025_nyc_crashes  [RUN]
[0m22:02:36.764573 [debug] [Thread-1 (]: Re-using an available connection from the pool (formerly list_nyc-motor-vehicle-collision-12_nyc_motor_vehicle_collision_dataset_mart_monthly_crashes, now model.dbt_nyc_vehicle_crashes.stg_2025_nyc_crashes)
[0m22:02:36.766722 [debug] [Thread-1 (]: Began compiling node model.dbt_nyc_vehicle_crashes.stg_2025_nyc_crashes
[0m22:02:36.829734 [debug] [Thread-1 (]: Writing injected SQL for node "model.dbt_nyc_vehicle_crashes.stg_2025_nyc_crashes"
[0m22:02:36.843929 [debug] [Thread-1 (]: Began executing node model.dbt_nyc_vehicle_crashes.stg_2025_nyc_crashes
[0m22:02:37.006424 [debug] [Thread-1 (]: Writing runtime sql for node "model.dbt_nyc_vehicle_crashes.stg_2025_nyc_crashes"
[0m22:02:37.008778 [debug] [Thread-1 (]: On model.dbt_nyc_vehicle_crashes.stg_2025_nyc_crashes: /* {"app": "dbt", "dbt_version": "1.11.8", "profile_name": "dbt_nyc_vehicle_crashes", "target_name": "dev", "node_id": "model.dbt_nyc_vehicle_crashes.stg_2025_nyc_crashes"} */

  
    

    create or replace table `nyc-motor-vehicle-collision-12`.`nyc_motor_vehicle_collision_dataset_stg_2025_nyc_crashes`.`stg_2025_nyc_crashes`
      
    
    

    
    OPTIONS()
    as (
      WITH source AS (

    SELECT
        DATE(SUBSTR(crash_date, 1, 10)) AS crash_date,
        SAFE.PARSE_TIME('%H:%M', crash_time) AS crash_time,
        on_street_name,
        off_street_name,
        SAFE_CAST(number_of_persons_injured AS INT64) AS number_of_persons_injured,
        SAFE_CAST(number_of_persons_killed AS INT64) AS number_of_persons_killed,
        SAFE_CAST(number_of_pedestrians_injured AS INT64) AS number_of_pedestrians_injured,
        SAFE_CAST(number_of_pedestrians_killed AS INT64) AS number_of_pedestrians_killed,
        SAFE_CAST(number_of_cyclist_injured AS INT64) AS number_of_cyclist_injured,
        SAFE_CAST(number_of_cyclist_killed AS INT64) AS number_of_cyclist_killed,
        SAFE_CAST(number_of_motorist_injured AS INT64) AS number_of_motorist_injured,
        SAFE_CAST(number_of_motorist_killed AS INT64) AS number_of_motorist_killed,
        contributing_factor_vehicle_1,
        contributing_factor_vehicle_2,
        CAST(collision_id AS INT64) AS collision_id,
        vehicle_type_code1 AS vehicle_type_code_1,
        vehicle_type_code2 AS vehicle_type_code_2,
        borough,
        zip_code,
        SAFE_CAST(latitude AS FLOAT64) AS latitude,
        SAFE_CAST(longitude AS FLOAT64) AS longitude,
        location,
        contributing_factor_vehicle_3,
        vehicle_type_code_3,
        cross_street_name,
        contributing_factor_vehicle_4,
        vehicle_type_code_4,
        contributing_factor_vehicle_5,
        vehicle_type_code_5
    FROM `nyc-motor-vehicle-collision-12`.`nyc_motor_vehicle_collision_dataset`.`nyc_motor_crashes`
)
SELECT 
    *,
    current_timestamp() AS ingestion_timestamp 
FROM source
    );
  
[0m22:02:37.010612 [debug] [Thread-1 (]: Opening a new connection, currently in state closed
[0m22:02:38.724318 [debug] [Thread-1 (]: BigQuery adapter: https://console.cloud.google.com/bigquery?project=nyc-motor-vehicle-collision-12&j=bq:US:3eff5243-4ea7-48c5-9482-62f524e11b9b&page=queryresults
[0m22:02:38.727969 [error] [Thread-1 (]: BigQuery adapter: https://console.cloud.google.com/bigquery?project=nyc-motor-vehicle-collision-12&j=bq:US:3eff5243-4ea7-48c5-9482-62f524e11b9b&page=queryresults
[0m22:02:38.762129 [debug] [Thread-1 (]: Database Error in model stg_2025_nyc_crashes (models/staging/stg_2025_nyc_crashes.sql)
  Not found: Table nyc-motor-vehicle-collision-12:nyc_motor_vehicle_collision_dataset.nyc_motor_crashes was not found in location US
  compiled code at target/run/dbt_nyc_vehicle_crashes/models/staging/stg_2025_nyc_crashes.sql
[0m22:02:38.777865 [debug] [Thread-1 (]: Sending event: {'category': 'dbt', 'action': 'run_model', 'label': '96a9c67d-3fcb-48b1-9b94-edc3e40065dc', 'context': [<snowplow_tracker.self_describing_json.SelfDescribingJson object at 0x7782ac889d90>]}
[0m22:02:38.789640 [error] [Thread-1 (]: 1 of 2 ERROR creating sql table model nyc_motor_vehicle_collision_dataset_stg_2025_nyc_crashes.stg_2025_nyc_crashes  [[31mERROR[0m in 2.00s]
[0m22:02:38.795396 [debug] [Thread-1 (]: Finished running node model.dbt_nyc_vehicle_crashes.stg_2025_nyc_crashes
[0m22:02:38.806418 [debug] [Thread-4 (]: Marking all children of 'model.dbt_nyc_vehicle_crashes.stg_2025_nyc_crashes' to be skipped because of status 'error'.  Reason: Database Error in model stg_2025_nyc_crashes (models/staging/stg_2025_nyc_crashes.sql)
  Not found: Table nyc-motor-vehicle-collision-12:nyc_motor_vehicle_collision_dataset.nyc_motor_crashes was not found in location US
  compiled code at target/run/dbt_nyc_vehicle_crashes/models/staging/stg_2025_nyc_crashes.sql.
[0m22:02:38.826649 [debug] [Thread-1 (]: Began running node model.dbt_nyc_vehicle_crashes.mart_monthly_crashes
[0m22:02:38.832972 [info ] [Thread-1 (]: 2 of 2 SKIP relation nyc_motor_vehicle_collision_dataset_mart_monthly_crashes.mart_monthly_crashes  [[33mSKIP[0m]
[0m22:02:38.842365 [debug] [Thread-1 (]: Finished running node model.dbt_nyc_vehicle_crashes.mart_monthly_crashes
[0m22:02:38.853885 [debug] [MainThread]: Opening a new connection, currently in state closed
[0m22:02:38.858848 [debug] [MainThread]: Connection 'master' was properly closed.
[0m22:02:38.865130 [debug] [MainThread]: Connection 'model.dbt_nyc_vehicle_crashes.stg_2025_nyc_crashes' was properly closed.
[0m22:02:38.868649 [info ] [MainThread]: 
[0m22:02:38.874374 [info ] [MainThread]: Finished running 2 table models in 0 hours 0 minutes and 20.63 seconds (20.63s).
[0m22:02:38.891310 [debug] [MainThread]: Command end result
[0m22:02:39.000513 [debug] [MainThread]: Wrote artifact WritableManifest to /home/kwakut/nyc-vehicle-collisions-project/dbt_nyc_vehicle_crashes/target/manifest.json
[0m22:02:39.010420 [debug] [MainThread]: Wrote artifact SemanticManifest to /home/kwakut/nyc-vehicle-collisions-project/dbt_nyc_vehicle_crashes/target/semantic_manifest.json
[0m22:02:39.030570 [debug] [MainThread]: Wrote artifact RunExecutionResult to /home/kwakut/nyc-vehicle-collisions-project/dbt_nyc_vehicle_crashes/target/run_results.json
[0m22:02:39.032046 [info ] [MainThread]: 
[0m22:02:39.033751 [info ] [MainThread]: [31mCompleted with 1 error, 0 partial successes, and 0 warnings:[0m
[0m22:02:39.035136 [info ] [MainThread]: 
[0m22:02:39.036870 [error] [MainThread]: [31mFailure in model stg_2025_nyc_crashes (models/staging/stg_2025_nyc_crashes.sql)[0m
[0m22:02:39.038566 [error] [MainThread]:   Database Error in model stg_2025_nyc_crashes (models/staging/stg_2025_nyc_crashes.sql)
  Not found: Table nyc-motor-vehicle-collision-12:nyc_motor_vehicle_collision_dataset.nyc_motor_crashes was not found in location US
  compiled code at target/run/dbt_nyc_vehicle_crashes/models/staging/stg_2025_nyc_crashes.sql
[0m22:02:39.040313 [info ] [MainThread]: 
[0m22:02:39.043815 [info ] [MainThread]:   compiled code at target/compiled/dbt_nyc_vehicle_crashes/models/staging/stg_2025_nyc_crashes.sql
[0m22:02:39.046695 [info ] [MainThread]: 
[0m22:02:39.050794 [info ] [MainThread]: Done. PASS=0 WARN=0 ERROR=1 SKIP=1 NO-OP=0 TOTAL=2
[0m22:02:39.053400 [debug] [MainThread]: Resource report: {"command_name": "run", "command_success": false, "command_wall_clock_time": 23.697783, "process_in_blocks": "0", "process_kernel_time": 0.878291, "process_mem_max_rss": "231100", "process_out_blocks": "2464", "process_user_time": 7.461415}
[0m22:02:39.057298 [debug] [MainThread]: Command `dbt run` failed at 22:02:39.056585 after 23.70 seconds
[0m22:02:39.059705 [debug] [MainThread]: Sending event: {'category': 'dbt', 'action': 'invocation', 'label': 'end', 'context': [<snowplow_tracker.self_describing_json.SelfDescribingJson object at 0x77828ec41bb0>, <snowplow_tracker.self_describing_json.SelfDescribingJson object at 0x7782ac145730>, <snowplow_tracker.self_describing_json.SelfDescribingJson object at 0x7782ac147f80>]}
[0m22:02:39.062206 [debug] [MainThread]: Flushing usage events
[0m22:02:41.577968 [debug] [MainThread]: An error was encountered while trying to flush usage events
[0m22:22:01.883573 [debug] [MainThread]: Sending event: {'category': 'dbt', 'action': 'invocation', 'label': 'start', 'context': [<snowplow_tracker.self_describing_json.SelfDescribingJson object at 0x7ae3c3e14080>, <snowplow_tracker.self_describing_json.SelfDescribingJson object at 0x7ae3c3fd1280>, <snowplow_tracker.self_describing_json.SelfDescribingJson object at 0x7ae3c3c1d1c0>]}


============================== 22:22:01.894661 | 16c9ed81-6d96-4c9f-8f15-7ca058b575e4 ==============================
[0m22:22:01.894661 [info ] [MainThread]: Running with dbt=1.11.8
[0m22:22:01.895866 [debug] [MainThread]: running dbt with arguments {'write_json': 'True', 'profiles_dir': '/home/kwakut/.dbt', 'send_anonymous_usage_stats': 'True', 'debug': 'False', 'warn_error_options': 'WarnErrorOptionsV2(error=[], warn=[], silence=[])', 'indirect_selection': 'eager', 'cache_selected_only': 'False', 'target_path': 'None', 'log_path': '/home/kwakut/nyc-vehicle-collisions-project/dbt_nyc_vehicle_crashes/logs', 'fail_fast': 'False', 'partial_parse': 'True', 'use_colors': 'True', 'version_check': 'True', 'printer_width': '80', 'log_cache_events': 'False', 'use_experimental_parser': 'False', 'no_print': 'None', 'introspect': 'True', 'invocation_command': 'dbt debug', 'log_format': 'default', 'quiet': 'False', 'static_parser': 'True', 'empty': 'None', 'warn_error': 'None'}
[0m22:22:01.942255 [info ] [MainThread]: dbt version: 1.11.8
[0m22:22:01.944150 [info ] [MainThread]: python version: 3.12.3
[0m22:22:01.945994 [info ] [MainThread]: python path: /home/kwakut/nyc-vehicle-collisions-project/dbt-env/bin/python3
[0m22:22:01.947505 [info ] [MainThread]: os info: Linux-6.6.87.2-microsoft-standard-WSL2-x86_64-with-glibc2.39
[0m22:22:05.748044 [info ] [MainThread]: Using profiles dir at /home/kwakut/.dbt
[0m22:22:05.749079 [info ] [MainThread]: Using profiles.yml file at /home/kwakut/.dbt/profiles.yml
[0m22:22:05.749897 [info ] [MainThread]: Using dbt_project.yml file at /home/kwakut/nyc-vehicle-collisions-project/dbt_nyc_vehicle_crashes/dbt_project.yml
[0m22:22:05.750693 [info ] [MainThread]: adapter type: bigquery
[0m22:22:05.751488 [info ] [MainThread]: adapter version: 1.11.1
[0m22:22:05.943699 [info ] [MainThread]: Configuration:
[0m22:22:05.945214 [info ] [MainThread]:   profiles.yml file [[32mOK found and valid[0m]
[0m22:22:05.946336 [info ] [MainThread]:   dbt_project.yml file [[32mOK found and valid[0m]
[0m22:22:05.947526 [info ] [MainThread]: Required dependencies:
[0m22:22:05.948500 [debug] [MainThread]: Executing "git --help"
[0m22:22:05.957532 [debug] [MainThread]: STDOUT: "b"usage: git [-v | --version] [-h | --help] [-C <path>] [-c <name>=<value>]\n           [--exec-path[=<path>]] [--html-path] [--man-path] [--info-path]\n           [-p | --paginate | -P | --no-pager] [--no-replace-objects] [--bare]\n           [--git-dir=<path>] [--work-tree=<path>] [--namespace=<name>]\n           [--config-env=<name>=<envvar>] <command> [<args>]\n\nThese are common Git commands used in various situations:\n\nstart a working area (see also: git help tutorial)\n   clone     Clone a repository into a new directory\n   init      Create an empty Git repository or reinitialize an existing one\n\nwork on the current change (see also: git help everyday)\n   add       Add file contents to the index\n   mv        Move or rename a file, a directory, or a symlink\n   restore   Restore working tree files\n   rm        Remove files from the working tree and from the index\n\nexamine the history and state (see also: git help revisions)\n   bisect    Use binary search to find the commit that introduced a bug\n   diff      Show changes between commits, commit and working tree, etc\n   grep      Print lines matching a pattern\n   log       Show commit logs\n   show      Show various types of objects\n   status    Show the working tree status\n\ngrow, mark and tweak your common history\n   branch    List, create, or delete branches\n   commit    Record changes to the repository\n   merge     Join two or more development histories together\n   rebase    Reapply commits on top of another base tip\n   reset     Reset current HEAD to the specified state\n   switch    Switch branches\n   tag       Create, list, delete or verify a tag object signed with GPG\n\ncollaborate (see also: git help workflows)\n   fetch     Download objects and refs from another repository\n   pull      Fetch from and integrate with another repository or a local branch\n   push      Update remote refs along with associated objects\n\n'git help -a' and 'git help -g' list available subcommands and some\nconcept guides. See 'git help <command>' or 'git help <concept>'\nto read about a specific subcommand or concept.\nSee 'git help git' for an overview of the system.\n""
[0m22:22:05.959612 [debug] [MainThread]: STDERR: "b''"
[0m22:22:05.961169 [info ] [MainThread]:  - git [[32mOK found[0m]

[0m22:22:05.962636 [info ] [MainThread]: Connection:
[0m22:22:05.964321 [info ] [MainThread]:   method: oauth
[0m22:22:05.965824 [info ] [MainThread]:   database: nyc-motor-vehicle-collision-12
[0m22:22:05.967247 [info ] [MainThread]:   execution_project: nyc-motor-vehicle-collision-12
[0m22:22:05.969399 [info ] [MainThread]:   schema: nyc_motor_vehicle_collision_dataset
[0m22:22:05.971428 [info ] [MainThread]:   location: US
[0m22:22:05.974473 [info ] [MainThread]:   priority: interactive
[0m22:22:05.977266 [info ] [MainThread]:   maximum_bytes_billed: None
[0m22:22:05.979209 [info ] [MainThread]:   impersonate_service_account: None
[0m22:22:05.981069 [info ] [MainThread]:   job_retry_deadline_seconds: None
[0m22:22:05.982610 [info ] [MainThread]:   job_retries: 1
[0m22:22:05.984119 [info ] [MainThread]:   job_creation_timeout_seconds: None
[0m22:22:05.985931 [info ] [MainThread]:   job_execution_timeout_seconds: 300
[0m22:22:05.992879 [info ] [MainThread]:   timeout_seconds: 300
[0m22:22:05.995013 [info ] [MainThread]:   client_id: None
[0m22:22:05.997325 [info ] [MainThread]:   token_uri: None
[0m22:22:06.000472 [info ] [MainThread]:   compute_region: None
[0m22:22:06.002994 [info ] [MainThread]:   dataproc_cluster_name: None
[0m22:22:06.005045 [info ] [MainThread]:   gcs_bucket: None
[0m22:22:06.007081 [info ] [MainThread]:   dataproc_batch: None
[0m22:22:06.009536 [info ] [MainThread]: Registered adapter: bigquery=1.11.1
[0m22:22:06.247467 [debug] [MainThread]: Acquiring new bigquery connection 'debug'
[0m22:22:06.248311 [debug] [MainThread]: On debug: select 1 as id
[0m22:22:06.249257 [debug] [MainThread]: Opening a new connection, currently in state init
[0m22:22:13.537943 [debug] [MainThread]: BigQuery adapter: https://console.cloud.google.com/bigquery?project=nyc-motor-vehicle-collision-12&j=bq:US:b0c7022a-8f20-4255-a079-9c09101c179c&page=queryresults
[0m22:22:14.377933 [debug] [MainThread]: SQL status: OK in 0.835 seconds
[0m22:22:15.393808 [info ] [MainThread]:   Connection test: [[32mOK connection ok[0m]

[0m22:22:15.397342 [info ] [MainThread]: [32mAll checks passed![0m
[0m22:22:15.401864 [debug] [MainThread]: Resource report: {"command_name": "debug", "command_success": true, "command_wall_clock_time": 13.650095, "process_in_blocks": "260192", "process_kernel_time": 1.833074, "process_mem_max_rss": "222324", "process_out_blocks": "24", "process_user_time": 6.976322}
[0m22:22:15.405691 [debug] [MainThread]: Command `dbt debug` succeeded at 22:22:15.404495 after 13.65 seconds
[0m22:22:15.415860 [debug] [MainThread]: Connection 'debug' was properly closed.
[0m22:22:15.421395 [debug] [MainThread]: Sending event: {'category': 'dbt', 'action': 'invocation', 'label': 'end', 'context': [<snowplow_tracker.self_describing_json.SelfDescribingJson object at 0x7ae3c3845040>, <snowplow_tracker.self_describing_json.SelfDescribingJson object at 0x7ae3a5c83740>, <snowplow_tracker.self_describing_json.SelfDescribingJson object at 0x7ae3c2fde0c0>]}
[0m22:22:15.425032 [debug] [MainThread]: Flushing usage events
[0m22:22:22.354336 [debug] [MainThread]: An error was encountered while trying to flush usage events
[0m22:24:32.542212 [debug] [MainThread]: Sending event: {'category': 'dbt', 'action': 'invocation', 'label': 'start', 'context': [<snowplow_tracker.self_describing_json.SelfDescribingJson object at 0x7b729862bec0>, <snowplow_tracker.self_describing_json.SelfDescribingJson object at 0x7b7298c25400>, <snowplow_tracker.self_describing_json.SelfDescribingJson object at 0x7b7298c62b40>]}


============================== 22:24:32.550142 | 3ba41106-820f-419f-86d4-8dc9e5fbb9f2 ==============================
[0m22:24:32.550142 [info ] [MainThread]: Running with dbt=1.11.8
[0m22:24:32.551571 [debug] [MainThread]: running dbt with arguments {'fail_fast': 'False', 'warn_error': 'None', 'empty': 'False', 'debug': 'False', 'use_experimental_parser': 'False', 'no_print': 'None', 'introspect': 'True', 'partial_parse': 'True', 'log_cache_events': 'False', 'invocation_command': 'dbt run', 'profiles_dir': '/home/kwakut/.dbt', 'write_json': 'True', 'cache_selected_only': 'False', 'log_path': '/home/kwakut/nyc-vehicle-collisions-project/dbt_nyc_vehicle_crashes/logs', 'send_anonymous_usage_stats': 'True', 'indirect_selection': 'eager', 'quiet': 'False', 'static_parser': 'True', 'use_colors': 'True', 'log_format': 'default', 'warn_error_options': 'WarnErrorOptionsV2(error=[], warn=[], silence=[])', 'printer_width': '80', 'version_check': 'True', 'target_path': 'None'}
[0m22:24:34.365568 [debug] [MainThread]: Sending event: {'category': 'dbt', 'action': 'project_id', 'label': '3ba41106-820f-419f-86d4-8dc9e5fbb9f2', 'context': [<snowplow_tracker.self_describing_json.SelfDescribingJson object at 0x7b7298bd1eb0>]}
[0m22:24:34.504029 [debug] [MainThread]: Sending event: {'category': 'dbt', 'action': 'adapter_info', 'label': '3ba41106-820f-419f-86d4-8dc9e5fbb9f2', 'context': [<snowplow_tracker.self_describing_json.SelfDescribingJson object at 0x7b727aae2810>]}
[0m22:24:34.505566 [info ] [MainThread]: Registered adapter: bigquery=1.11.1
[0m22:24:34.753592 [debug] [MainThread]: checksum: 7d524ac048c2100769df89d592e662e060a73ca564e31bd9c2a37efdfe8d8ab6, vars: {}, profile: , target: , version: 1.11.8
[0m22:24:35.266978 [debug] [MainThread]: Partial parsing enabled: 3 files deleted, 0 files added, 0 files changed.
[0m22:24:35.268491 [debug] [MainThread]: Partial parsing: deleted file: dbt_nyc_vehicle_crashes://models/mart/mart_monthly_crashes.sql
[0m22:24:35.269507 [debug] [MainThread]: Partial parsing: deleted file: dbt_nyc_vehicle_crashes://models/staging/stg_2025_nyc_crashes.sql
[0m22:24:35.361919 [warn ] [MainThread]: [[33mWARNING[0m]: Configuration paths exist in your dbt_project.yml file which do not apply to any resources.
There are 2 unused configuration paths:
- models.dbt_nyc_vehicle_crashes.staging
- models.dbt_nyc_vehicle_crashes.mart
[0m22:24:35.377775 [debug] [MainThread]: Sending event: {'category': 'dbt', 'action': 'load_project', 'label': '3ba41106-820f-419f-86d4-8dc9e5fbb9f2', 'context': [<snowplow_tracker.self_describing_json.SelfDescribingJson object at 0x7b727a6d8440>]}
[0m22:24:35.519521 [debug] [MainThread]: Wrote artifact WritableManifest to /home/kwakut/nyc-vehicle-collisions-project/dbt_nyc_vehicle_crashes/target/manifest.json
[0m22:24:35.531123 [debug] [MainThread]: Wrote artifact SemanticManifest to /home/kwakut/nyc-vehicle-collisions-project/dbt_nyc_vehicle_crashes/target/semantic_manifest.json
[0m22:24:35.561332 [debug] [MainThread]: Sending event: {'category': 'dbt', 'action': 'resource_counts', 'label': '3ba41106-820f-419f-86d4-8dc9e5fbb9f2', 'context': [<snowplow_tracker.self_describing_json.SelfDescribingJson object at 0x7b727a88ea50>]}
[0m22:24:35.562921 [info ] [MainThread]: Found 539 macros
[0m22:24:35.564968 [debug] [MainThread]: Sending event: {'category': 'dbt', 'action': 'runnable_timing', 'label': '3ba41106-820f-419f-86d4-8dc9e5fbb9f2', 'context': [<snowplow_tracker.self_describing_json.SelfDescribingJson object at 0x7b727a946660>]}
[0m22:24:35.569220 [warn ] [MainThread]: Nothing to do. Try checking your model configs and model specification args
[0m22:24:35.578276 [debug] [MainThread]: Command end result
[0m22:24:35.686037 [debug] [MainThread]: Wrote artifact WritableManifest to /home/kwakut/nyc-vehicle-collisions-project/dbt_nyc_vehicle_crashes/target/manifest.json
[0m22:24:35.690282 [debug] [MainThread]: Wrote artifact SemanticManifest to /home/kwakut/nyc-vehicle-collisions-project/dbt_nyc_vehicle_crashes/target/semantic_manifest.json
[0m22:24:35.698424 [debug] [MainThread]: Wrote artifact RunExecutionResult to /home/kwakut/nyc-vehicle-collisions-project/dbt_nyc_vehicle_crashes/target/run_results.json
[0m22:24:35.700211 [debug] [MainThread]: Resource report: {"command_name": "run", "command_success": true, "command_wall_clock_time": 3.267636, "process_in_blocks": "4824", "process_kernel_time": 0.87102, "process_mem_max_rss": "222288", "process_out_blocks": "3448", "process_user_time": 5.742283}
[0m22:24:35.701966 [debug] [MainThread]: Command `dbt run` succeeded at 22:24:35.701649 after 3.27 seconds
[0m22:24:35.703000 [debug] [MainThread]: Sending event: {'category': 'dbt', 'action': 'invocation', 'label': 'end', 'context': [<snowplow_tracker.self_describing_json.SelfDescribingJson object at 0x7b7297e27aa0>, <snowplow_tracker.self_describing_json.SelfDescribingJson object at 0x7b727a93b170>, <snowplow_tracker.self_describing_json.SelfDescribingJson object at 0x7b7298b73f80>]}
[0m22:24:35.704005 [debug] [MainThread]: Flushing usage events
[0m22:24:37.745032 [debug] [MainThread]: An error was encountered while trying to flush usage events
[0m00:19:03.468315 [debug] [MainThread]: Sending event: {'category': 'dbt', 'action': 'invocation', 'label': 'start', 'context': [<snowplow_tracker.self_describing_json.SelfDescribingJson object at 0x71fec1a8db80>, <snowplow_tracker.self_describing_json.SelfDescribingJson object at 0x71fec254d9a0>, <snowplow_tracker.self_describing_json.SelfDescribingJson object at 0x71fec1e139e0>]}


============================== 00:19:03.473699 | eabd0dc5-b72c-4023-8914-014f1730dea5 ==============================
[0m00:19:03.473699 [info ] [MainThread]: Running with dbt=1.11.8
[0m00:19:03.474534 [debug] [MainThread]: running dbt with arguments {'quiet': 'False', 'profiles_dir': '/home/kwakut/.dbt', 'warn_error': 'None', 'log_path': '/home/kwakut/nyc-vehicle-collisions-project/dbt_nyc_vehicle_crashes/logs', 'static_parser': 'True', 'use_colors': 'True', 'log_format': 'default', 'fail_fast': 'False', 'empty': 'None', 'indirect_selection': 'eager', 'write_json': 'True', 'printer_width': '80', 'warn_error_options': 'WarnErrorOptionsV2(error=[], warn=[], silence=[])', 'use_experimental_parser': 'False', 'cache_selected_only': 'False', 'partial_parse': 'True', 'no_print': 'None', 'version_check': 'True', 'introspect': 'True', 'debug': 'False', 'invocation_command': 'dbt debug', 'send_anonymous_usage_stats': 'True', 'target_path': 'None', 'log_cache_events': 'False'}
[0m00:19:03.487672 [info ] [MainThread]: dbt version: 1.11.8
[0m00:19:03.488470 [info ] [MainThread]: python version: 3.12.3
[0m00:19:03.489324 [info ] [MainThread]: python path: /home/kwakut/nyc-vehicle-collisions-project/dbt-env/bin/python3
[0m00:19:03.490035 [info ] [MainThread]: os info: Linux-6.6.87.2-microsoft-standard-WSL2-x86_64-with-glibc2.39
[0m00:19:04.635632 [info ] [MainThread]: Using profiles dir at /home/kwakut/.dbt
[0m00:19:04.636441 [info ] [MainThread]: Using profiles.yml file at /home/kwakut/.dbt/profiles.yml
[0m00:19:04.637360 [info ] [MainThread]: Using dbt_project.yml file at /home/kwakut/nyc-vehicle-collisions-project/dbt_nyc_vehicle_crashes/dbt_project.yml
[0m00:19:04.638480 [info ] [MainThread]: adapter type: bigquery
[0m00:19:04.639466 [info ] [MainThread]: adapter version: 1.11.1
[0m00:19:04.804661 [info ] [MainThread]: Configuration:
[0m00:19:04.805361 [info ] [MainThread]:   profiles.yml file [[32mOK found and valid[0m]
[0m00:19:04.805942 [info ] [MainThread]:   dbt_project.yml file [[32mOK found and valid[0m]
[0m00:19:04.806482 [info ] [MainThread]: Required dependencies:
[0m00:19:04.807048 [debug] [MainThread]: Executing "git --help"
[0m00:19:04.809985 [debug] [MainThread]: STDOUT: "b"usage: git [-v | --version] [-h | --help] [-C <path>] [-c <name>=<value>]\n           [--exec-path[=<path>]] [--html-path] [--man-path] [--info-path]\n           [-p | --paginate | -P | --no-pager] [--no-replace-objects] [--bare]\n           [--git-dir=<path>] [--work-tree=<path>] [--namespace=<name>]\n           [--config-env=<name>=<envvar>] <command> [<args>]\n\nThese are common Git commands used in various situations:\n\nstart a working area (see also: git help tutorial)\n   clone     Clone a repository into a new directory\n   init      Create an empty Git repository or reinitialize an existing one\n\nwork on the current change (see also: git help everyday)\n   add       Add file contents to the index\n   mv        Move or rename a file, a directory, or a symlink\n   restore   Restore working tree files\n   rm        Remove files from the working tree and from the index\n\nexamine the history and state (see also: git help revisions)\n   bisect    Use binary search to find the commit that introduced a bug\n   diff      Show changes between commits, commit and working tree, etc\n   grep      Print lines matching a pattern\n   log       Show commit logs\n   show      Show various types of objects\n   status    Show the working tree status\n\ngrow, mark and tweak your common history\n   branch    List, create, or delete branches\n   commit    Record changes to the repository\n   merge     Join two or more development histories together\n   rebase    Reapply commits on top of another base tip\n   reset     Reset current HEAD to the specified state\n   switch    Switch branches\n   tag       Create, list, delete or verify a tag object signed with GPG\n\ncollaborate (see also: git help workflows)\n   fetch     Download objects and refs from another repository\n   pull      Fetch from and integrate with another repository or a local branch\n   push      Update remote refs along with associated objects\n\n'git help -a' and 'git help -g' list available subcommands and some\nconcept guides. See 'git help <command>' or 'git help <concept>'\nto read about a specific subcommand or concept.\nSee 'git help git' for an overview of the system.\n""
[0m00:19:04.810783 [debug] [MainThread]: STDERR: "b''"
[0m00:19:04.811674 [info ] [MainThread]:  - git [[32mOK found[0m]

[0m00:19:04.814051 [info ] [MainThread]: Connection:
[0m00:19:04.815017 [info ] [MainThread]:   method: oauth
[0m00:19:04.815784 [info ] [MainThread]:   database: nyc-motor-vehicle-collision-12
[0m00:19:04.816551 [info ] [MainThread]:   execution_project: nyc-motor-vehicle-collision-12
[0m00:19:04.817381 [info ] [MainThread]:   schema: nyc_motor_vehicle_collision_dataset
[0m00:19:04.818300 [info ] [MainThread]:   location: US
[0m00:19:04.819270 [info ] [MainThread]:   priority: interactive
[0m00:19:04.820292 [info ] [MainThread]:   maximum_bytes_billed: None
[0m00:19:04.821252 [info ] [MainThread]:   impersonate_service_account: None
[0m00:19:04.822091 [info ] [MainThread]:   job_retry_deadline_seconds: None
[0m00:19:04.822852 [info ] [MainThread]:   job_retries: 1
[0m00:19:04.823648 [info ] [MainThread]:   job_creation_timeout_seconds: None
[0m00:19:04.824475 [info ] [MainThread]:   job_execution_timeout_seconds: 300
[0m00:19:04.825639 [info ] [MainThread]:   timeout_seconds: 300
[0m00:19:04.826820 [info ] [MainThread]:   client_id: None
[0m00:19:04.828933 [info ] [MainThread]:   token_uri: None
[0m00:19:04.831173 [info ] [MainThread]:   compute_region: None
[0m00:19:04.832438 [info ] [MainThread]:   dataproc_cluster_name: None
[0m00:19:04.833255 [info ] [MainThread]:   gcs_bucket: None
[0m00:19:04.833938 [info ] [MainThread]:   dataproc_batch: None
[0m00:19:04.834906 [info ] [MainThread]: Registered adapter: bigquery=1.11.1
[0m00:19:05.006934 [debug] [MainThread]: Acquiring new bigquery connection 'debug'
[0m00:19:05.007479 [debug] [MainThread]: On debug: select 1 as id
[0m00:19:05.007973 [debug] [MainThread]: Opening a new connection, currently in state init
[0m00:19:08.888501 [debug] [MainThread]: BigQuery adapter: https://console.cloud.google.com/bigquery?project=nyc-motor-vehicle-collision-12&j=bq:US:bd6d98e5-97ee-4a55-8034-6a45a4a7d43b&page=queryresults
[0m00:19:09.466919 [debug] [MainThread]: SQL status: OK in 0.576 seconds
[0m00:19:10.146675 [info ] [MainThread]:   Connection test: [[32mOK connection ok[0m]

[0m00:19:10.149938 [info ] [MainThread]: [32mAll checks passed![0m
[0m00:19:10.154750 [debug] [MainThread]: Resource report: {"command_name": "debug", "command_success": true, "command_wall_clock_time": 6.760191, "process_in_blocks": "280", "process_kernel_time": 0.556309, "process_mem_max_rss": "222876", "process_out_blocks": "24", "process_user_time": 3.613984}
[0m00:19:10.158850 [debug] [MainThread]: Command `dbt debug` succeeded at 00:19:10.157997 after 6.76 seconds
[0m00:19:10.161195 [debug] [MainThread]: Connection 'debug' was properly closed.
[0m00:19:10.163717 [debug] [MainThread]: Sending event: {'category': 'dbt', 'action': 'invocation', 'label': 'end', 'context': [<snowplow_tracker.self_describing_json.SelfDescribingJson object at 0x71fec1da7f20>, <snowplow_tracker.self_describing_json.SelfDescribingJson object at 0x71fec254d9a0>, <snowplow_tracker.self_describing_json.SelfDescribingJson object at 0x71fea9acb740>]}
[0m00:19:10.166494 [debug] [MainThread]: Flushing usage events
[0m00:19:11.675384 [debug] [MainThread]: An error was encountered while trying to flush usage events
[0m00:26:10.763930 [debug] [MainThread]: Sending event: {'category': 'dbt', 'action': 'invocation', 'label': 'start', 'context': [<snowplow_tracker.self_describing_json.SelfDescribingJson object at 0x7f2835a9f0b0>, <snowplow_tracker.self_describing_json.SelfDescribingJson object at 0x7f2834f3d040>, <snowplow_tracker.self_describing_json.SelfDescribingJson object at 0x7f28355271a0>]}


============================== 00:26:10.768175 | 5b23c55c-c854-4e08-88ec-6dabde167ae6 ==============================
[0m00:26:10.768175 [info ] [MainThread]: Running with dbt=1.11.8
[0m00:26:10.769123 [debug] [MainThread]: running dbt with arguments {'fail_fast': 'False', 'printer_width': '80', 'version_check': 'True', 'log_format': 'default', 'invocation_command': 'dbt run', 'static_parser': 'True', 'partial_parse': 'True', 'introspect': 'True', 'empty': 'False', 'use_colors': 'True', 'warn_error': 'None', 'no_print': 'None', 'target_path': 'None', 'log_path': '/home/kwakut/nyc-vehicle-collisions-project/dbt_nyc_vehicle_crashes/logs', 'debug': 'False', 'profiles_dir': '/home/kwakut/.dbt', 'warn_error_options': 'WarnErrorOptionsV2(error=[], warn=[], silence=[])', 'quiet': 'False', 'log_cache_events': 'False', 'send_anonymous_usage_stats': 'True', 'write_json': 'True', 'indirect_selection': 'eager', 'cache_selected_only': 'False', 'use_experimental_parser': 'False'}
[0m00:26:11.954187 [debug] [MainThread]: Sending event: {'category': 'dbt', 'action': 'project_id', 'label': '5b23c55c-c854-4e08-88ec-6dabde167ae6', 'context': [<snowplow_tracker.self_describing_json.SelfDescribingJson object at 0x7f2837810aa0>]}
[0m00:26:12.073524 [debug] [MainThread]: Sending event: {'category': 'dbt', 'action': 'adapter_info', 'label': '5b23c55c-c854-4e08-88ec-6dabde167ae6', 'context': [<snowplow_tracker.self_describing_json.SelfDescribingJson object at 0x7f2817da73e0>]}
[0m00:26:12.074524 [info ] [MainThread]: Registered adapter: bigquery=1.11.1
[0m00:26:12.294815 [debug] [MainThread]: checksum: 7d524ac048c2100769df89d592e662e060a73ca564e31bd9c2a37efdfe8d8ab6, vars: {}, profile: , target: , version: 1.11.8
[0m00:26:12.660195 [debug] [MainThread]: Partial parsing enabled: 0 files deleted, 2 files added, 0 files changed.
[0m00:26:12.661329 [debug] [MainThread]: Partial parsing: added file: dbt_nyc_vehicle_crashes://models/staging/stg_2025_nyc_crashes.sql
[0m00:26:12.662199 [debug] [MainThread]: Partial parsing: added file: dbt_nyc_vehicle_crashes://models/staging/schema.yml
[0m00:26:13.410767 [warn ] [MainThread]: [[33mWARNING[0m]: Configuration paths exist in your dbt_project.yml file which do not apply to any resources.
There are 1 unused configuration paths:
- models.dbt_nyc_vehicle_crashes.mart
[0m00:26:13.422370 [debug] [MainThread]: Sending event: {'category': 'dbt', 'action': 'load_project', 'label': '5b23c55c-c854-4e08-88ec-6dabde167ae6', 'context': [<snowplow_tracker.self_describing_json.SelfDescribingJson object at 0x7f281696e780>]}
[0m00:26:13.569136 [debug] [MainThread]: Wrote artifact WritableManifest to /home/kwakut/nyc-vehicle-collisions-project/dbt_nyc_vehicle_crashes/target/manifest.json
[0m00:26:13.576129 [debug] [MainThread]: Wrote artifact SemanticManifest to /home/kwakut/nyc-vehicle-collisions-project/dbt_nyc_vehicle_crashes/target/semantic_manifest.json
[0m00:26:13.595457 [debug] [MainThread]: Sending event: {'category': 'dbt', 'action': 'resource_counts', 'label': '5b23c55c-c854-4e08-88ec-6dabde167ae6', 'context': [<snowplow_tracker.self_describing_json.SelfDescribingJson object at 0x7f2816881d00>]}
[0m00:26:13.596315 [info ] [MainThread]: Found 1 model, 2 data tests, 1 source, 539 macros
[0m00:26:13.597227 [debug] [MainThread]: Sending event: {'category': 'dbt', 'action': 'runnable_timing', 'label': '5b23c55c-c854-4e08-88ec-6dabde167ae6', 'context': [<snowplow_tracker.self_describing_json.SelfDescribingJson object at 0x7f281767ffb0>]}
[0m00:26:13.601512 [info ] [MainThread]: 
[0m00:26:13.602552 [info ] [MainThread]: Concurrency: 1 threads (target='dev')
[0m00:26:13.603325 [info ] [MainThread]: 
[0m00:26:13.606807 [debug] [MainThread]: Acquiring new bigquery connection 'master'
[0m00:26:13.611129 [debug] [ThreadPool]: Acquiring new bigquery connection 'list_nyc-motor-vehicle-collision-12'
[0m00:26:13.612361 [debug] [ThreadPool]: Opening a new connection, currently in state init
[0m00:26:17.533057 [debug] [ThreadPool]: Re-using an available connection from the pool (formerly list_nyc-motor-vehicle-collision-12, now create_nyc-motor-vehicle-collision-12_nyc_motor_vehicle_collision_dataset_stg_2025_nyc_crashes)
[0m00:26:17.534220 [debug] [ThreadPool]: Creating schema "database: "nyc-motor-vehicle-collision-12"
schema: "nyc_motor_vehicle_collision_dataset_stg_2025_nyc_crashes"
"
[0m00:26:17.544198 [debug] [ThreadPool]: On create_nyc-motor-vehicle-collision-12_nyc_motor_vehicle_collision_dataset_stg_2025_nyc_crashes: /* {"app": "dbt", "dbt_version": "1.11.8", "profile_name": "dbt_nyc_vehicle_crashes", "target_name": "dev", "connection_name": "create_nyc-motor-vehicle-collision-12_nyc_motor_vehicle_collision_dataset_stg_2025_nyc_crashes"} */
create schema if not exists `nyc-motor-vehicle-collision-12`.`nyc_motor_vehicle_collision_dataset_stg_2025_nyc_crashes`
  
[0m00:26:17.544920 [debug] [ThreadPool]: Opening a new connection, currently in state closed
[0m00:26:18.978818 [debug] [ThreadPool]: BigQuery adapter: https://console.cloud.google.com/bigquery?project=nyc-motor-vehicle-collision-12&j=bq:US:1832a7fb-633c-4a50-9e95-741c23383709&page=queryresults
[0m00:26:20.897130 [debug] [ThreadPool]: SQL status: OK in 1.917 seconds
[0m00:26:20.965177 [debug] [ThreadPool]: Re-using an available connection from the pool (formerly create_nyc-motor-vehicle-collision-12_nyc_motor_vehicle_collision_dataset_stg_2025_nyc_crashes, now list_nyc-motor-vehicle-collision-12_nyc_motor_vehicle_collision_dataset_stg_2025_nyc_crashes)
[0m00:26:20.966084 [debug] [ThreadPool]: Opening a new connection, currently in state closed
[0m00:26:22.565042 [debug] [MainThread]: Sending event: {'category': 'dbt', 'action': 'runnable_timing', 'label': '5b23c55c-c854-4e08-88ec-6dabde167ae6', 'context': [<snowplow_tracker.self_describing_json.SelfDescribingJson object at 0x7f2817445c40>]}
[0m00:26:22.567564 [debug] [MainThread]: Opening a new connection, currently in state init
[0m00:26:22.601113 [debug] [Thread-1 (]: Began running node model.dbt_nyc_vehicle_crashes.stg_2025_nyc_crashes
[0m00:26:22.608735 [info ] [Thread-1 (]: 1 of 1 START sql table model nyc_motor_vehicle_collision_dataset_stg_2025_nyc_crashes.stg_2025_nyc_crashes  [RUN]
[0m00:26:22.613878 [debug] [Thread-1 (]: Re-using an available connection from the pool (formerly list_nyc-motor-vehicle-collision-12_nyc_motor_vehicle_collision_dataset_stg_2025_nyc_crashes, now model.dbt_nyc_vehicle_crashes.stg_2025_nyc_crashes)
[0m00:26:22.625558 [debug] [Thread-1 (]: Began compiling node model.dbt_nyc_vehicle_crashes.stg_2025_nyc_crashes
[0m00:26:22.704308 [debug] [Thread-1 (]: Writing injected SQL for node "model.dbt_nyc_vehicle_crashes.stg_2025_nyc_crashes"
[0m00:26:22.706051 [debug] [Thread-1 (]: Began executing node model.dbt_nyc_vehicle_crashes.stg_2025_nyc_crashes
[0m00:26:22.769398 [debug] [Thread-1 (]: Writing runtime sql for node "model.dbt_nyc_vehicle_crashes.stg_2025_nyc_crashes"
[0m00:26:22.771326 [debug] [Thread-1 (]: On model.dbt_nyc_vehicle_crashes.stg_2025_nyc_crashes: /* {"app": "dbt", "dbt_version": "1.11.8", "profile_name": "dbt_nyc_vehicle_crashes", "target_name": "dev", "node_id": "model.dbt_nyc_vehicle_crashes.stg_2025_nyc_crashes"} */

  
    

    create or replace table `nyc-motor-vehicle-collision-12`.`nyc_motor_vehicle_collision_dataset_stg_2025_nyc_crashes`.`stg_2025_nyc_crashes`
      
    
    

    
    OPTIONS()
    as (
      WITH source AS (

    SELECT
        DATE(SUBSTR(crash_date, 1, 10)) AS crash_date,
        SAFE.PARSE_TIME('%H:%M', crash_time) AS crash_time,
        on_street_name,
        off_street_name,
        SAFE_CAST(number_of_persons_injured AS INT64) AS number_of_persons_injured,
        SAFE_CAST(number_of_persons_killed AS INT64) AS number_of_persons_killed,
        SAFE_CAST(number_of_pedestrians_injured AS INT64) AS number_of_pedestrians_injured,
        SAFE_CAST(number_of_pedestrians_killed AS INT64) AS number_of_pedestrians_killed,
        SAFE_CAST(number_of_cyclist_injured AS INT64) AS number_of_cyclist_injured,
        SAFE_CAST(number_of_cyclist_killed AS INT64) AS number_of_cyclist_killed,
        SAFE_CAST(number_of_motorist_injured AS INT64) AS number_of_motorist_injured,
        SAFE_CAST(number_of_motorist_killed AS INT64) AS number_of_motorist_killed,
        contributing_factor_vehicle_1,
        contributing_factor_vehicle_2,
        CAST(collision_id AS INT64) AS collision_id,
        vehicle_type_code1 AS vehicle_type_code_1,
        vehicle_type_code2 AS vehicle_type_code_2,
        borough,
        zip_code,
        SAFE_CAST(latitude AS FLOAT64) AS latitude,
        SAFE_CAST(longitude AS FLOAT64) AS longitude,
        location,
        contributing_factor_vehicle_3,
        vehicle_type_code_3,
        cross_street_name,
        contributing_factor_vehicle_4,
        vehicle_type_code_4,
        contributing_factor_vehicle_5,
        vehicle_type_code_5
    FROM `nyc-motor-vehicle-collision-12`.`nyc_motor_vehicle_collision_dataset`.`nyc_motor_crashes`
)
SELECT 
    *,
    current_timestamp() AS ingestion_timestamp 
FROM source
    );
  
[0m00:26:22.772700 [debug] [Thread-1 (]: Opening a new connection, currently in state closed
[0m00:26:24.711981 [debug] [Thread-1 (]: BigQuery adapter: https://console.cloud.google.com/bigquery?project=nyc-motor-vehicle-collision-12&j=bq:US:818441e4-8c03-4f17-b324-8cc58a2451de&page=queryresults
[0m00:26:28.249767 [debug] [Thread-1 (]: SQL status: OK in 3.535 seconds
[0m00:26:29.156418 [debug] [Thread-1 (]: Sending event: {'category': 'dbt', 'action': 'run_model', 'label': '5b23c55c-c854-4e08-88ec-6dabde167ae6', 'context': [<snowplow_tracker.self_describing_json.SelfDescribingJson object at 0x7f2817a54740>]}
[0m00:26:29.159042 [info ] [Thread-1 (]: 1 of 1 OK created sql table model nyc_motor_vehicle_collision_dataset_stg_2025_nyc_crashes.stg_2025_nyc_crashes  [[32mCREATE TABLE (85.5k rows, 22.6 MiB processed)[0m in 6.53s]
[0m00:26:29.161486 [debug] [Thread-1 (]: Finished running node model.dbt_nyc_vehicle_crashes.stg_2025_nyc_crashes
[0m00:26:29.164973 [debug] [MainThread]: Opening a new connection, currently in state closed
[0m00:26:29.166282 [debug] [MainThread]: Connection 'master' was properly closed.
[0m00:26:29.167388 [debug] [MainThread]: Connection 'model.dbt_nyc_vehicle_crashes.stg_2025_nyc_crashes' was properly closed.
[0m00:26:29.168506 [info ] [MainThread]: 
[0m00:26:29.169714 [info ] [MainThread]: Finished running 1 table model in 0 hours 0 minutes and 15.56 seconds (15.56s).
[0m00:26:29.171763 [debug] [MainThread]: Command end result
[0m00:26:29.241529 [debug] [MainThread]: Wrote artifact WritableManifest to /home/kwakut/nyc-vehicle-collisions-project/dbt_nyc_vehicle_crashes/target/manifest.json
[0m00:26:29.244613 [debug] [MainThread]: Wrote artifact SemanticManifest to /home/kwakut/nyc-vehicle-collisions-project/dbt_nyc_vehicle_crashes/target/semantic_manifest.json
[0m00:26:29.251228 [debug] [MainThread]: Wrote artifact RunExecutionResult to /home/kwakut/nyc-vehicle-collisions-project/dbt_nyc_vehicle_crashes/target/run_results.json
[0m00:26:29.252347 [info ] [MainThread]: 
[0m00:26:29.253854 [info ] [MainThread]: [32mCompleted successfully[0m
[0m00:26:29.254728 [info ] [MainThread]: 
[0m00:26:29.256167 [info ] [MainThread]: Done. PASS=1 WARN=0 ERROR=0 SKIP=0 NO-OP=0 TOTAL=1
[0m00:26:29.257099 [debug] [MainThread]: Resource report: {"command_name": "run", "command_success": true, "command_wall_clock_time": 18.563526, "process_in_blocks": "5296", "process_kernel_time": 0.89396, "process_mem_max_rss": "237372", "process_out_blocks": "3624", "process_user_time": 5.717285}
[0m00:26:29.257744 [debug] [MainThread]: Command `dbt run` succeeded at 00:26:29.257613 after 18.56 seconds
[0m00:26:29.258250 [debug] [MainThread]: Sending event: {'category': 'dbt', 'action': 'invocation', 'label': 'end', 'context': [<snowplow_tracker.self_describing_json.SelfDescribingJson object at 0x7f28350c8aa0>, <snowplow_tracker.self_describing_json.SelfDescribingJson object at 0x7f2815d007a0>, <snowplow_tracker.self_describing_json.SelfDescribingJson object at 0x7f2817445c40>]}
[0m00:26:29.258765 [debug] [MainThread]: Flushing usage events
[0m00:26:32.143516 [debug] [MainThread]: An error was encountered while trying to flush usage events
[0m20:43:58.930033 [debug] [MainThread]: Sending event: {'category': 'dbt', 'action': 'invocation', 'label': 'start', 'context': [<snowplow_tracker.self_describing_json.SelfDescribingJson object at 0x704296d66120>, <snowplow_tracker.self_describing_json.SelfDescribingJson object at 0x704294f6a060>, <snowplow_tracker.self_describing_json.SelfDescribingJson object at 0x704294fc9940>]}


============================== 20:43:58.946265 | 1fe504d0-8090-476c-8b53-3e038aef5cd7 ==============================
[0m20:43:58.946265 [info ] [MainThread]: Running with dbt=1.11.8
[0m20:43:58.948376 [debug] [MainThread]: running dbt with arguments {'log_path': '/home/kwakut/nyc-vehicle-collisions-project/dbt_nyc_vehicle_crashes/logs', 'quiet': 'False', 'fail_fast': 'False', 'version_check': 'True', 'write_json': 'True', 'log_cache_events': 'False', 'introspect': 'True', 'invocation_command': 'dbt debug', 'use_experimental_parser': 'False', 'static_parser': 'True', 'send_anonymous_usage_stats': 'True', 'partial_parse': 'True', 'warn_error': 'None', 'use_colors': 'True', 'indirect_selection': 'eager', 'target_path': 'None', 'printer_width': '80', 'profiles_dir': '/home/kwakut/.dbt', 'debug': 'False', 'cache_selected_only': 'False', 'no_print': 'None', 'empty': 'None', 'log_format': 'default', 'warn_error_options': 'WarnErrorOptionsV2(error=[], warn=[], silence=[])'}
[0m20:43:58.995639 [info ] [MainThread]: dbt version: 1.11.8
[0m20:43:58.996617 [info ] [MainThread]: python version: 3.12.3
[0m20:43:58.997829 [info ] [MainThread]: python path: /home/kwakut/nyc-vehicle-collisions-project/dbt-env/bin/python3
[0m20:43:58.998983 [info ] [MainThread]: os info: Linux-6.6.87.2-microsoft-standard-WSL2-x86_64-with-glibc2.39
[0m20:44:02.463670 [info ] [MainThread]: Using profiles dir at /home/kwakut/.dbt
[0m20:44:02.465140 [info ] [MainThread]: Using profiles.yml file at /home/kwakut/.dbt/profiles.yml
[0m20:44:02.466529 [info ] [MainThread]: Using dbt_project.yml file at /home/kwakut/nyc-vehicle-collisions-project/dbt_nyc_vehicle_crashes/dbt_project.yml
[0m20:44:02.467469 [info ] [MainThread]: adapter type: bigquery
[0m20:44:02.468688 [info ] [MainThread]: adapter version: 1.11.1
[0m20:44:02.763736 [info ] [MainThread]: Configuration:
[0m20:44:02.764468 [info ] [MainThread]:   profiles.yml file [[32mOK found and valid[0m]
[0m20:44:02.765134 [info ] [MainThread]:   dbt_project.yml file [[32mOK found and valid[0m]
[0m20:44:02.766065 [info ] [MainThread]: Required dependencies:
[0m20:44:02.767144 [debug] [MainThread]: Executing "git --help"
[0m20:44:02.775703 [debug] [MainThread]: STDOUT: "b"usage: git [-v | --version] [-h | --help] [-C <path>] [-c <name>=<value>]\n           [--exec-path[=<path>]] [--html-path] [--man-path] [--info-path]\n           [-p | --paginate | -P | --no-pager] [--no-replace-objects] [--bare]\n           [--git-dir=<path>] [--work-tree=<path>] [--namespace=<name>]\n           [--config-env=<name>=<envvar>] <command> [<args>]\n\nThese are common Git commands used in various situations:\n\nstart a working area (see also: git help tutorial)\n   clone     Clone a repository into a new directory\n   init      Create an empty Git repository or reinitialize an existing one\n\nwork on the current change (see also: git help everyday)\n   add       Add file contents to the index\n   mv        Move or rename a file, a directory, or a symlink\n   restore   Restore working tree files\n   rm        Remove files from the working tree and from the index\n\nexamine the history and state (see also: git help revisions)\n   bisect    Use binary search to find the commit that introduced a bug\n   diff      Show changes between commits, commit and working tree, etc\n   grep      Print lines matching a pattern\n   log       Show commit logs\n   show      Show various types of objects\n   status    Show the working tree status\n\ngrow, mark and tweak your common history\n   branch    List, create, or delete branches\n   commit    Record changes to the repository\n   merge     Join two or more development histories together\n   rebase    Reapply commits on top of another base tip\n   reset     Reset current HEAD to the specified state\n   switch    Switch branches\n   tag       Create, list, delete or verify a tag object signed with GPG\n\ncollaborate (see also: git help workflows)\n   fetch     Download objects and refs from another repository\n   pull      Fetch from and integrate with another repository or a local branch\n   push      Update remote refs along with associated objects\n\n'git help -a' and 'git help -g' list available subcommands and some\nconcept guides. See 'git help <command>' or 'git help <concept>'\nto read about a specific subcommand or concept.\nSee 'git help git' for an overview of the system.\n""
[0m20:44:02.777267 [debug] [MainThread]: STDERR: "b''"
[0m20:44:02.778400 [info ] [MainThread]:  - git [[32mOK found[0m]

[0m20:44:02.779936 [info ] [MainThread]: Connection:
[0m20:44:02.781909 [info ] [MainThread]:   method: oauth
[0m20:44:02.783099 [info ] [MainThread]:   database: nyc-motor-vehicle-collision-12
[0m20:44:02.784085 [info ] [MainThread]:   execution_project: nyc-motor-vehicle-collision-12
[0m20:44:02.785327 [info ] [MainThread]:   schema: nyc_motor_vehicle_collision_dataset
[0m20:44:02.786413 [info ] [MainThread]:   location: US
[0m20:44:02.787537 [info ] [MainThread]:   priority: interactive
[0m20:44:02.788877 [info ] [MainThread]:   maximum_bytes_billed: None
[0m20:44:02.790537 [info ] [MainThread]:   impersonate_service_account: None
[0m20:44:02.793756 [info ] [MainThread]:   job_retry_deadline_seconds: None
[0m20:44:02.794640 [info ] [MainThread]:   job_retries: 1
[0m20:44:02.795563 [info ] [MainThread]:   job_creation_timeout_seconds: None
[0m20:44:02.801134 [info ] [MainThread]:   job_execution_timeout_seconds: 300
[0m20:44:02.802454 [info ] [MainThread]:   timeout_seconds: 300
[0m20:44:02.803626 [info ] [MainThread]:   client_id: None
[0m20:44:02.804783 [info ] [MainThread]:   token_uri: None
[0m20:44:02.805726 [info ] [MainThread]:   compute_region: None
[0m20:44:02.816374 [info ] [MainThread]:   dataproc_cluster_name: None
[0m20:44:02.817723 [info ] [MainThread]:   gcs_bucket: None
[0m20:44:02.819001 [info ] [MainThread]:   dataproc_batch: None
[0m20:44:02.820690 [info ] [MainThread]: Registered adapter: bigquery=1.11.1
[0m20:44:04.091182 [debug] [MainThread]: Acquiring new bigquery connection 'debug'
[0m20:44:04.095577 [debug] [MainThread]: On debug: select 1 as id
[0m20:44:04.099114 [debug] [MainThread]: Opening a new connection, currently in state init
[0m20:44:10.564767 [debug] [MainThread]: BigQuery adapter: https://console.cloud.google.com/bigquery?project=nyc-motor-vehicle-collision-12&j=bq:US:89bb3f70-37dd-4c20-94df-1386b8d067f0&page=queryresults
[0m20:44:10.967837 [debug] [MainThread]: SQL status: OK in 0.402 seconds
[0m20:44:11.682787 [info ] [MainThread]:   Connection test: [[32mOK connection ok[0m]

[0m20:44:11.684089 [info ] [MainThread]: [32mAll checks passed![0m
[0m20:44:11.685795 [debug] [MainThread]: Resource report: {"command_name": "debug", "command_success": true, "command_wall_clock_time": 12.940694, "process_in_blocks": "56928", "process_kernel_time": 3.356434, "process_mem_max_rss": "222968", "process_out_blocks": "24", "process_user_time": 8.013488}
[0m20:44:11.686589 [debug] [MainThread]: Command `dbt debug` succeeded at 20:44:11.686386 after 12.94 seconds
[0m20:44:11.687381 [debug] [MainThread]: Connection 'debug' was properly closed.
[0m20:44:11.688837 [debug] [MainThread]: Sending event: {'category': 'dbt', 'action': 'invocation', 'label': 'end', 'context': [<snowplow_tracker.self_describing_json.SelfDescribingJson object at 0x70427c2ce8a0>, <snowplow_tracker.self_describing_json.SelfDescribingJson object at 0x70427e538530>, <snowplow_tracker.self_describing_json.SelfDescribingJson object at 0x704295d0b920>]}
[0m20:44:11.690031 [debug] [MainThread]: Flushing usage events
[0m20:44:13.097189 [debug] [MainThread]: An error was encountered while trying to flush usage events
[0m20:45:10.643927 [debug] [MainThread]: Sending event: {'category': 'dbt', 'action': 'invocation', 'label': 'start', 'context': [<snowplow_tracker.self_describing_json.SelfDescribingJson object at 0x731208ca0380>, <snowplow_tracker.self_describing_json.SelfDescribingJson object at 0x73120858d910>, <snowplow_tracker.self_describing_json.SelfDescribingJson object at 0x731208be6f60>]}


============================== 20:45:10.652954 | 7b26fe1d-fb74-4b9c-ba62-5f06be14b7db ==============================
[0m20:45:10.652954 [info ] [MainThread]: Running with dbt=1.11.8
[0m20:45:10.654775 [debug] [MainThread]: running dbt with arguments {'quiet': 'False', 'printer_width': '80', 'version_check': 'True', 'debug': 'False', 'log_path': '/home/kwakut/nyc-vehicle-collisions-project/dbt_nyc_vehicle_crashes/logs', 'log_cache_events': 'False', 'use_experimental_parser': 'False', 'invocation_command': 'dbt run', 'write_json': 'True', 'warn_error_options': 'WarnErrorOptionsV2(error=[], warn=[], silence=[])', 'target_path': 'None', 'partial_parse': 'True', 'warn_error': 'None', 'send_anonymous_usage_stats': 'True', 'empty': 'False', 'cache_selected_only': 'False', 'indirect_selection': 'eager', 'use_colors': 'True', 'profiles_dir': '/home/kwakut/.dbt', 'no_print': 'None', 'static_parser': 'True', 'log_format': 'default', 'fail_fast': 'False', 'introspect': 'True'}
[0m20:45:12.992627 [debug] [MainThread]: Sending event: {'category': 'dbt', 'action': 'project_id', 'label': '7b26fe1d-fb74-4b9c-ba62-5f06be14b7db', 'context': [<snowplow_tracker.self_describing_json.SelfDescribingJson object at 0x73120b0e4860>]}
[0m20:45:13.226393 [debug] [MainThread]: Sending event: {'category': 'dbt', 'action': 'adapter_info', 'label': '7b26fe1d-fb74-4b9c-ba62-5f06be14b7db', 'context': [<snowplow_tracker.self_describing_json.SelfDescribingJson object at 0x73120941d0d0>]}
[0m20:45:13.229429 [info ] [MainThread]: Registered adapter: bigquery=1.11.1
[0m20:45:13.798268 [debug] [MainThread]: checksum: 7d524ac048c2100769df89d592e662e060a73ca564e31bd9c2a37efdfe8d8ab6, vars: {}, profile: , target: , version: 1.11.8
[0m20:45:14.446572 [debug] [MainThread]: Partial parsing enabled: 0 files deleted, 0 files added, 2 files changed.
[0m20:45:14.448915 [debug] [MainThread]: Partial parsing: updated file: dbt_nyc_vehicle_crashes://models/staging/schema.yml
[0m20:45:14.449759 [debug] [MainThread]: Partial parsing: updated file: dbt_nyc_vehicle_crashes://models/staging/stg_2025_nyc_crashes.sql
[0m20:45:15.718447 [warn ] [MainThread]: [[33mWARNING[0m]: Configuration paths exist in your dbt_project.yml file which do not apply to any resources.
There are 1 unused configuration paths:
- models.dbt_nyc_vehicle_crashes.mart
[0m20:45:15.739043 [debug] [MainThread]: Sending event: {'category': 'dbt', 'action': 'load_project', 'label': '7b26fe1d-fb74-4b9c-ba62-5f06be14b7db', 'context': [<snowplow_tracker.self_describing_json.SelfDescribingJson object at 0x7311ea47b740>]}
[0m20:45:15.964138 [debug] [MainThread]: Wrote artifact WritableManifest to /home/kwakut/nyc-vehicle-collisions-project/dbt_nyc_vehicle_crashes/target/manifest.json
[0m20:45:15.978108 [debug] [MainThread]: Wrote artifact SemanticManifest to /home/kwakut/nyc-vehicle-collisions-project/dbt_nyc_vehicle_crashes/target/semantic_manifest.json
[0m20:45:16.004855 [debug] [MainThread]: Sending event: {'category': 'dbt', 'action': 'resource_counts', 'label': '7b26fe1d-fb74-4b9c-ba62-5f06be14b7db', 'context': [<snowplow_tracker.self_describing_json.SelfDescribingJson object at 0x7311ea3f0410>]}
[0m20:45:16.005952 [info ] [MainThread]: Found 1 model, 2 data tests, 1 source, 539 macros
[0m20:45:16.006625 [debug] [MainThread]: Sending event: {'category': 'dbt', 'action': 'runnable_timing', 'label': '7b26fe1d-fb74-4b9c-ba62-5f06be14b7db', 'context': [<snowplow_tracker.self_describing_json.SelfDescribingJson object at 0x7311ea44f710>]}
[0m20:45:16.010796 [info ] [MainThread]: 
[0m20:45:16.011928 [info ] [MainThread]: Concurrency: 1 threads (target='dev')
[0m20:45:16.015025 [info ] [MainThread]: 
[0m20:45:16.016789 [debug] [MainThread]: Acquiring new bigquery connection 'master'
[0m20:45:16.020125 [debug] [ThreadPool]: Acquiring new bigquery connection 'list_nyc-motor-vehicle-collision-12'
[0m20:45:16.021588 [debug] [ThreadPool]: Opening a new connection, currently in state init
[0m20:45:19.528019 [debug] [ThreadPool]: Re-using an available connection from the pool (formerly list_nyc-motor-vehicle-collision-12, now create_nyc-motor-vehicle-collision-12_nyc_motor_vehicle_collision_dataset_stg_2025_nyc_crashes)
[0m20:45:19.529785 [debug] [ThreadPool]: Creating schema "database: "nyc-motor-vehicle-collision-12"
schema: "nyc_motor_vehicle_collision_dataset_stg_2025_nyc_crashes"
"
[0m20:45:19.552314 [debug] [ThreadPool]: On create_nyc-motor-vehicle-collision-12_nyc_motor_vehicle_collision_dataset_stg_2025_nyc_crashes: /* {"app": "dbt", "dbt_version": "1.11.8", "profile_name": "dbt_nyc_vehicle_crashes", "target_name": "dev", "connection_name": "create_nyc-motor-vehicle-collision-12_nyc_motor_vehicle_collision_dataset_stg_2025_nyc_crashes"} */
create schema if not exists `nyc-motor-vehicle-collision-12`.`nyc_motor_vehicle_collision_dataset_stg_2025_nyc_crashes`
  
[0m20:45:19.556354 [debug] [ThreadPool]: Opening a new connection, currently in state closed
[0m20:45:20.813407 [debug] [ThreadPool]: BigQuery adapter: https://console.cloud.google.com/bigquery?project=nyc-motor-vehicle-collision-12&j=bq:US:8793b1a1-46c6-4626-b7ee-2a14297d3918&page=queryresults
[0m20:45:21.889599 [debug] [ThreadPool]: SQL status: OK in 1.075 seconds
[0m20:45:21.982281 [debug] [ThreadPool]: Re-using an available connection from the pool (formerly create_nyc-motor-vehicle-collision-12_nyc_motor_vehicle_collision_dataset_stg_2025_nyc_crashes, now list_nyc-motor-vehicle-collision-12_nyc_motor_vehicle_collision_dataset_stg_2025_nyc_crashes)
[0m20:45:21.983825 [debug] [ThreadPool]: Opening a new connection, currently in state closed
[0m20:45:23.040691 [debug] [MainThread]: Sending event: {'category': 'dbt', 'action': 'runnable_timing', 'label': '7b26fe1d-fb74-4b9c-ba62-5f06be14b7db', 'context': [<snowplow_tracker.self_describing_json.SelfDescribingJson object at 0x7311ea252480>]}
[0m20:45:23.041701 [debug] [MainThread]: Opening a new connection, currently in state init
[0m20:45:23.050062 [debug] [Thread-1 (]: Began running node model.dbt_nyc_vehicle_crashes.stg_2025_nyc_crashes
[0m20:45:23.051588 [info ] [Thread-1 (]: 1 of 1 START sql table model nyc_motor_vehicle_collision_dataset_stg_2025_nyc_crashes.stg_2025_nyc_crashes  [RUN]
[0m20:45:23.053266 [debug] [Thread-1 (]: Re-using an available connection from the pool (formerly list_nyc-motor-vehicle-collision-12_nyc_motor_vehicle_collision_dataset_stg_2025_nyc_crashes, now model.dbt_nyc_vehicle_crashes.stg_2025_nyc_crashes)
[0m20:45:23.054240 [debug] [Thread-1 (]: Began compiling node model.dbt_nyc_vehicle_crashes.stg_2025_nyc_crashes
[0m20:45:23.075847 [debug] [Thread-1 (]: Writing injected SQL for node "model.dbt_nyc_vehicle_crashes.stg_2025_nyc_crashes"
[0m20:45:23.081672 [debug] [Thread-1 (]: Began executing node model.dbt_nyc_vehicle_crashes.stg_2025_nyc_crashes
[0m20:45:23.178172 [debug] [Thread-1 (]: Writing runtime sql for node "model.dbt_nyc_vehicle_crashes.stg_2025_nyc_crashes"
[0m20:45:23.180806 [debug] [Thread-1 (]: On model.dbt_nyc_vehicle_crashes.stg_2025_nyc_crashes: /* {"app": "dbt", "dbt_version": "1.11.8", "profile_name": "dbt_nyc_vehicle_crashes", "target_name": "dev", "node_id": "model.dbt_nyc_vehicle_crashes.stg_2025_nyc_crashes"} */

  
    

    create or replace table `nyc-motor-vehicle-collision-12`.`nyc_motor_vehicle_collision_dataset_stg_2025_nyc_crashes`.`stg_2025_nyc_crashes`
      
    
    

    
    OPTIONS()
    as (
      WITH source AS (

    SELECT
        DATE(SUBSTR(crash_date, 1, 10)) AS crash_date,
        SAFE.PARSE_TIME('%H:%M', crash_time) AS crash_time,
        on_street_name,
        off_street_name,
        SAFE_CAST(number_of_persons_injured AS INT64) AS number_of_persons_injured,
        SAFE_CAST(number_of_persons_killed AS INT64) AS number_of_persons_killed,
        SAFE_CAST(number_of_pedestrians_injured AS INT64) AS number_of_pedestrians_injured,
        SAFE_CAST(number_of_pedestrians_killed AS INT64) AS number_of_pedestrians_killed,
        SAFE_CAST(number_of_cyclist_injured AS INT64) AS number_of_cyclist_injured,
        SAFE_CAST(number_of_cyclist_killed AS INT64) AS number_of_cyclist_killed,
        SAFE_CAST(number_of_motorist_injured AS INT64) AS number_of_motorist_injured,
        SAFE_CAST(number_of_motorist_killed AS INT64) AS number_of_motorist_killed,
        contributing_factor_vehicle_1,
        contributing_factor_vehicle_2,
        CAST(collision_id AS INT64) AS collision_id,
        vehicle_type_code1 AS vehicle_type_code_1,
        vehicle_type_code2 AS vehicle_type_code_2,
        borough,
        zip_code,
        SAFE_CAST(latitude AS FLOAT64) AS latitude,
        SAFE_CAST(longitude AS FLOAT64) AS longitude,
        location,
        contributing_factor_vehicle_3,
        vehicle_type_code_3,
        cross_street_name,
        contributing_factor_vehicle_4,
        vehicle_type_code_4,
        contributing_factor_vehicle_5,
        vehicle_type_code_5
    FROM `nyc-motor-vehicle-collision-12`.`nyc_motor_vehicle_collision_dataset`.`nyc_motor_crashes`
)
SELECT 
    *,
    current_timestamp() AS ingestion_timestamp 
FROM source
    );
  
[0m20:45:23.182188 [debug] [Thread-1 (]: Opening a new connection, currently in state closed
[0m20:45:24.622268 [debug] [Thread-1 (]: BigQuery adapter: https://console.cloud.google.com/bigquery?project=nyc-motor-vehicle-collision-12&j=bq:US:5bdc5c83-c468-4a47-8e16-4f4e37dd999e&page=queryresults
[0m20:45:27.782779 [debug] [Thread-1 (]: SQL status: OK in 3.157 seconds
[0m20:45:28.319050 [debug] [Thread-1 (]: Sending event: {'category': 'dbt', 'action': 'run_model', 'label': '7b26fe1d-fb74-4b9c-ba62-5f06be14b7db', 'context': [<snowplow_tracker.self_describing_json.SelfDescribingJson object at 0x7311ea0b6d20>]}
[0m20:45:28.321719 [info ] [Thread-1 (]: 1 of 1 OK created sql table model nyc_motor_vehicle_collision_dataset_stg_2025_nyc_crashes.stg_2025_nyc_crashes  [[32mCREATE TABLE (85.5k rows, 22.6 MiB processed)[0m in 5.26s]
[0m20:45:28.324745 [debug] [Thread-1 (]: Finished running node model.dbt_nyc_vehicle_crashes.stg_2025_nyc_crashes
[0m20:45:28.327921 [debug] [MainThread]: Opening a new connection, currently in state closed
[0m20:45:28.329623 [debug] [MainThread]: Connection 'master' was properly closed.
[0m20:45:28.330581 [debug] [MainThread]: Connection 'model.dbt_nyc_vehicle_crashes.stg_2025_nyc_crashes' was properly closed.
[0m20:45:28.331571 [info ] [MainThread]: 
[0m20:45:28.333054 [info ] [MainThread]: Finished running 1 table model in 0 hours 0 minutes and 12.32 seconds (12.32s).
[0m20:45:28.337763 [debug] [MainThread]: Command end result
[0m20:45:28.434078 [debug] [MainThread]: Wrote artifact WritableManifest to /home/kwakut/nyc-vehicle-collisions-project/dbt_nyc_vehicle_crashes/target/manifest.json
[0m20:45:28.437917 [debug] [MainThread]: Wrote artifact SemanticManifest to /home/kwakut/nyc-vehicle-collisions-project/dbt_nyc_vehicle_crashes/target/semantic_manifest.json
[0m20:45:28.449625 [debug] [MainThread]: Wrote artifact RunExecutionResult to /home/kwakut/nyc-vehicle-collisions-project/dbt_nyc_vehicle_crashes/target/run_results.json
[0m20:45:28.451139 [info ] [MainThread]: 
[0m20:45:28.452368 [info ] [MainThread]: [32mCompleted successfully[0m
[0m20:45:28.453224 [info ] [MainThread]: 
[0m20:45:28.454136 [info ] [MainThread]: Done. PASS=1 WARN=0 ERROR=0 SKIP=0 NO-OP=0 TOTAL=1
[0m20:45:28.455939 [debug] [MainThread]: Resource report: {"command_name": "run", "command_success": true, "command_wall_clock_time": 17.947643, "process_in_blocks": "5496", "process_kernel_time": 1.277674, "process_mem_max_rss": "237648", "process_out_blocks": "3624", "process_user_time": 8.743703}
[0m20:45:28.457141 [debug] [MainThread]: Command `dbt run` succeeded at 20:45:28.456892 after 17.95 seconds
[0m20:45:28.458280 [debug] [MainThread]: Sending event: {'category': 'dbt', 'action': 'invocation', 'label': 'end', 'context': [<snowplow_tracker.self_describing_json.SelfDescribingJson object at 0x731208e31460>, <snowplow_tracker.self_describing_json.SelfDescribingJson object at 0x7311ead91730>, <snowplow_tracker.self_describing_json.SelfDescribingJson object at 0x73120892cdd0>]}
[0m20:45:28.459333 [debug] [MainThread]: Flushing usage events
[0m20:45:29.833625 [debug] [MainThread]: An error was encountered while trying to flush usage events
[0m20:55:57.724068 [debug] [MainThread]: Sending event: {'category': 'dbt', 'action': 'invocation', 'label': 'start', 'context': [<snowplow_tracker.self_describing_json.SelfDescribingJson object at 0x707d6fe62de0>, <snowplow_tracker.self_describing_json.SelfDescribingJson object at 0x707d70d17950>, <snowplow_tracker.self_describing_json.SelfDescribingJson object at 0x707d6ed5d5b0>]}


============================== 20:55:57.733126 | 623d87ab-17aa-409f-aa6f-d4d8aacd4a33 ==============================
[0m20:55:57.733126 [info ] [MainThread]: Running with dbt=1.11.8
[0m20:55:57.734287 [debug] [MainThread]: running dbt with arguments {'log_format': 'default', 'send_anonymous_usage_stats': 'True', 'cache_selected_only': 'False', 'log_path': '/home/kwakut/nyc-vehicle-collisions-project/dbt_nyc_vehicle_crashes/logs', 'log_cache_events': 'False', 'static_parser': 'True', 'empty': 'None', 'version_check': 'True', 'use_experimental_parser': 'False', 'target_path': 'None', 'invocation_command': 'dbt debug', 'quiet': 'False', 'fail_fast': 'False', 'printer_width': '80', 'partial_parse': 'True', 'warn_error': 'None', 'warn_error_options': 'WarnErrorOptionsV2(error=[], warn=[], silence=[])', 'profiles_dir': '/home/kwakut/.dbt', 'debug': 'False', 'use_colors': 'True', 'no_print': 'None', 'indirect_selection': 'eager', 'introspect': 'True', 'write_json': 'True'}
[0m20:55:57.767628 [info ] [MainThread]: dbt version: 1.11.8
[0m20:55:57.768834 [info ] [MainThread]: python version: 3.12.3
[0m20:55:57.770063 [info ] [MainThread]: python path: /home/kwakut/nyc-vehicle-collisions-project/dbt-env/bin/python3
[0m20:55:57.770777 [info ] [MainThread]: os info: Linux-6.6.87.2-microsoft-standard-WSL2-x86_64-with-glibc2.39
[0m20:56:00.345721 [info ] [MainThread]: Using profiles dir at /home/kwakut/.dbt
[0m20:56:00.347274 [info ] [MainThread]: Using profiles.yml file at /home/kwakut/.dbt/profiles.yml
[0m20:56:00.348694 [info ] [MainThread]: Using dbt_project.yml file at /home/kwakut/nyc-vehicle-collisions-project/dbt_nyc_vehicle_crashes/dbt_project.yml
[0m20:56:00.349838 [info ] [MainThread]: adapter type: bigquery
[0m20:56:00.351008 [info ] [MainThread]: adapter version: 1.11.1
[0m20:56:00.995589 [info ] [MainThread]: Configuration:
[0m20:56:00.996809 [info ] [MainThread]:   profiles.yml file [[32mOK found and valid[0m]
[0m20:56:00.997455 [info ] [MainThread]:   dbt_project.yml file [[32mOK found and valid[0m]
[0m20:56:00.997987 [info ] [MainThread]: Required dependencies:
[0m20:56:00.998567 [debug] [MainThread]: Executing "git --help"
[0m20:56:01.031046 [debug] [MainThread]: STDOUT: "b"usage: git [-v | --version] [-h | --help] [-C <path>] [-c <name>=<value>]\n           [--exec-path[=<path>]] [--html-path] [--man-path] [--info-path]\n           [-p | --paginate | -P | --no-pager] [--no-replace-objects] [--bare]\n           [--git-dir=<path>] [--work-tree=<path>] [--namespace=<name>]\n           [--config-env=<name>=<envvar>] <command> [<args>]\n\nThese are common Git commands used in various situations:\n\nstart a working area (see also: git help tutorial)\n   clone     Clone a repository into a new directory\n   init      Create an empty Git repository or reinitialize an existing one\n\nwork on the current change (see also: git help everyday)\n   add       Add file contents to the index\n   mv        Move or rename a file, a directory, or a symlink\n   restore   Restore working tree files\n   rm        Remove files from the working tree and from the index\n\nexamine the history and state (see also: git help revisions)\n   bisect    Use binary search to find the commit that introduced a bug\n   diff      Show changes between commits, commit and working tree, etc\n   grep      Print lines matching a pattern\n   log       Show commit logs\n   show      Show various types of objects\n   status    Show the working tree status\n\ngrow, mark and tweak your common history\n   branch    List, create, or delete branches\n   commit    Record changes to the repository\n   merge     Join two or more development histories together\n   rebase    Reapply commits on top of another base tip\n   reset     Reset current HEAD to the specified state\n   switch    Switch branches\n   tag       Create, list, delete or verify a tag object signed with GPG\n\ncollaborate (see also: git help workflows)\n   fetch     Download objects and refs from another repository\n   pull      Fetch from and integrate with another repository or a local branch\n   push      Update remote refs along with associated objects\n\n'git help -a' and 'git help -g' list available subcommands and some\nconcept guides. See 'git help <command>' or 'git help <concept>'\nto read about a specific subcommand or concept.\nSee 'git help git' for an overview of the system.\n""
[0m20:56:01.031973 [debug] [MainThread]: STDERR: "b''"
[0m20:56:01.032456 [info ] [MainThread]:  - git [[32mOK found[0m]

[0m20:56:01.033138 [info ] [MainThread]: Connection:
[0m20:56:01.033800 [info ] [MainThread]:   method: oauth
[0m20:56:01.034364 [info ] [MainThread]:   database: nyc-motor-vehicle-collision-12
[0m20:56:01.035098 [info ] [MainThread]:   execution_project: nyc-motor-vehicle-collision-12
[0m20:56:01.035818 [info ] [MainThread]:   schema: nyc_motor_vehicle_collision_dataset
[0m20:56:01.036452 [info ] [MainThread]:   location: US
[0m20:56:01.037153 [info ] [MainThread]:   priority: interactive
[0m20:56:01.037793 [info ] [MainThread]:   maximum_bytes_billed: None
[0m20:56:01.038588 [info ] [MainThread]:   impersonate_service_account: None
[0m20:56:01.039394 [info ] [MainThread]:   job_retry_deadline_seconds: None
[0m20:56:01.049207 [info ] [MainThread]:   job_retries: 1
[0m20:56:01.050012 [info ] [MainThread]:   job_creation_timeout_seconds: None
[0m20:56:01.050846 [info ] [MainThread]:   job_execution_timeout_seconds: 300
[0m20:56:01.052303 [info ] [MainThread]:   timeout_seconds: 300
[0m20:56:01.054150 [info ] [MainThread]:   client_id: None
[0m20:56:01.055256 [info ] [MainThread]:   token_uri: None
[0m20:56:01.056287 [info ] [MainThread]:   compute_region: None
[0m20:56:01.057291 [info ] [MainThread]:   dataproc_cluster_name: None
[0m20:56:01.058556 [info ] [MainThread]:   gcs_bucket: None
[0m20:56:01.059602 [info ] [MainThread]:   dataproc_batch: None
[0m20:56:01.060879 [info ] [MainThread]: Registered adapter: bigquery=1.11.1
[0m20:56:01.670500 [debug] [MainThread]: Acquiring new bigquery connection 'debug'
[0m20:56:01.671750 [debug] [MainThread]: On debug: select 1 as id
[0m20:56:01.672982 [debug] [MainThread]: Opening a new connection, currently in state init
[0m20:56:08.783793 [debug] [MainThread]: BigQuery adapter: https://console.cloud.google.com/bigquery?project=nyc-motor-vehicle-collision-12&j=bq:US:3aee5ed6-f71a-4f92-88c8-dbf57d25e006&page=queryresults
[0m20:56:09.149104 [debug] [MainThread]: SQL status: OK in 0.364 seconds
[0m20:56:09.690406 [info ] [MainThread]:   Connection test: [[32mOK connection ok[0m]

[0m20:56:09.693731 [info ] [MainThread]: [32mAll checks passed![0m
[0m20:56:09.697826 [debug] [MainThread]: Resource report: {"command_name": "debug", "command_success": true, "command_wall_clock_time": 12.100203, "process_in_blocks": "0", "process_kernel_time": 2.553174, "process_mem_max_rss": "223252", "process_out_blocks": "24", "process_user_time": 5.552492}
[0m20:56:09.707457 [debug] [MainThread]: Command `dbt debug` succeeded at 20:56:09.706320 after 12.11 seconds
[0m20:56:09.711602 [debug] [MainThread]: Connection 'debug' was properly closed.
[0m20:56:09.714465 [debug] [MainThread]: Sending event: {'category': 'dbt', 'action': 'invocation', 'label': 'end', 'context': [<snowplow_tracker.self_describing_json.SelfDescribingJson object at 0x707d6e40c4a0>, <snowplow_tracker.self_describing_json.SelfDescribingJson object at 0x707d6e97f440>, <snowplow_tracker.self_describing_json.SelfDescribingJson object at 0x707d6eac2030>]}
[0m20:56:09.717069 [debug] [MainThread]: Flushing usage events
[0m20:56:11.162027 [debug] [MainThread]: An error was encountered while trying to flush usage events
[0m18:42:29.554671 [debug] [MainThread]: Sending event: {'category': 'dbt', 'action': 'invocation', 'label': 'start', 'context': [<snowplow_tracker.self_describing_json.SelfDescribingJson object at 0x798cfbf24f50>, <snowplow_tracker.self_describing_json.SelfDescribingJson object at 0x798cfdd2b140>, <snowplow_tracker.self_describing_json.SelfDescribingJson object at 0x798cfb341100>]}


============================== 18:42:29.567870 | 9f5ad036-ac3a-47a1-8731-ddef307462a7 ==============================
[0m18:42:29.567870 [info ] [MainThread]: Running with dbt=1.11.8
[0m18:42:29.569844 [debug] [MainThread]: running dbt with arguments {'warn_error_options': 'WarnErrorOptionsV2(error=[], warn=[], silence=[])', 'use_experimental_parser': 'False', 'introspect': 'True', 'target_path': 'None', 'cache_selected_only': 'False', 'log_format': 'default', 'quiet': 'False', 'warn_error': 'None', 'debug': 'False', 'invocation_command': 'dbt debug', 'static_parser': 'True', 'send_anonymous_usage_stats': 'True', 'no_print': 'None', 'empty': 'None', 'profiles_dir': '/home/kwakut/.dbt', 'partial_parse': 'True', 'version_check': 'True', 'indirect_selection': 'eager', 'printer_width': '80', 'fail_fast': 'False', 'log_cache_events': 'False', 'use_colors': 'True', 'write_json': 'True', 'log_path': '/home/kwakut/nyc-vehicle-collisions-project/dbt_nyc_vehicle_crashes/logs'}
[0m18:42:29.619479 [info ] [MainThread]: dbt version: 1.11.8
[0m18:42:29.621025 [info ] [MainThread]: python version: 3.12.3
[0m18:42:29.623697 [info ] [MainThread]: python path: /home/kwakut/nyc-vehicle-collisions-project/dbt-env/bin/python3
[0m18:42:29.624689 [info ] [MainThread]: os info: Linux-6.6.87.2-microsoft-standard-WSL2-x86_64-with-glibc2.39
[0m18:42:32.542120 [info ] [MainThread]: Using profiles dir at /home/kwakut/.dbt
[0m18:42:32.543079 [info ] [MainThread]: Using profiles.yml file at /home/kwakut/.dbt/profiles.yml
[0m18:42:32.543965 [info ] [MainThread]: Using dbt_project.yml file at /home/kwakut/nyc-vehicle-collisions-project/dbt_nyc_vehicle_crashes/dbt_project.yml
[0m18:42:32.544623 [info ] [MainThread]: adapter type: bigquery
[0m18:42:32.545320 [info ] [MainThread]: adapter version: 1.11.1
[0m18:42:32.731150 [info ] [MainThread]: Configuration:
[0m18:42:32.731911 [info ] [MainThread]:   profiles.yml file [[32mOK found and valid[0m]
[0m18:42:32.732921 [info ] [MainThread]:   dbt_project.yml file [[32mOK found and valid[0m]
[0m18:42:32.733823 [info ] [MainThread]: Required dependencies:
[0m18:42:32.734676 [debug] [MainThread]: Executing "git --help"
[0m18:42:32.926264 [debug] [MainThread]: STDOUT: "b"usage: git [-v | --version] [-h | --help] [-C <path>] [-c <name>=<value>]\n           [--exec-path[=<path>]] [--html-path] [--man-path] [--info-path]\n           [-p | --paginate | -P | --no-pager] [--no-replace-objects] [--bare]\n           [--git-dir=<path>] [--work-tree=<path>] [--namespace=<name>]\n           [--config-env=<name>=<envvar>] <command> [<args>]\n\nThese are common Git commands used in various situations:\n\nstart a working area (see also: git help tutorial)\n   clone     Clone a repository into a new directory\n   init      Create an empty Git repository or reinitialize an existing one\n\nwork on the current change (see also: git help everyday)\n   add       Add file contents to the index\n   mv        Move or rename a file, a directory, or a symlink\n   restore   Restore working tree files\n   rm        Remove files from the working tree and from the index\n\nexamine the history and state (see also: git help revisions)\n   bisect    Use binary search to find the commit that introduced a bug\n   diff      Show changes between commits, commit and working tree, etc\n   grep      Print lines matching a pattern\n   log       Show commit logs\n   show      Show various types of objects\n   status    Show the working tree status\n\ngrow, mark and tweak your common history\n   branch    List, create, or delete branches\n   commit    Record changes to the repository\n   merge     Join two or more development histories together\n   rebase    Reapply commits on top of another base tip\n   reset     Reset current HEAD to the specified state\n   switch    Switch branches\n   tag       Create, list, delete or verify a tag object signed with GPG\n\ncollaborate (see also: git help workflows)\n   fetch     Download objects and refs from another repository\n   pull      Fetch from and integrate with another repository or a local branch\n   push      Update remote refs along with associated objects\n\n'git help -a' and 'git help -g' list available subcommands and some\nconcept guides. See 'git help <command>' or 'git help <concept>'\nto read about a specific subcommand or concept.\nSee 'git help git' for an overview of the system.\n""
[0m18:42:32.931192 [debug] [MainThread]: STDERR: "b''"
[0m18:42:32.934563 [info ] [MainThread]:  - git [[32mOK found[0m]

[0m18:42:32.946062 [info ] [MainThread]: Connection:
[0m18:42:32.948469 [info ] [MainThread]:   method: oauth
[0m18:42:32.960217 [info ] [MainThread]:   database: nyc-motor-vehicle-collision-12
[0m18:42:32.962005 [info ] [MainThread]:   execution_project: nyc-motor-vehicle-collision-12
[0m18:42:32.964410 [info ] [MainThread]:   schema: nyc_motor_vehicle_collision_dataset
[0m18:42:32.966097 [info ] [MainThread]:   location: US
[0m18:42:32.976828 [info ] [MainThread]:   priority: interactive
[0m18:42:32.979634 [info ] [MainThread]:   maximum_bytes_billed: None
[0m18:42:32.981893 [info ] [MainThread]:   impersonate_service_account: None
[0m18:42:32.992234 [info ] [MainThread]:   job_retry_deadline_seconds: None
[0m18:42:32.993873 [info ] [MainThread]:   job_retries: 1
[0m18:42:32.996146 [info ] [MainThread]:   job_creation_timeout_seconds: None
[0m18:42:33.008404 [info ] [MainThread]:   job_execution_timeout_seconds: 300
[0m18:42:33.009713 [info ] [MainThread]:   timeout_seconds: 300
[0m18:42:33.011032 [info ] [MainThread]:   client_id: None
[0m18:42:33.012929 [info ] [MainThread]:   token_uri: None
[0m18:42:33.024578 [info ] [MainThread]:   compute_region: None
[0m18:42:33.025834 [info ] [MainThread]:   dataproc_cluster_name: None
[0m18:42:33.027223 [info ] [MainThread]:   gcs_bucket: None
[0m18:42:33.029243 [info ] [MainThread]:   dataproc_batch: None
[0m18:42:33.040857 [info ] [MainThread]: Registered adapter: bigquery=1.11.1
[0m18:42:33.308226 [debug] [MainThread]: Acquiring new bigquery connection 'debug'
[0m18:42:33.309098 [debug] [MainThread]: On debug: select 1 as id
[0m18:42:33.310039 [debug] [MainThread]: Opening a new connection, currently in state init
[0m18:42:37.436169 [debug] [MainThread]: BigQuery adapter: https://console.cloud.google.com/bigquery?project=nyc-motor-vehicle-collision-12&j=bq:US:0c9028a2-9632-4e18-9d01-473fa91d5584&page=queryresults
[0m18:42:37.827369 [debug] [MainThread]: SQL status: OK in 0.389 seconds
[0m18:42:38.427537 [info ] [MainThread]:   Connection test: [[32mOK connection ok[0m]

[0m18:42:38.431916 [info ] [MainThread]: [32mAll checks passed![0m
[0m18:42:38.438117 [debug] [MainThread]: Resource report: {"command_name": "debug", "command_success": true, "command_wall_clock_time": 9.54218, "process_in_blocks": "246736", "process_kernel_time": 2.813284, "process_mem_max_rss": "222476", "process_out_blocks": "24", "process_user_time": 5.272803}
[0m18:42:38.450567 [debug] [MainThread]: Command `dbt debug` succeeded at 18:42:38.450047 after 9.56 seconds
[0m18:42:38.452409 [debug] [MainThread]: Connection 'debug' was properly closed.
[0m18:42:38.454407 [debug] [MainThread]: Sending event: {'category': 'dbt', 'action': 'invocation', 'label': 'end', 'context': [<snowplow_tracker.self_describing_json.SelfDescribingJson object at 0x798cfc543050>, <snowplow_tracker.self_describing_json.SelfDescribingJson object at 0x798cfb67f830>, <snowplow_tracker.self_describing_json.SelfDescribingJson object at 0x798cfb341100>]}
[0m18:42:38.465541 [debug] [MainThread]: Flushing usage events
[0m18:42:40.062400 [debug] [MainThread]: An error was encountered while trying to flush usage events
[0m18:44:46.052660 [debug] [MainThread]: Sending event: {'category': 'dbt', 'action': 'invocation', 'label': 'start', 'context': [<snowplow_tracker.self_describing_json.SelfDescribingJson object at 0x755fb1cc7440>, <snowplow_tracker.self_describing_json.SelfDescribingJson object at 0x755fb435f9e0>, <snowplow_tracker.self_describing_json.SelfDescribingJson object at 0x755fb1ee8ef0>]}


============================== 18:44:46.060737 | 026bb546-e10c-4606-a1ad-18e37b2cbb6d ==============================
[0m18:44:46.060737 [info ] [MainThread]: Running with dbt=1.11.8
[0m18:44:46.061679 [debug] [MainThread]: running dbt with arguments {'introspect': 'True', 'log_cache_events': 'False', 'indirect_selection': 'eager', 'cache_selected_only': 'False', 'log_path': '/home/kwakut/nyc-vehicle-collisions-project/dbt_nyc_vehicle_crashes/logs', 'use_colors': 'True', 'empty': 'False', 'warn_error': 'None', 'log_format': 'default', 'invocation_command': 'dbt run', 'warn_error_options': 'WarnErrorOptionsV2(error=[], warn=[], silence=[])', 'version_check': 'True', 'no_print': 'None', 'static_parser': 'True', 'fail_fast': 'False', 'printer_width': '80', 'send_anonymous_usage_stats': 'True', 'debug': 'False', 'profiles_dir': '/home/kwakut/.dbt', 'write_json': 'True', 'target_path': 'None', 'use_experimental_parser': 'False', 'quiet': 'False', 'partial_parse': 'True'}
[0m18:44:47.485998 [debug] [MainThread]: Sending event: {'category': 'dbt', 'action': 'project_id', 'label': '026bb546-e10c-4606-a1ad-18e37b2cbb6d', 'context': [<snowplow_tracker.self_describing_json.SelfDescribingJson object at 0x755fb4148b60>]}
[0m18:44:47.622676 [debug] [MainThread]: Sending event: {'category': 'dbt', 'action': 'adapter_info', 'label': '026bb546-e10c-4606-a1ad-18e37b2cbb6d', 'context': [<snowplow_tracker.self_describing_json.SelfDescribingJson object at 0x755f984d4920>]}
[0m18:44:47.623512 [info ] [MainThread]: Registered adapter: bigquery=1.11.1
[0m18:44:47.849175 [debug] [MainThread]: checksum: 7d524ac048c2100769df89d592e662e060a73ca564e31bd9c2a37efdfe8d8ab6, vars: {}, profile: , target: , version: 1.11.8
[0m18:44:48.238954 [debug] [MainThread]: Partial parsing enabled: 0 files deleted, 1 files added, 0 files changed.
[0m18:44:48.239744 [debug] [MainThread]: Partial parsing: added file: dbt_nyc_vehicle_crashes://models/mart/monthly_crashes.sql
[0m18:44:48.671107 [debug] [MainThread]: Sending event: {'category': 'dbt', 'action': 'load_project', 'label': '026bb546-e10c-4606-a1ad-18e37b2cbb6d', 'context': [<snowplow_tracker.self_describing_json.SelfDescribingJson object at 0x755f93cbbd70>]}
[0m18:44:48.787143 [debug] [MainThread]: Wrote artifact WritableManifest to /home/kwakut/nyc-vehicle-collisions-project/dbt_nyc_vehicle_crashes/target/manifest.json
[0m18:44:48.798336 [debug] [MainThread]: Wrote artifact SemanticManifest to /home/kwakut/nyc-vehicle-collisions-project/dbt_nyc_vehicle_crashes/target/semantic_manifest.json
[0m18:44:48.836820 [debug] [MainThread]: Sending event: {'category': 'dbt', 'action': 'resource_counts', 'label': '026bb546-e10c-4606-a1ad-18e37b2cbb6d', 'context': [<snowplow_tracker.self_describing_json.SelfDescribingJson object at 0x755f93535bb0>]}
[0m18:44:48.837621 [info ] [MainThread]: Found 2 models, 2 data tests, 1 source, 539 macros
[0m18:44:48.838281 [debug] [MainThread]: Sending event: {'category': 'dbt', 'action': 'runnable_timing', 'label': '026bb546-e10c-4606-a1ad-18e37b2cbb6d', 'context': [<snowplow_tracker.self_describing_json.SelfDescribingJson object at 0x755f93542ea0>]}
[0m18:44:48.840792 [info ] [MainThread]: 
[0m18:44:48.841505 [info ] [MainThread]: Concurrency: 1 threads (target='dev')
[0m18:44:48.842276 [info ] [MainThread]: 
[0m18:44:48.843250 [debug] [MainThread]: Acquiring new bigquery connection 'master'
[0m18:44:48.865478 [debug] [ThreadPool]: Acquiring new bigquery connection 'list_nyc-motor-vehicle-collision-12'
[0m18:44:48.867281 [debug] [ThreadPool]: Opening a new connection, currently in state init
[0m18:44:52.053261 [debug] [ThreadPool]: Opening a new connection, currently in state closed
[0m18:44:53.041453 [debug] [ThreadPool]: Re-using an available connection from the pool (formerly list_nyc-motor-vehicle-collision-12, now create_nyc-motor-vehicle-collision-12_nyc_motor_vehicle_collision_dataset_mart_monthly_crashes)
[0m18:44:53.043062 [debug] [ThreadPool]: Creating schema "database: "nyc-motor-vehicle-collision-12"
schema: "nyc_motor_vehicle_collision_dataset_mart_monthly_crashes"
"
[0m18:44:53.063336 [debug] [ThreadPool]: On create_nyc-motor-vehicle-collision-12_nyc_motor_vehicle_collision_dataset_mart_monthly_crashes: /* {"app": "dbt", "dbt_version": "1.11.8", "profile_name": "dbt_nyc_vehicle_crashes", "target_name": "dev", "connection_name": "create_nyc-motor-vehicle-collision-12_nyc_motor_vehicle_collision_dataset_mart_monthly_crashes"} */
create schema if not exists `nyc-motor-vehicle-collision-12`.`nyc_motor_vehicle_collision_dataset_mart_monthly_crashes`
  
[0m18:44:53.064124 [debug] [ThreadPool]: Opening a new connection, currently in state closed
[0m18:44:54.143406 [debug] [ThreadPool]: BigQuery adapter: https://console.cloud.google.com/bigquery?project=nyc-motor-vehicle-collision-12&j=bq:US:df9e3b28-eafb-4642-ad8b-3bbfb11404d2&page=queryresults
[0m18:44:55.226073 [debug] [ThreadPool]: SQL status: OK in 1.080 seconds
[0m18:44:55.322708 [debug] [ThreadPool]: Re-using an available connection from the pool (formerly create_nyc-motor-vehicle-collision-12_nyc_motor_vehicle_collision_dataset_mart_monthly_crashes, now list_nyc-motor-vehicle-collision-12_nyc_motor_vehicle_collision_dataset_mart_monthly_crashes)
[0m18:44:55.323411 [debug] [ThreadPool]: Opening a new connection, currently in state closed
[0m18:44:56.436378 [debug] [ThreadPool]: Re-using an available connection from the pool (formerly list_nyc-motor-vehicle-collision-12_nyc_motor_vehicle_collision_dataset_mart_monthly_crashes, now list_nyc-motor-vehicle-collision-12_nyc_motor_vehicle_collision_dataset_stg_2025_nyc_crashes)
[0m18:44:56.440472 [debug] [ThreadPool]: Opening a new connection, currently in state closed
[0m18:44:57.474250 [debug] [MainThread]: Sending event: {'category': 'dbt', 'action': 'runnable_timing', 'label': '026bb546-e10c-4606-a1ad-18e37b2cbb6d', 'context': [<snowplow_tracker.self_describing_json.SelfDescribingJson object at 0x755fb4028170>]}
[0m18:44:57.477882 [debug] [MainThread]: Opening a new connection, currently in state init
[0m18:44:57.549370 [debug] [Thread-1 (]: Began running node model.dbt_nyc_vehicle_crashes.stg_2025_nyc_crashes
[0m18:44:57.551165 [info ] [Thread-1 (]: 1 of 2 START sql table model nyc_motor_vehicle_collision_dataset_stg_2025_nyc_crashes.stg_2025_nyc_crashes  [RUN]
[0m18:44:57.554534 [debug] [Thread-1 (]: Re-using an available connection from the pool (formerly list_nyc-motor-vehicle-collision-12_nyc_motor_vehicle_collision_dataset_stg_2025_nyc_crashes, now model.dbt_nyc_vehicle_crashes.stg_2025_nyc_crashes)
[0m18:44:57.558636 [debug] [Thread-1 (]: Began compiling node model.dbt_nyc_vehicle_crashes.stg_2025_nyc_crashes
[0m18:44:57.598245 [debug] [Thread-1 (]: Writing injected SQL for node "model.dbt_nyc_vehicle_crashes.stg_2025_nyc_crashes"
[0m18:44:57.625586 [debug] [Thread-1 (]: Began executing node model.dbt_nyc_vehicle_crashes.stg_2025_nyc_crashes
[0m18:44:57.709794 [debug] [Thread-1 (]: Opening a new connection, currently in state closed
[0m18:44:58.774954 [debug] [Thread-1 (]: Writing runtime sql for node "model.dbt_nyc_vehicle_crashes.stg_2025_nyc_crashes"
[0m18:44:58.776306 [debug] [Thread-1 (]: On model.dbt_nyc_vehicle_crashes.stg_2025_nyc_crashes: /* {"app": "dbt", "dbt_version": "1.11.8", "profile_name": "dbt_nyc_vehicle_crashes", "target_name": "dev", "node_id": "model.dbt_nyc_vehicle_crashes.stg_2025_nyc_crashes"} */

  
    

    create or replace table `nyc-motor-vehicle-collision-12`.`nyc_motor_vehicle_collision_dataset_stg_2025_nyc_crashes`.`stg_2025_nyc_crashes`
      
    
    

    
    OPTIONS()
    as (
      WITH source AS (

    SELECT
        DATE(SUBSTR(crash_date, 1, 10)) AS crash_date,
        SAFE.PARSE_TIME('%H:%M', crash_time) AS crash_time,
        on_street_name,
        off_street_name,
        SAFE_CAST(number_of_persons_injured AS INT64) AS number_of_persons_injured,
        SAFE_CAST(number_of_persons_killed AS INT64) AS number_of_persons_killed,
        SAFE_CAST(number_of_pedestrians_injured AS INT64) AS number_of_pedestrians_injured,
        SAFE_CAST(number_of_pedestrians_killed AS INT64) AS number_of_pedestrians_killed,
        SAFE_CAST(number_of_cyclist_injured AS INT64) AS number_of_cyclist_injured,
        SAFE_CAST(number_of_cyclist_killed AS INT64) AS number_of_cyclist_killed,
        SAFE_CAST(number_of_motorist_injured AS INT64) AS number_of_motorist_injured,
        SAFE_CAST(number_of_motorist_killed AS INT64) AS number_of_motorist_killed,
        contributing_factor_vehicle_1,
        contributing_factor_vehicle_2,
        CAST(collision_id AS INT64) AS collision_id,
        vehicle_type_code1 AS vehicle_type_code_1,
        vehicle_type_code2 AS vehicle_type_code_2,
        borough,
        zip_code,
        SAFE_CAST(latitude AS FLOAT64) AS latitude,
        SAFE_CAST(longitude AS FLOAT64) AS longitude,
        location,
        contributing_factor_vehicle_3,
        vehicle_type_code_3,
        cross_street_name,
        contributing_factor_vehicle_4,
        vehicle_type_code_4,
        contributing_factor_vehicle_5,
        vehicle_type_code_5
    FROM `nyc-motor-vehicle-collision-12`.`nyc_motor_vehicle_collision_dataset`.`nyc_motor_crashes`
)
SELECT 
    *,
    current_timestamp() AS ingestion_timestamp 
FROM source
    );
  
[0m18:44:59.417354 [debug] [Thread-1 (]: BigQuery adapter: https://console.cloud.google.com/bigquery?project=nyc-motor-vehicle-collision-12&j=bq:US:c431001f-fdcf-4447-b64f-e0e3e6b64ea9&page=queryresults
[0m18:45:03.119452 [debug] [Thread-1 (]: SQL status: OK in 3.701 seconds
[0m18:45:03.658903 [debug] [Thread-1 (]: Sending event: {'category': 'dbt', 'action': 'run_model', 'label': '026bb546-e10c-4606-a1ad-18e37b2cbb6d', 'context': [<snowplow_tracker.self_describing_json.SelfDescribingJson object at 0x755f98568590>]}
[0m18:45:03.661192 [info ] [Thread-1 (]: 1 of 2 OK created sql table model nyc_motor_vehicle_collision_dataset_stg_2025_nyc_crashes.stg_2025_nyc_crashes  [[32mCREATE TABLE (85.5k rows, 22.6 MiB processed)[0m in 6.10s]
[0m18:45:03.662460 [debug] [Thread-1 (]: Finished running node model.dbt_nyc_vehicle_crashes.stg_2025_nyc_crashes
[0m18:45:03.664979 [debug] [Thread-1 (]: Began running node model.dbt_nyc_vehicle_crashes.monthly_crashes
[0m18:45:03.666687 [info ] [Thread-1 (]: 2 of 2 START sql table model nyc_motor_vehicle_collision_dataset_mart_monthly_crashes.monthly_crashes  [RUN]
[0m18:45:03.668140 [debug] [Thread-1 (]: Re-using an available connection from the pool (formerly model.dbt_nyc_vehicle_crashes.stg_2025_nyc_crashes, now model.dbt_nyc_vehicle_crashes.monthly_crashes)
[0m18:45:03.669449 [debug] [Thread-1 (]: Began compiling node model.dbt_nyc_vehicle_crashes.monthly_crashes
[0m18:45:03.679852 [debug] [Thread-1 (]: Writing injected SQL for node "model.dbt_nyc_vehicle_crashes.monthly_crashes"
[0m18:45:03.688023 [debug] [Thread-1 (]: Began executing node model.dbt_nyc_vehicle_crashes.monthly_crashes
[0m18:45:03.705399 [debug] [Thread-1 (]: Writing runtime sql for node "model.dbt_nyc_vehicle_crashes.monthly_crashes"
[0m18:45:03.713514 [debug] [Thread-1 (]: On model.dbt_nyc_vehicle_crashes.monthly_crashes: /* {"app": "dbt", "dbt_version": "1.11.8", "profile_name": "dbt_nyc_vehicle_crashes", "target_name": "dev", "node_id": "model.dbt_nyc_vehicle_crashes.monthly_crashes"} */

  
    

    create or replace table `nyc-motor-vehicle-collision-12`.`nyc_motor_vehicle_collision_dataset_mart_monthly_crashes`.`monthly_crashes`
      
    
    

    
    OPTIONS()
    as (
      # Monthly crashes in Nyc 

SELECT
  FORMAT_DATE('%B', crash_date) AS month_name,
  COUNT(crash_date) AS total_crashes
FROM
  `nyc-motor-vehicle-collision-12`.`nyc_motor_vehicle_collision_dataset_stg_2025_nyc_crashes`.`stg_2025_nyc_crashes`
GROUP BY month_name
ORDER BY COUNT(crash_date) DESC
    );
  
[0m18:45:03.715533 [debug] [Thread-1 (]: Opening a new connection, currently in state closed
[0m18:45:05.342196 [debug] [Thread-1 (]: BigQuery adapter: https://console.cloud.google.com/bigquery?project=nyc-motor-vehicle-collision-12&j=bq:US:1e01e188-822b-43f4-abb7-20a39105b410&page=queryresults
[0m18:45:07.336610 [debug] [Thread-1 (]: SQL status: OK in 1.991 seconds
[0m18:45:07.836235 [debug] [Thread-1 (]: Sending event: {'category': 'dbt', 'action': 'run_model', 'label': '026bb546-e10c-4606-a1ad-18e37b2cbb6d', 'context': [<snowplow_tracker.self_describing_json.SelfDescribingJson object at 0x755f92bb3fb0>]}
[0m18:45:07.841356 [info ] [Thread-1 (]: 2 of 2 OK created sql table model nyc_motor_vehicle_collision_dataset_mart_monthly_crashes.monthly_crashes  [[32mCREATE TABLE (12.0 rows, 668.3 KiB processed)[0m in 4.17s]
[0m18:45:07.844871 [debug] [Thread-1 (]: Finished running node model.dbt_nyc_vehicle_crashes.monthly_crashes
[0m18:45:07.853707 [debug] [MainThread]: Opening a new connection, currently in state closed
[0m18:45:07.858853 [debug] [MainThread]: Connection 'master' was properly closed.
[0m18:45:07.861508 [debug] [MainThread]: Connection 'model.dbt_nyc_vehicle_crashes.monthly_crashes' was properly closed.
[0m18:45:07.867811 [info ] [MainThread]: 
[0m18:45:07.872850 [info ] [MainThread]: Finished running 2 table models in 0 hours 0 minutes and 19.02 seconds (19.02s).
[0m18:45:07.879628 [debug] [MainThread]: Command end result
[0m18:45:08.034442 [debug] [MainThread]: Wrote artifact WritableManifest to /home/kwakut/nyc-vehicle-collisions-project/dbt_nyc_vehicle_crashes/target/manifest.json
[0m18:45:08.037842 [debug] [MainThread]: Wrote artifact SemanticManifest to /home/kwakut/nyc-vehicle-collisions-project/dbt_nyc_vehicle_crashes/target/semantic_manifest.json
[0m18:45:08.055717 [debug] [MainThread]: Wrote artifact RunExecutionResult to /home/kwakut/nyc-vehicle-collisions-project/dbt_nyc_vehicle_crashes/target/run_results.json
[0m18:45:08.057142 [info ] [MainThread]: 
[0m18:45:08.058291 [info ] [MainThread]: [32mCompleted successfully[0m
[0m18:45:08.058981 [info ] [MainThread]: 
[0m18:45:08.059708 [info ] [MainThread]: Done. PASS=2 WARN=0 ERROR=0 SKIP=0 NO-OP=0 TOTAL=2
[0m18:45:08.060774 [debug] [MainThread]: Resource report: {"command_name": "run", "command_success": true, "command_wall_clock_time": 22.107492, "process_in_blocks": "5120", "process_kernel_time": 1.031762, "process_mem_max_rss": "234024", "process_out_blocks": "3664", "process_user_time": 6.371662}
[0m18:45:08.061766 [debug] [MainThread]: Command `dbt run` succeeded at 18:45:08.061577 after 22.11 seconds
[0m18:45:08.062323 [debug] [MainThread]: Sending event: {'category': 'dbt', 'action': 'invocation', 'label': 'end', 'context': [<snowplow_tracker.self_describing_json.SelfDescribingJson object at 0x755fb18b9160>, <snowplow_tracker.self_describing_json.SelfDescribingJson object at 0x755f929fa540>, <snowplow_tracker.self_describing_json.SelfDescribingJson object at 0x755f929faa50>]}
[0m18:45:08.062832 [debug] [MainThread]: Flushing usage events
[0m18:45:09.517821 [debug] [MainThread]: An error was encountered while trying to flush usage events
[0m18:49:57.550421 [debug] [MainThread]: Sending event: {'category': 'dbt', 'action': 'invocation', 'label': 'start', 'context': [<snowplow_tracker.self_describing_json.SelfDescribingJson object at 0x72833b952210>, <snowplow_tracker.self_describing_json.SelfDescribingJson object at 0x72833d84a540>, <snowplow_tracker.self_describing_json.SelfDescribingJson object at 0x72833b996bd0>]}


============================== 18:49:57.555641 | f43a5886-f082-4d1b-87a9-5a048e42b2e3 ==============================
[0m18:49:57.555641 [info ] [MainThread]: Running with dbt=1.11.8
[0m18:49:57.556549 [debug] [MainThread]: running dbt with arguments {'version_check': 'True', 'static_parser': 'True', 'debug': 'False', 'log_path': '/home/kwakut/nyc-vehicle-collisions-project/dbt_nyc_vehicle_crashes/logs', 'warn_error': 'None', 'quiet': 'False', 'send_anonymous_usage_stats': 'True', 'empty': 'False', 'indirect_selection': 'eager', 'cache_selected_only': 'False', 'use_colors': 'True', 'write_json': 'True', 'log_format': 'default', 'warn_error_options': 'WarnErrorOptionsV2(error=[], warn=[], silence=[])', 'introspect': 'True', 'log_cache_events': 'False', 'invocation_command': 'dbt run', 'target_path': 'None', 'fail_fast': 'False', 'use_experimental_parser': 'False', 'printer_width': '80', 'no_print': 'None', 'partial_parse': 'True', 'profiles_dir': '/home/kwakut/.dbt'}
[0m18:49:58.975617 [debug] [MainThread]: Sending event: {'category': 'dbt', 'action': 'project_id', 'label': 'f43a5886-f082-4d1b-87a9-5a048e42b2e3', 'context': [<snowplow_tracker.self_describing_json.SelfDescribingJson object at 0x72831df47380>]}
[0m18:49:59.138299 [debug] [MainThread]: Sending event: {'category': 'dbt', 'action': 'adapter_info', 'label': 'f43a5886-f082-4d1b-87a9-5a048e42b2e3', 'context': [<snowplow_tracker.self_describing_json.SelfDescribingJson object at 0x72831e249100>]}
[0m18:49:59.139218 [info ] [MainThread]: Registered adapter: bigquery=1.11.1
[0m18:49:59.335362 [debug] [MainThread]: checksum: 7d524ac048c2100769df89d592e662e060a73ca564e31bd9c2a37efdfe8d8ab6, vars: {}, profile: , target: , version: 1.11.8
[0m18:49:59.642622 [debug] [MainThread]: Partial parsing enabled: 0 files deleted, 1 files added, 0 files changed.
[0m18:49:59.643350 [debug] [MainThread]: Partial parsing: added file: dbt_nyc_vehicle_crashes://models/mart/total_crashes_by_borough.sql
[0m18:50:00.004172 [debug] [MainThread]: Sending event: {'category': 'dbt', 'action': 'load_project', 'label': 'f43a5886-f082-4d1b-87a9-5a048e42b2e3', 'context': [<snowplow_tracker.self_describing_json.SelfDescribingJson object at 0x72831d0205c0>]}
[0m18:50:00.149775 [debug] [MainThread]: Wrote artifact WritableManifest to /home/kwakut/nyc-vehicle-collisions-project/dbt_nyc_vehicle_crashes/target/manifest.json
[0m18:50:00.152283 [debug] [MainThread]: Wrote artifact SemanticManifest to /home/kwakut/nyc-vehicle-collisions-project/dbt_nyc_vehicle_crashes/target/semantic_manifest.json
[0m18:50:00.163233 [debug] [MainThread]: Sending event: {'category': 'dbt', 'action': 'resource_counts', 'label': 'f43a5886-f082-4d1b-87a9-5a048e42b2e3', 'context': [<snowplow_tracker.self_describing_json.SelfDescribingJson object at 0x72831cfeaba0>]}
[0m18:50:00.163982 [info ] [MainThread]: Found 3 models, 2 data tests, 1 source, 539 macros
[0m18:50:00.164573 [debug] [MainThread]: Sending event: {'category': 'dbt', 'action': 'runnable_timing', 'label': 'f43a5886-f082-4d1b-87a9-5a048e42b2e3', 'context': [<snowplow_tracker.self_describing_json.SelfDescribingJson object at 0x72831cfeef00>]}
[0m18:50:00.166748 [info ] [MainThread]: 
[0m18:50:00.167425 [info ] [MainThread]: Concurrency: 1 threads (target='dev')
[0m18:50:00.168080 [info ] [MainThread]: 
[0m18:50:00.168863 [debug] [MainThread]: Acquiring new bigquery connection 'master'
[0m18:50:00.175777 [debug] [ThreadPool]: Acquiring new bigquery connection 'list_nyc-motor-vehicle-collision-12'
[0m18:50:00.177107 [debug] [ThreadPool]: Opening a new connection, currently in state init
[0m18:50:02.745293 [debug] [ThreadPool]: Opening a new connection, currently in state closed
[0m18:50:03.373452 [debug] [ThreadPool]: Acquiring new bigquery connection 'list_nyc-motor-vehicle-collision-12_nyc_motor_vehicle_collision_dataset_mart_monthly_crashes'
[0m18:50:03.374962 [debug] [ThreadPool]: Opening a new connection, currently in state init
[0m18:50:04.301375 [debug] [ThreadPool]: Re-using an available connection from the pool (formerly list_nyc-motor-vehicle-collision-12_nyc_motor_vehicle_collision_dataset_mart_monthly_crashes, now list_nyc-motor-vehicle-collision-12_nyc_motor_vehicle_collision_dataset_stg_2025_nyc_crashes)
[0m18:50:04.307227 [debug] [ThreadPool]: Opening a new connection, currently in state closed
[0m18:50:05.402275 [debug] [MainThread]: Sending event: {'category': 'dbt', 'action': 'runnable_timing', 'label': 'f43a5886-f082-4d1b-87a9-5a048e42b2e3', 'context': [<snowplow_tracker.self_describing_json.SelfDescribingJson object at 0x72833b11a7b0>]}
[0m18:50:05.407058 [debug] [MainThread]: Opening a new connection, currently in state init
[0m18:50:05.427308 [debug] [Thread-1 (]: Began running node model.dbt_nyc_vehicle_crashes.stg_2025_nyc_crashes
[0m18:50:05.429905 [info ] [Thread-1 (]: 1 of 3 START sql table model nyc_motor_vehicle_collision_dataset_stg_2025_nyc_crashes.stg_2025_nyc_crashes  [RUN]
[0m18:50:05.432927 [debug] [Thread-1 (]: Re-using an available connection from the pool (formerly list_nyc-motor-vehicle-collision-12_nyc_motor_vehicle_collision_dataset_stg_2025_nyc_crashes, now model.dbt_nyc_vehicle_crashes.stg_2025_nyc_crashes)
[0m18:50:05.435363 [debug] [Thread-1 (]: Began compiling node model.dbt_nyc_vehicle_crashes.stg_2025_nyc_crashes
[0m18:50:05.519983 [debug] [Thread-1 (]: Writing injected SQL for node "model.dbt_nyc_vehicle_crashes.stg_2025_nyc_crashes"
[0m18:50:05.532195 [debug] [Thread-1 (]: Began executing node model.dbt_nyc_vehicle_crashes.stg_2025_nyc_crashes
[0m18:50:05.567667 [debug] [Thread-1 (]: Opening a new connection, currently in state closed
[0m18:50:06.637707 [debug] [Thread-1 (]: Writing runtime sql for node "model.dbt_nyc_vehicle_crashes.stg_2025_nyc_crashes"
[0m18:50:06.639583 [debug] [Thread-1 (]: On model.dbt_nyc_vehicle_crashes.stg_2025_nyc_crashes: /* {"app": "dbt", "dbt_version": "1.11.8", "profile_name": "dbt_nyc_vehicle_crashes", "target_name": "dev", "node_id": "model.dbt_nyc_vehicle_crashes.stg_2025_nyc_crashes"} */

  
    

    create or replace table `nyc-motor-vehicle-collision-12`.`nyc_motor_vehicle_collision_dataset_stg_2025_nyc_crashes`.`stg_2025_nyc_crashes`
      
    
    

    
    OPTIONS()
    as (
      WITH source AS (

    SELECT
        DATE(SUBSTR(crash_date, 1, 10)) AS crash_date,
        SAFE.PARSE_TIME('%H:%M', crash_time) AS crash_time,
        on_street_name,
        off_street_name,
        SAFE_CAST(number_of_persons_injured AS INT64) AS number_of_persons_injured,
        SAFE_CAST(number_of_persons_killed AS INT64) AS number_of_persons_killed,
        SAFE_CAST(number_of_pedestrians_injured AS INT64) AS number_of_pedestrians_injured,
        SAFE_CAST(number_of_pedestrians_killed AS INT64) AS number_of_pedestrians_killed,
        SAFE_CAST(number_of_cyclist_injured AS INT64) AS number_of_cyclist_injured,
        SAFE_CAST(number_of_cyclist_killed AS INT64) AS number_of_cyclist_killed,
        SAFE_CAST(number_of_motorist_injured AS INT64) AS number_of_motorist_injured,
        SAFE_CAST(number_of_motorist_killed AS INT64) AS number_of_motorist_killed,
        contributing_factor_vehicle_1,
        contributing_factor_vehicle_2,
        CAST(collision_id AS INT64) AS collision_id,
        vehicle_type_code1 AS vehicle_type_code_1,
        vehicle_type_code2 AS vehicle_type_code_2,
        borough,
        zip_code,
        SAFE_CAST(latitude AS FLOAT64) AS latitude,
        SAFE_CAST(longitude AS FLOAT64) AS longitude,
        location,
        contributing_factor_vehicle_3,
        vehicle_type_code_3,
        cross_street_name,
        contributing_factor_vehicle_4,
        vehicle_type_code_4,
        contributing_factor_vehicle_5,
        vehicle_type_code_5
    FROM `nyc-motor-vehicle-collision-12`.`nyc_motor_vehicle_collision_dataset`.`nyc_motor_crashes`
)
SELECT 
    *,
    current_timestamp() AS ingestion_timestamp 
FROM source
    );
  
[0m18:50:07.281833 [debug] [Thread-1 (]: BigQuery adapter: https://console.cloud.google.com/bigquery?project=nyc-motor-vehicle-collision-12&j=bq:US:24538308-170f-4414-bca3-eb718c2d8e37&page=queryresults
[0m18:50:10.464788 [debug] [Thread-1 (]: SQL status: OK in 3.181 seconds
[0m18:50:10.957886 [debug] [Thread-1 (]: Sending event: {'category': 'dbt', 'action': 'run_model', 'label': 'f43a5886-f082-4d1b-87a9-5a048e42b2e3', 'context': [<snowplow_tracker.self_describing_json.SelfDescribingJson object at 0x72831dff0b00>]}
[0m18:50:10.958925 [info ] [Thread-1 (]: 1 of 3 OK created sql table model nyc_motor_vehicle_collision_dataset_stg_2025_nyc_crashes.stg_2025_nyc_crashes  [[32mCREATE TABLE (85.5k rows, 22.6 MiB processed)[0m in 5.52s]
[0m18:50:10.959961 [debug] [Thread-1 (]: Finished running node model.dbt_nyc_vehicle_crashes.stg_2025_nyc_crashes
[0m18:50:10.961676 [debug] [Thread-1 (]: Began running node model.dbt_nyc_vehicle_crashes.monthly_crashes
[0m18:50:10.962490 [info ] [Thread-1 (]: 2 of 3 START sql table model nyc_motor_vehicle_collision_dataset_mart_monthly_crashes.monthly_crashes  [RUN]
[0m18:50:10.963652 [debug] [Thread-1 (]: Re-using an available connection from the pool (formerly model.dbt_nyc_vehicle_crashes.stg_2025_nyc_crashes, now model.dbt_nyc_vehicle_crashes.monthly_crashes)
[0m18:50:10.964251 [debug] [Thread-1 (]: Began compiling node model.dbt_nyc_vehicle_crashes.monthly_crashes
[0m18:50:10.971255 [debug] [Thread-1 (]: Writing injected SQL for node "model.dbt_nyc_vehicle_crashes.monthly_crashes"
[0m18:50:10.973464 [debug] [Thread-1 (]: Began executing node model.dbt_nyc_vehicle_crashes.monthly_crashes
[0m18:50:10.988517 [debug] [Thread-1 (]: Opening a new connection, currently in state closed
[0m18:50:12.279322 [debug] [Thread-1 (]: Writing runtime sql for node "model.dbt_nyc_vehicle_crashes.monthly_crashes"
[0m18:50:12.281434 [debug] [Thread-1 (]: On model.dbt_nyc_vehicle_crashes.monthly_crashes: /* {"app": "dbt", "dbt_version": "1.11.8", "profile_name": "dbt_nyc_vehicle_crashes", "target_name": "dev", "node_id": "model.dbt_nyc_vehicle_crashes.monthly_crashes"} */

  
    

    create or replace table `nyc-motor-vehicle-collision-12`.`nyc_motor_vehicle_collision_dataset_mart_monthly_crashes`.`monthly_crashes`
      
    
    

    
    OPTIONS()
    as (
      # Monthly crashes in Nyc 

SELECT
  FORMAT_DATE('%B', crash_date) AS month_name,
  COUNT(crash_date) AS total_crashes
FROM
  `nyc-motor-vehicle-collision-12`.`nyc_motor_vehicle_collision_dataset_stg_2025_nyc_crashes`.`stg_2025_nyc_crashes`
GROUP BY month_name
ORDER BY COUNT(crash_date) DESC
    );
  
[0m18:50:12.919073 [debug] [Thread-1 (]: BigQuery adapter: https://console.cloud.google.com/bigquery?project=nyc-motor-vehicle-collision-12&j=bq:US:3d5e19ca-897a-4b80-89cf-a3041755afa9&page=queryresults
[0m18:50:15.173855 [debug] [Thread-1 (]: SQL status: OK in 2.254 seconds
[0m18:50:15.659029 [debug] [Thread-1 (]: Sending event: {'category': 'dbt', 'action': 'run_model', 'label': 'f43a5886-f082-4d1b-87a9-5a048e42b2e3', 'context': [<snowplow_tracker.self_describing_json.SelfDescribingJson object at 0x72831c3b6270>]}
[0m18:50:15.662004 [info ] [Thread-1 (]: 2 of 3 OK created sql table model nyc_motor_vehicle_collision_dataset_mart_monthly_crashes.monthly_crashes  [[32mCREATE TABLE (12.0 rows, 668.3 KiB processed)[0m in 4.69s]
[0m18:50:15.665631 [debug] [Thread-1 (]: Finished running node model.dbt_nyc_vehicle_crashes.monthly_crashes
[0m18:50:15.667723 [debug] [Thread-1 (]: Began running node model.dbt_nyc_vehicle_crashes.total_crashes_by_borough
[0m18:50:15.670298 [info ] [Thread-1 (]: 3 of 3 START sql table model nyc_motor_vehicle_collision_dataset_mart_monthly_crashes.total_crashes_by_borough  [RUN]
[0m18:50:15.672501 [debug] [Thread-1 (]: Re-using an available connection from the pool (formerly model.dbt_nyc_vehicle_crashes.monthly_crashes, now model.dbt_nyc_vehicle_crashes.total_crashes_by_borough)
[0m18:50:15.674514 [debug] [Thread-1 (]: Began compiling node model.dbt_nyc_vehicle_crashes.total_crashes_by_borough
[0m18:50:15.704831 [debug] [Thread-1 (]: Writing injected SQL for node "model.dbt_nyc_vehicle_crashes.total_crashes_by_borough"
[0m18:50:15.733645 [debug] [Thread-1 (]: Began executing node model.dbt_nyc_vehicle_crashes.total_crashes_by_borough
[0m18:50:15.741954 [debug] [Thread-1 (]: Writing runtime sql for node "model.dbt_nyc_vehicle_crashes.total_crashes_by_borough"
[0m18:50:15.752124 [debug] [Thread-1 (]: On model.dbt_nyc_vehicle_crashes.total_crashes_by_borough: /* {"app": "dbt", "dbt_version": "1.11.8", "profile_name": "dbt_nyc_vehicle_crashes", "target_name": "dev", "node_id": "model.dbt_nyc_vehicle_crashes.total_crashes_by_borough"} */

  
    

    create or replace table `nyc-motor-vehicle-collision-12`.`nyc_motor_vehicle_collision_dataset_mart_monthly_crashes`.`total_crashes_by_borough`
      
    
    

    
    OPTIONS()
    as (
      # Total crashes by Borough in Nyc 

SELECT
  Borough,
  COUNT(crash_date) AS total_crashes
FROM
  `nyc-motor-vehicle-collision-12`.`nyc_motor_vehicle_collision_dataset_stg_2025_nyc_crashes`.`stg_2025_nyc_crashes`
GROUP BY Borough
ORDER BY COUNT(crash_date) DESC
    );
  
[0m18:50:15.753886 [debug] [Thread-1 (]: Opening a new connection, currently in state closed
[0m18:50:17.327981 [debug] [Thread-1 (]: BigQuery adapter: https://console.cloud.google.com/bigquery?project=nyc-motor-vehicle-collision-12&j=bq:US:802b7ef2-9828-4754-9023-4df85ba1e19f&page=queryresults
[0m18:50:19.875819 [debug] [Thread-1 (]: SQL status: OK in 2.545 seconds
[0m18:50:20.288223 [debug] [Thread-1 (]: Sending event: {'category': 'dbt', 'action': 'run_model', 'label': 'f43a5886-f082-4d1b-87a9-5a048e42b2e3', 'context': [<snowplow_tracker.self_describing_json.SelfDescribingJson object at 0x72831d05b320>]}
[0m18:50:20.295868 [info ] [Thread-1 (]: 3 of 3 OK created sql table model nyc_motor_vehicle_collision_dataset_mart_monthly_crashes.total_crashes_by_borough  [[32mCREATE TABLE (6.0 rows, 1.4 MiB processed)[0m in 4.61s]
[0m18:50:20.301628 [debug] [Thread-1 (]: Finished running node model.dbt_nyc_vehicle_crashes.total_crashes_by_borough
[0m18:50:20.320361 [debug] [MainThread]: Opening a new connection, currently in state closed
[0m18:50:20.328434 [debug] [MainThread]: Connection 'master' was properly closed.
[0m18:50:20.332939 [debug] [MainThread]: Connection 'list_nyc-motor-vehicle-collision-12' was properly closed.
[0m18:50:20.338458 [debug] [MainThread]: Connection 'model.dbt_nyc_vehicle_crashes.total_crashes_by_borough' was properly closed.
[0m18:50:20.349183 [info ] [MainThread]: 
[0m18:50:20.352030 [info ] [MainThread]: Finished running 3 table models in 0 hours 0 minutes and 20.18 seconds (20.18s).
[0m18:50:20.371588 [debug] [MainThread]: Command end result
[0m18:50:20.523020 [debug] [MainThread]: Wrote artifact WritableManifest to /home/kwakut/nyc-vehicle-collisions-project/dbt_nyc_vehicle_crashes/target/manifest.json
[0m18:50:20.529215 [debug] [MainThread]: Wrote artifact SemanticManifest to /home/kwakut/nyc-vehicle-collisions-project/dbt_nyc_vehicle_crashes/target/semantic_manifest.json
[0m18:50:20.542895 [debug] [MainThread]: Wrote artifact RunExecutionResult to /home/kwakut/nyc-vehicle-collisions-project/dbt_nyc_vehicle_crashes/target/run_results.json
[0m18:50:20.544142 [info ] [MainThread]: 
[0m18:50:20.545896 [info ] [MainThread]: [32mCompleted successfully[0m
[0m18:50:20.548040 [info ] [MainThread]: 
[0m18:50:20.550065 [info ] [MainThread]: Done. PASS=3 WARN=0 ERROR=0 SKIP=0 NO-OP=0 TOTAL=3
[0m18:50:20.552484 [debug] [MainThread]: Resource report: {"command_name": "run", "command_success": true, "command_wall_clock_time": 23.656513, "process_in_blocks": "0", "process_kernel_time": 1.110418, "process_mem_max_rss": "233900", "process_out_blocks": "3704", "process_user_time": 6.148128}
[0m18:50:20.553708 [debug] [MainThread]: Command `dbt run` succeeded at 18:50:20.553419 after 23.66 seconds
[0m18:50:20.554897 [debug] [MainThread]: Sending event: {'category': 'dbt', 'action': 'invocation', 'label': 'end', 'context': [<snowplow_tracker.self_describing_json.SelfDescribingJson object at 0x72833b1ecd70>, <snowplow_tracker.self_describing_json.SelfDescribingJson object at 0x72831d8ac560>, <snowplow_tracker.self_describing_json.SelfDescribingJson object at 0x72831e1b67e0>]}
[0m18:50:20.556136 [debug] [MainThread]: Flushing usage events
[0m18:50:21.899176 [debug] [MainThread]: An error was encountered while trying to flush usage events
[0m19:24:00.639796 [debug] [MainThread]: Sending event: {'category': 'dbt', 'action': 'invocation', 'label': 'start', 'context': [<snowplow_tracker.self_describing_json.SelfDescribingJson object at 0x7375a719d460>, <snowplow_tracker.self_describing_json.SelfDescribingJson object at 0x7375a7a12c00>, <snowplow_tracker.self_describing_json.SelfDescribingJson object at 0x7375a719eb40>]}


============================== 19:24:00.652975 | f6d2d1e3-2e3d-43a7-bfd9-c4681e252f3c ==============================
[0m19:24:00.652975 [info ] [MainThread]: Running with dbt=1.11.8
[0m19:24:00.654420 [debug] [MainThread]: running dbt with arguments {'quiet': 'False', 'debug': 'False', 'send_anonymous_usage_stats': 'True', 'invocation_command': 'dbt run', 'cache_selected_only': 'False', 'partial_parse': 'True', 'version_check': 'True', 'log_path': '/home/kwakut/nyc-vehicle-collisions-project/dbt_nyc_vehicle_crashes/logs', 'log_cache_events': 'False', 'write_json': 'True', 'use_experimental_parser': 'False', 'no_print': 'None', 'printer_width': '80', 'empty': 'False', 'indirect_selection': 'eager', 'log_format': 'default', 'target_path': 'None', 'warn_error_options': 'WarnErrorOptionsV2(error=[], warn=[], silence=[])', 'static_parser': 'True', 'warn_error': 'None', 'introspect': 'True', 'profiles_dir': '/home/kwakut/.dbt', 'fail_fast': 'False', 'use_colors': 'True'}
[0m19:24:03.475473 [debug] [MainThread]: Sending event: {'category': 'dbt', 'action': 'project_id', 'label': 'f6d2d1e3-2e3d-43a7-bfd9-c4681e252f3c', 'context': [<snowplow_tracker.self_describing_json.SelfDescribingJson object at 0x737589850470>]}
[0m19:24:03.554622 [debug] [MainThread]: Sending event: {'category': 'dbt', 'action': 'adapter_info', 'label': 'f6d2d1e3-2e3d-43a7-bfd9-c4681e252f3c', 'context': [<snowplow_tracker.self_describing_json.SelfDescribingJson object at 0x737589b10980>]}
[0m19:24:03.555986 [info ] [MainThread]: Registered adapter: bigquery=1.11.1
[0m19:24:03.736199 [debug] [MainThread]: checksum: 7d524ac048c2100769df89d592e662e060a73ca564e31bd9c2a37efdfe8d8ab6, vars: {}, profile: , target: , version: 1.11.8
[0m19:24:04.014295 [debug] [MainThread]: Partial parsing enabled: 0 files deleted, 1 files added, 0 files changed.
[0m19:24:04.015190 [debug] [MainThread]: Partial parsing: added file: dbt_nyc_vehicle_crashes://models/mart/street_with_most_crashes.sql
[0m19:24:04.409067 [debug] [MainThread]: Sending event: {'category': 'dbt', 'action': 'load_project', 'label': 'f6d2d1e3-2e3d-43a7-bfd9-c4681e252f3c', 'context': [<snowplow_tracker.self_describing_json.SelfDescribingJson object at 0x7375890bb950>]}
[0m19:24:04.526058 [debug] [MainThread]: Wrote artifact WritableManifest to /home/kwakut/nyc-vehicle-collisions-project/dbt_nyc_vehicle_crashes/target/manifest.json
[0m19:24:04.528869 [debug] [MainThread]: Wrote artifact SemanticManifest to /home/kwakut/nyc-vehicle-collisions-project/dbt_nyc_vehicle_crashes/target/semantic_manifest.json
[0m19:24:04.544332 [debug] [MainThread]: Sending event: {'category': 'dbt', 'action': 'resource_counts', 'label': 'f6d2d1e3-2e3d-43a7-bfd9-c4681e252f3c', 'context': [<snowplow_tracker.self_describing_json.SelfDescribingJson object at 0x7375887ef380>]}
[0m19:24:04.545515 [info ] [MainThread]: Found 4 models, 2 data tests, 1 source, 539 macros
[0m19:24:04.546328 [debug] [MainThread]: Sending event: {'category': 'dbt', 'action': 'runnable_timing', 'label': 'f6d2d1e3-2e3d-43a7-bfd9-c4681e252f3c', 'context': [<snowplow_tracker.self_describing_json.SelfDescribingJson object at 0x7375887f8ce0>]}
[0m19:24:04.548684 [info ] [MainThread]: 
[0m19:24:04.549440 [info ] [MainThread]: Concurrency: 1 threads (target='dev')
[0m19:24:04.551139 [info ] [MainThread]: 
[0m19:24:04.552339 [debug] [MainThread]: Acquiring new bigquery connection 'master'
[0m19:24:04.559851 [debug] [ThreadPool]: Acquiring new bigquery connection 'list_nyc-motor-vehicle-collision-12'
[0m19:24:04.560877 [debug] [ThreadPool]: Opening a new connection, currently in state init
[0m19:24:08.223738 [debug] [ThreadPool]: Opening a new connection, currently in state closed
[0m19:24:09.172570 [debug] [ThreadPool]: Re-using an available connection from the pool (formerly list_nyc-motor-vehicle-collision-12, now list_nyc-motor-vehicle-collision-12_nyc_motor_vehicle_collision_dataset_mart_monthly_crashes)
[0m19:24:09.173468 [debug] [ThreadPool]: Opening a new connection, currently in state closed
[0m19:24:10.143182 [debug] [ThreadPool]: Re-using an available connection from the pool (formerly list_nyc-motor-vehicle-collision-12_nyc_motor_vehicle_collision_dataset_mart_monthly_crashes, now list_nyc-motor-vehicle-collision-12_nyc_motor_vehicle_collision_dataset_stg_2025_nyc_crashes)
[0m19:24:10.144810 [debug] [ThreadPool]: Opening a new connection, currently in state closed
[0m19:24:11.110366 [debug] [MainThread]: Sending event: {'category': 'dbt', 'action': 'runnable_timing', 'label': 'f6d2d1e3-2e3d-43a7-bfd9-c4681e252f3c', 'context': [<snowplow_tracker.self_describing_json.SelfDescribingJson object at 0x7375887fa5d0>]}
[0m19:24:11.115550 [debug] [MainThread]: Opening a new connection, currently in state init
[0m19:24:11.155581 [debug] [Thread-1 (]: Began running node model.dbt_nyc_vehicle_crashes.stg_2025_nyc_crashes
[0m19:24:11.158381 [info ] [Thread-1 (]: 1 of 4 START sql table model nyc_motor_vehicle_collision_dataset_stg_2025_nyc_crashes.stg_2025_nyc_crashes  [RUN]
[0m19:24:11.161094 [debug] [Thread-1 (]: Re-using an available connection from the pool (formerly list_nyc-motor-vehicle-collision-12_nyc_motor_vehicle_collision_dataset_stg_2025_nyc_crashes, now model.dbt_nyc_vehicle_crashes.stg_2025_nyc_crashes)
[0m19:24:11.162914 [debug] [Thread-1 (]: Began compiling node model.dbt_nyc_vehicle_crashes.stg_2025_nyc_crashes
[0m19:24:11.209001 [debug] [Thread-1 (]: Writing injected SQL for node "model.dbt_nyc_vehicle_crashes.stg_2025_nyc_crashes"
[0m19:24:11.211250 [debug] [Thread-1 (]: Began executing node model.dbt_nyc_vehicle_crashes.stg_2025_nyc_crashes
[0m19:24:11.240108 [debug] [Thread-1 (]: Opening a new connection, currently in state closed
[0m19:24:12.304181 [debug] [Thread-1 (]: Writing runtime sql for node "model.dbt_nyc_vehicle_crashes.stg_2025_nyc_crashes"
[0m19:24:12.306777 [debug] [Thread-1 (]: On model.dbt_nyc_vehicle_crashes.stg_2025_nyc_crashes: /* {"app": "dbt", "dbt_version": "1.11.8", "profile_name": "dbt_nyc_vehicle_crashes", "target_name": "dev", "node_id": "model.dbt_nyc_vehicle_crashes.stg_2025_nyc_crashes"} */

  
    

    create or replace table `nyc-motor-vehicle-collision-12`.`nyc_motor_vehicle_collision_dataset_stg_2025_nyc_crashes`.`stg_2025_nyc_crashes`
      
    
    

    
    OPTIONS()
    as (
      WITH source AS (

    SELECT
        DATE(SUBSTR(crash_date, 1, 10)) AS crash_date,
        SAFE.PARSE_TIME('%H:%M', crash_time) AS crash_time,
        on_street_name,
        off_street_name,
        SAFE_CAST(number_of_persons_injured AS INT64) AS number_of_persons_injured,
        SAFE_CAST(number_of_persons_killed AS INT64) AS number_of_persons_killed,
        SAFE_CAST(number_of_pedestrians_injured AS INT64) AS number_of_pedestrians_injured,
        SAFE_CAST(number_of_pedestrians_killed AS INT64) AS number_of_pedestrians_killed,
        SAFE_CAST(number_of_cyclist_injured AS INT64) AS number_of_cyclist_injured,
        SAFE_CAST(number_of_cyclist_killed AS INT64) AS number_of_cyclist_killed,
        SAFE_CAST(number_of_motorist_injured AS INT64) AS number_of_motorist_injured,
        SAFE_CAST(number_of_motorist_killed AS INT64) AS number_of_motorist_killed,
        contributing_factor_vehicle_1,
        contributing_factor_vehicle_2,
        CAST(collision_id AS INT64) AS collision_id,
        vehicle_type_code1 AS vehicle_type_code_1,
        vehicle_type_code2 AS vehicle_type_code_2,
        borough,
        zip_code,
        SAFE_CAST(latitude AS FLOAT64) AS latitude,
        SAFE_CAST(longitude AS FLOAT64) AS longitude,
        location,
        contributing_factor_vehicle_3,
        vehicle_type_code_3,
        cross_street_name,
        contributing_factor_vehicle_4,
        vehicle_type_code_4,
        contributing_factor_vehicle_5,
        vehicle_type_code_5
    FROM `nyc-motor-vehicle-collision-12`.`nyc_motor_vehicle_collision_dataset`.`nyc_motor_crashes`
)
SELECT 
    *,
    current_timestamp() AS ingestion_timestamp 
FROM source
    );
  
[0m19:24:12.921343 [debug] [Thread-1 (]: BigQuery adapter: https://console.cloud.google.com/bigquery?project=nyc-motor-vehicle-collision-12&j=bq:US:b221e1b1-3d89-489c-904d-35859f8f12d7&page=queryresults
[0m19:24:18.252128 [debug] [Thread-1 (]: SQL status: OK in 5.881 seconds
[0m19:24:18.817925 [debug] [Thread-1 (]: Sending event: {'category': 'dbt', 'action': 'run_model', 'label': 'f6d2d1e3-2e3d-43a7-bfd9-c4681e252f3c', 'context': [<snowplow_tracker.self_describing_json.SelfDescribingJson object at 0x737589804410>]}
[0m19:24:18.819550 [info ] [Thread-1 (]: 1 of 4 OK created sql table model nyc_motor_vehicle_collision_dataset_stg_2025_nyc_crashes.stg_2025_nyc_crashes  [[32mCREATE TABLE (85.5k rows, 22.6 MiB processed)[0m in 7.65s]
[0m19:24:18.821965 [debug] [Thread-1 (]: Finished running node model.dbt_nyc_vehicle_crashes.stg_2025_nyc_crashes
[0m19:24:18.825625 [debug] [Thread-1 (]: Began running node model.dbt_nyc_vehicle_crashes.monthly_crashes
[0m19:24:18.826955 [info ] [Thread-1 (]: 2 of 4 START sql table model nyc_motor_vehicle_collision_dataset_mart_monthly_crashes.monthly_crashes  [RUN]
[0m19:24:18.828127 [debug] [Thread-1 (]: Re-using an available connection from the pool (formerly model.dbt_nyc_vehicle_crashes.stg_2025_nyc_crashes, now model.dbt_nyc_vehicle_crashes.monthly_crashes)
[0m19:24:18.829584 [debug] [Thread-1 (]: Began compiling node model.dbt_nyc_vehicle_crashes.monthly_crashes
[0m19:24:18.848700 [debug] [Thread-1 (]: Writing injected SQL for node "model.dbt_nyc_vehicle_crashes.monthly_crashes"
[0m19:24:18.854451 [debug] [Thread-1 (]: Began executing node model.dbt_nyc_vehicle_crashes.monthly_crashes
[0m19:24:18.860733 [debug] [Thread-1 (]: Opening a new connection, currently in state closed
[0m19:24:19.753077 [debug] [Thread-1 (]: Writing runtime sql for node "model.dbt_nyc_vehicle_crashes.monthly_crashes"
[0m19:24:19.758991 [debug] [Thread-1 (]: On model.dbt_nyc_vehicle_crashes.monthly_crashes: /* {"app": "dbt", "dbt_version": "1.11.8", "profile_name": "dbt_nyc_vehicle_crashes", "target_name": "dev", "node_id": "model.dbt_nyc_vehicle_crashes.monthly_crashes"} */

  
    

    create or replace table `nyc-motor-vehicle-collision-12`.`nyc_motor_vehicle_collision_dataset_mart_monthly_crashes`.`monthly_crashes`
      
    
    

    
    OPTIONS()
    as (
      # Monthly crashes in Nyc 

SELECT
  FORMAT_DATE('%B', crash_date) AS month_name,
  COUNT(crash_date) AS total_crashes
FROM
  `nyc-motor-vehicle-collision-12`.`nyc_motor_vehicle_collision_dataset_stg_2025_nyc_crashes`.`stg_2025_nyc_crashes`
GROUP BY month_name
ORDER BY COUNT(crash_date) DESC
    );
  
[0m19:24:20.358946 [debug] [Thread-1 (]: BigQuery adapter: https://console.cloud.google.com/bigquery?project=nyc-motor-vehicle-collision-12&j=bq:US:32e4f30f-d8f4-4976-ab18-f8d734b0e8e7&page=queryresults
[0m19:24:22.379240 [debug] [Thread-1 (]: SQL status: OK in 2.017 seconds
[0m19:24:22.832143 [debug] [Thread-1 (]: Sending event: {'category': 'dbt', 'action': 'run_model', 'label': 'f6d2d1e3-2e3d-43a7-bfd9-c4681e252f3c', 'context': [<snowplow_tracker.self_describing_json.SelfDescribingJson object at 0x73758960b3b0>]}
[0m19:24:22.834354 [info ] [Thread-1 (]: 2 of 4 OK created sql table model nyc_motor_vehicle_collision_dataset_mart_monthly_crashes.monthly_crashes  [[32mCREATE TABLE (12.0 rows, 668.3 KiB processed)[0m in 4.00s]
[0m19:24:22.837670 [debug] [Thread-1 (]: Finished running node model.dbt_nyc_vehicle_crashes.monthly_crashes
[0m19:24:22.840682 [debug] [Thread-1 (]: Began running node model.dbt_nyc_vehicle_crashes.street_with_most_crashes
[0m19:24:22.849602 [info ] [Thread-1 (]: 3 of 4 START sql table model nyc_motor_vehicle_collision_dataset_mart_monthly_crashes.street_with_most_crashes  [RUN]
[0m19:24:22.851823 [debug] [Thread-1 (]: Re-using an available connection from the pool (formerly model.dbt_nyc_vehicle_crashes.monthly_crashes, now model.dbt_nyc_vehicle_crashes.street_with_most_crashes)
[0m19:24:22.853480 [debug] [Thread-1 (]: Began compiling node model.dbt_nyc_vehicle_crashes.street_with_most_crashes
[0m19:24:22.868955 [debug] [Thread-1 (]: Writing injected SQL for node "model.dbt_nyc_vehicle_crashes.street_with_most_crashes"
[0m19:24:22.873774 [debug] [Thread-1 (]: Began executing node model.dbt_nyc_vehicle_crashes.street_with_most_crashes
[0m19:24:22.880275 [debug] [Thread-1 (]: Writing runtime sql for node "model.dbt_nyc_vehicle_crashes.street_with_most_crashes"
[0m19:24:22.884250 [debug] [Thread-1 (]: On model.dbt_nyc_vehicle_crashes.street_with_most_crashes: /* {"app": "dbt", "dbt_version": "1.11.8", "profile_name": "dbt_nyc_vehicle_crashes", "target_name": "dev", "node_id": "model.dbt_nyc_vehicle_crashes.street_with_most_crashes"} */

  
    

    create or replace table `nyc-motor-vehicle-collision-12`.`nyc_motor_vehicle_collision_dataset_mart_monthly_crashes`.`street_with_most_crashes`
      
    
    

    
    OPTIONS()
    as (
      # Most common streets where crashes happen in Nyc 

SELECT
  on_street_name,
  COUNT(crash_date) AS total_crashes
FROM
  `nyc-motor-vehicle-collision-12`.`nyc_motor_vehicle_collision_dataset_stg_2025_nyc_crashes`.`stg_2025_nyc_crashes`
    );
  
[0m19:24:22.885229 [debug] [Thread-1 (]: Opening a new connection, currently in state closed
[0m19:24:24.038502 [debug] [Thread-1 (]: BigQuery adapter: https://console.cloud.google.com/bigquery?project=nyc-motor-vehicle-collision-12&j=bq:US:24840b48-0470-4ab0-a185-2377a2575a66&page=queryresults
[0m19:24:24.535606 [error] [Thread-1 (]: BigQuery adapter: https://console.cloud.google.com/bigquery?project=nyc-motor-vehicle-collision-12&j=bq:US:24840b48-0470-4ab0-a185-2377a2575a66&page=queryresults
[0m19:24:24.583004 [debug] [Thread-1 (]: Database Error in model street_with_most_crashes (models/mart/street_with_most_crashes.sql)
  SELECT list expression references column on_street_name which is neither grouped nor aggregated at [17:3]
  compiled code at target/run/dbt_nyc_vehicle_crashes/models/mart/street_with_most_crashes.sql
[0m19:24:24.584233 [debug] [Thread-1 (]: Sending event: {'category': 'dbt', 'action': 'run_model', 'label': 'f6d2d1e3-2e3d-43a7-bfd9-c4681e252f3c', 'context': [<snowplow_tracker.self_describing_json.SelfDescribingJson object at 0x73758842d0a0>]}
[0m19:24:24.586468 [error] [Thread-1 (]: 3 of 4 ERROR creating sql table model nyc_motor_vehicle_collision_dataset_mart_monthly_crashes.street_with_most_crashes  [[31mERROR[0m in 1.73s]
[0m19:24:24.587697 [debug] [Thread-1 (]: Finished running node model.dbt_nyc_vehicle_crashes.street_with_most_crashes
[0m19:24:24.588454 [debug] [Thread-1 (]: Began running node model.dbt_nyc_vehicle_crashes.total_crashes_by_borough
[0m19:24:24.589310 [debug] [Thread-4 (]: Marking all children of 'model.dbt_nyc_vehicle_crashes.street_with_most_crashes' to be skipped because of status 'error'.  Reason: Database Error in model street_with_most_crashes (models/mart/street_with_most_crashes.sql)
  SELECT list expression references column on_street_name which is neither grouped nor aggregated at [17:3]
  compiled code at target/run/dbt_nyc_vehicle_crashes/models/mart/street_with_most_crashes.sql.
[0m19:24:24.590212 [info ] [Thread-1 (]: 4 of 4 START sql table model nyc_motor_vehicle_collision_dataset_mart_monthly_crashes.total_crashes_by_borough  [RUN]
[0m19:24:24.592384 [debug] [Thread-1 (]: Re-using an available connection from the pool (formerly model.dbt_nyc_vehicle_crashes.street_with_most_crashes, now model.dbt_nyc_vehicle_crashes.total_crashes_by_borough)
[0m19:24:24.593052 [debug] [Thread-1 (]: Began compiling node model.dbt_nyc_vehicle_crashes.total_crashes_by_borough
[0m19:24:24.598888 [debug] [Thread-1 (]: Writing injected SQL for node "model.dbt_nyc_vehicle_crashes.total_crashes_by_borough"
[0m19:24:24.600857 [debug] [Thread-1 (]: Began executing node model.dbt_nyc_vehicle_crashes.total_crashes_by_borough
[0m19:24:24.605187 [debug] [Thread-1 (]: Opening a new connection, currently in state closed
[0m19:24:25.479183 [debug] [Thread-1 (]: Writing runtime sql for node "model.dbt_nyc_vehicle_crashes.total_crashes_by_borough"
[0m19:24:25.481463 [debug] [Thread-1 (]: On model.dbt_nyc_vehicle_crashes.total_crashes_by_borough: /* {"app": "dbt", "dbt_version": "1.11.8", "profile_name": "dbt_nyc_vehicle_crashes", "target_name": "dev", "node_id": "model.dbt_nyc_vehicle_crashes.total_crashes_by_borough"} */

  
    

    create or replace table `nyc-motor-vehicle-collision-12`.`nyc_motor_vehicle_collision_dataset_mart_monthly_crashes`.`total_crashes_by_borough`
      
    
    

    
    OPTIONS()
    as (
      # Total crashes by Borough in Nyc 

SELECT
  Borough,
  COUNT(crash_date) AS total_crashes
FROM
  `nyc-motor-vehicle-collision-12`.`nyc_motor_vehicle_collision_dataset_stg_2025_nyc_crashes`.`stg_2025_nyc_crashes`
GROUP BY Borough
ORDER BY COUNT(crash_date) DESC
    );
  
[0m19:24:26.096865 [debug] [Thread-1 (]: BigQuery adapter: https://console.cloud.google.com/bigquery?project=nyc-motor-vehicle-collision-12&j=bq:US:5f740937-3a82-4b14-b5ae-c04c8c2ebf80&page=queryresults
[0m19:24:28.203535 [debug] [Thread-1 (]: SQL status: OK in 2.105 seconds
[0m19:24:28.688102 [debug] [Thread-1 (]: Sending event: {'category': 'dbt', 'action': 'run_model', 'label': 'f6d2d1e3-2e3d-43a7-bfd9-c4681e252f3c', 'context': [<snowplow_tracker.self_describing_json.SelfDescribingJson object at 0x7375883772f0>]}
[0m19:24:28.690690 [info ] [Thread-1 (]: 4 of 4 OK created sql table model nyc_motor_vehicle_collision_dataset_mart_monthly_crashes.total_crashes_by_borough  [[32mCREATE TABLE (6.0 rows, 1.4 MiB processed)[0m in 4.09s]
[0m19:24:28.692790 [debug] [Thread-1 (]: Finished running node model.dbt_nyc_vehicle_crashes.total_crashes_by_borough
[0m19:24:28.696508 [debug] [MainThread]: Opening a new connection, currently in state closed
[0m19:24:28.698347 [debug] [MainThread]: Connection 'master' was properly closed.
[0m19:24:28.699544 [debug] [MainThread]: Connection 'model.dbt_nyc_vehicle_crashes.total_crashes_by_borough' was properly closed.
[0m19:24:28.700983 [info ] [MainThread]: 
[0m19:24:28.702283 [info ] [MainThread]: Finished running 4 table models in 0 hours 0 minutes and 24.15 seconds (24.15s).
[0m19:24:28.707792 [debug] [MainThread]: Command end result
[0m19:24:28.778964 [debug] [MainThread]: Wrote artifact WritableManifest to /home/kwakut/nyc-vehicle-collisions-project/dbt_nyc_vehicle_crashes/target/manifest.json
[0m19:24:28.781903 [debug] [MainThread]: Wrote artifact SemanticManifest to /home/kwakut/nyc-vehicle-collisions-project/dbt_nyc_vehicle_crashes/target/semantic_manifest.json
[0m19:24:28.790216 [debug] [MainThread]: Wrote artifact RunExecutionResult to /home/kwakut/nyc-vehicle-collisions-project/dbt_nyc_vehicle_crashes/target/run_results.json
[0m19:24:28.790931 [info ] [MainThread]: 
[0m19:24:28.791589 [info ] [MainThread]: [31mCompleted with 1 error, 0 partial successes, and 0 warnings:[0m
[0m19:24:28.792356 [info ] [MainThread]: 
[0m19:24:28.793789 [error] [MainThread]: [31mFailure in model street_with_most_crashes (models/mart/street_with_most_crashes.sql)[0m
[0m19:24:28.795290 [error] [MainThread]:   Database Error in model street_with_most_crashes (models/mart/street_with_most_crashes.sql)
  SELECT list expression references column on_street_name which is neither grouped nor aggregated at [17:3]
  compiled code at target/run/dbt_nyc_vehicle_crashes/models/mart/street_with_most_crashes.sql
[0m19:24:28.796321 [info ] [MainThread]: 
[0m19:24:28.797179 [info ] [MainThread]:   compiled code at target/compiled/dbt_nyc_vehicle_crashes/models/mart/street_with_most_crashes.sql
[0m19:24:28.798121 [info ] [MainThread]: 
[0m19:24:28.800754 [info ] [MainThread]: Done. PASS=3 WARN=0 ERROR=1 SKIP=0 NO-OP=0 TOTAL=4
[0m19:24:28.802609 [debug] [MainThread]: Resource report: {"command_name": "run", "command_success": false, "command_wall_clock_time": 28.811655, "process_in_blocks": "2304", "process_kernel_time": 2.330439, "process_mem_max_rss": "234312", "process_out_blocks": "3760", "process_user_time": 6.970362}
[0m19:24:28.803439 [debug] [MainThread]: Command `dbt run` failed at 19:24:28.803226 after 28.81 seconds
[0m19:24:28.804201 [debug] [MainThread]: Sending event: {'category': 'dbt', 'action': 'invocation', 'label': 'end', 'context': [<snowplow_tracker.self_describing_json.SelfDescribingJson object at 0x7375a6e22ea0>, <snowplow_tracker.self_describing_json.SelfDescribingJson object at 0x7375897d6e40>, <snowplow_tracker.self_describing_json.SelfDescribingJson object at 0x7375883a60f0>]}
[0m19:24:28.805841 [debug] [MainThread]: Flushing usage events
[0m19:24:30.522835 [debug] [MainThread]: An error was encountered while trying to flush usage events
[0m19:26:06.489804 [debug] [MainThread]: Sending event: {'category': 'dbt', 'action': 'invocation', 'label': 'start', 'context': [<snowplow_tracker.self_describing_json.SelfDescribingJson object at 0x74f5c4a8b9e0>, <snowplow_tracker.self_describing_json.SelfDescribingJson object at 0x74f5c4cfa480>, <snowplow_tracker.self_describing_json.SelfDescribingJson object at 0x74f5c4a8b020>]}


============================== 19:26:06.494136 | ffb25492-a928-49e0-9d4b-e1206497c62f ==============================
[0m19:26:06.494136 [info ] [MainThread]: Running with dbt=1.11.8
[0m19:26:06.495044 [debug] [MainThread]: running dbt with arguments {'indirect_selection': 'eager', 'debug': 'False', 'log_format': 'default', 'target_path': 'None', 'use_colors': 'True', 'use_experimental_parser': 'False', 'profiles_dir': '/home/kwakut/.dbt', 'log_path': '/home/kwakut/nyc-vehicle-collisions-project/dbt_nyc_vehicle_crashes/logs', 'cache_selected_only': 'False', 'log_cache_events': 'False', 'empty': 'False', 'introspect': 'True', 'static_parser': 'True', 'printer_width': '80', 'send_anonymous_usage_stats': 'True', 'warn_error_options': 'WarnErrorOptionsV2(error=[], warn=[], silence=[])', 'version_check': 'True', 'warn_error': 'None', 'invocation_command': 'dbt run', 'write_json': 'True', 'no_print': 'None', 'quiet': 'False', 'fail_fast': 'False', 'partial_parse': 'True'}
[0m19:26:07.732872 [debug] [MainThread]: Sending event: {'category': 'dbt', 'action': 'project_id', 'label': 'ffb25492-a928-49e0-9d4b-e1206497c62f', 'context': [<snowplow_tracker.self_describing_json.SelfDescribingJson object at 0x74f5a7215dc0>]}
[0m19:26:07.821393 [debug] [MainThread]: Sending event: {'category': 'dbt', 'action': 'adapter_info', 'label': 'ffb25492-a928-49e0-9d4b-e1206497c62f', 'context': [<snowplow_tracker.self_describing_json.SelfDescribingJson object at 0x74f5a7078800>]}
[0m19:26:07.822367 [info ] [MainThread]: Registered adapter: bigquery=1.11.1
[0m19:26:08.024584 [debug] [MainThread]: checksum: 7d524ac048c2100769df89d592e662e060a73ca564e31bd9c2a37efdfe8d8ab6, vars: {}, profile: , target: , version: 1.11.8
[0m19:26:08.327073 [debug] [MainThread]: Partial parsing enabled: 0 files deleted, 0 files added, 1 files changed.
[0m19:26:08.328053 [debug] [MainThread]: Partial parsing: updated file: dbt_nyc_vehicle_crashes://models/mart/street_with_most_crashes.sql
[0m19:26:08.675189 [debug] [MainThread]: Sending event: {'category': 'dbt', 'action': 'load_project', 'label': 'ffb25492-a928-49e0-9d4b-e1206497c62f', 'context': [<snowplow_tracker.self_describing_json.SelfDescribingJson object at 0x74f5a6f352b0>]}
[0m19:26:08.781608 [debug] [MainThread]: Wrote artifact WritableManifest to /home/kwakut/nyc-vehicle-collisions-project/dbt_nyc_vehicle_crashes/target/manifest.json
[0m19:26:08.784232 [debug] [MainThread]: Wrote artifact SemanticManifest to /home/kwakut/nyc-vehicle-collisions-project/dbt_nyc_vehicle_crashes/target/semantic_manifest.json
[0m19:26:08.794420 [debug] [MainThread]: Sending event: {'category': 'dbt', 'action': 'resource_counts', 'label': 'ffb25492-a928-49e0-9d4b-e1206497c62f', 'context': [<snowplow_tracker.self_describing_json.SelfDescribingJson object at 0x74f5a60b1ac0>]}
[0m19:26:08.795161 [info ] [MainThread]: Found 4 models, 2 data tests, 1 source, 539 macros
[0m19:26:08.795762 [debug] [MainThread]: Sending event: {'category': 'dbt', 'action': 'runnable_timing', 'label': 'ffb25492-a928-49e0-9d4b-e1206497c62f', 'context': [<snowplow_tracker.self_describing_json.SelfDescribingJson object at 0x74f5a60b6f00>]}
[0m19:26:08.798061 [info ] [MainThread]: 
[0m19:26:08.799007 [info ] [MainThread]: Concurrency: 1 threads (target='dev')
[0m19:26:08.799574 [info ] [MainThread]: 
[0m19:26:08.800427 [debug] [MainThread]: Acquiring new bigquery connection 'master'
[0m19:26:08.806359 [debug] [ThreadPool]: Acquiring new bigquery connection 'list_nyc-motor-vehicle-collision-12'
[0m19:26:08.807584 [debug] [ThreadPool]: Opening a new connection, currently in state init
[0m19:26:11.720178 [debug] [ThreadPool]: Opening a new connection, currently in state closed
[0m19:26:13.037931 [debug] [ThreadPool]: Acquiring new bigquery connection 'list_nyc-motor-vehicle-collision-12_nyc_motor_vehicle_collision_dataset_stg_2025_nyc_crashes'
[0m19:26:13.049977 [debug] [ThreadPool]: Opening a new connection, currently in state init
[0m19:26:14.041915 [debug] [ThreadPool]: Re-using an available connection from the pool (formerly list_nyc-motor-vehicle-collision-12_nyc_motor_vehicle_collision_dataset_stg_2025_nyc_crashes, now list_nyc-motor-vehicle-collision-12_nyc_motor_vehicle_collision_dataset_mart_monthly_crashes)
[0m19:26:14.043448 [debug] [ThreadPool]: Opening a new connection, currently in state closed
[0m19:26:15.014509 [debug] [MainThread]: Sending event: {'category': 'dbt', 'action': 'runnable_timing', 'label': 'ffb25492-a928-49e0-9d4b-e1206497c62f', 'context': [<snowplow_tracker.self_describing_json.SelfDescribingJson object at 0x74f5a6f58cb0>]}
[0m19:26:15.017967 [debug] [MainThread]: Opening a new connection, currently in state init
[0m19:26:15.039040 [debug] [Thread-1 (]: Began running node model.dbt_nyc_vehicle_crashes.stg_2025_nyc_crashes
[0m19:26:15.043221 [info ] [Thread-1 (]: 1 of 4 START sql table model nyc_motor_vehicle_collision_dataset_stg_2025_nyc_crashes.stg_2025_nyc_crashes  [RUN]
[0m19:26:15.045552 [debug] [Thread-1 (]: Re-using an available connection from the pool (formerly list_nyc-motor-vehicle-collision-12_nyc_motor_vehicle_collision_dataset_mart_monthly_crashes, now model.dbt_nyc_vehicle_crashes.stg_2025_nyc_crashes)
[0m19:26:15.047245 [debug] [Thread-1 (]: Began compiling node model.dbt_nyc_vehicle_crashes.stg_2025_nyc_crashes
[0m19:26:15.069957 [debug] [Thread-1 (]: Writing injected SQL for node "model.dbt_nyc_vehicle_crashes.stg_2025_nyc_crashes"
[0m19:26:15.073757 [debug] [Thread-1 (]: Began executing node model.dbt_nyc_vehicle_crashes.stg_2025_nyc_crashes
[0m19:26:15.094875 [debug] [Thread-1 (]: Opening a new connection, currently in state closed
[0m19:26:16.123939 [debug] [Thread-1 (]: Writing runtime sql for node "model.dbt_nyc_vehicle_crashes.stg_2025_nyc_crashes"
[0m19:26:16.126499 [debug] [Thread-1 (]: On model.dbt_nyc_vehicle_crashes.stg_2025_nyc_crashes: /* {"app": "dbt", "dbt_version": "1.11.8", "profile_name": "dbt_nyc_vehicle_crashes", "target_name": "dev", "node_id": "model.dbt_nyc_vehicle_crashes.stg_2025_nyc_crashes"} */

  
    

    create or replace table `nyc-motor-vehicle-collision-12`.`nyc_motor_vehicle_collision_dataset_stg_2025_nyc_crashes`.`stg_2025_nyc_crashes`
      
    
    

    
    OPTIONS()
    as (
      WITH source AS (

    SELECT
        DATE(SUBSTR(crash_date, 1, 10)) AS crash_date,
        SAFE.PARSE_TIME('%H:%M', crash_time) AS crash_time,
        on_street_name,
        off_street_name,
        SAFE_CAST(number_of_persons_injured AS INT64) AS number_of_persons_injured,
        SAFE_CAST(number_of_persons_killed AS INT64) AS number_of_persons_killed,
        SAFE_CAST(number_of_pedestrians_injured AS INT64) AS number_of_pedestrians_injured,
        SAFE_CAST(number_of_pedestrians_killed AS INT64) AS number_of_pedestrians_killed,
        SAFE_CAST(number_of_cyclist_injured AS INT64) AS number_of_cyclist_injured,
        SAFE_CAST(number_of_cyclist_killed AS INT64) AS number_of_cyclist_killed,
        SAFE_CAST(number_of_motorist_injured AS INT64) AS number_of_motorist_injured,
        SAFE_CAST(number_of_motorist_killed AS INT64) AS number_of_motorist_killed,
        contributing_factor_vehicle_1,
        contributing_factor_vehicle_2,
        CAST(collision_id AS INT64) AS collision_id,
        vehicle_type_code1 AS vehicle_type_code_1,
        vehicle_type_code2 AS vehicle_type_code_2,
        borough,
        zip_code,
        SAFE_CAST(latitude AS FLOAT64) AS latitude,
        SAFE_CAST(longitude AS FLOAT64) AS longitude,
        location,
        contributing_factor_vehicle_3,
        vehicle_type_code_3,
        cross_street_name,
        contributing_factor_vehicle_4,
        vehicle_type_code_4,
        contributing_factor_vehicle_5,
        vehicle_type_code_5
    FROM `nyc-motor-vehicle-collision-12`.`nyc_motor_vehicle_collision_dataset`.`nyc_motor_crashes`
)
SELECT 
    *,
    current_timestamp() AS ingestion_timestamp 
FROM source
    );
  
[0m19:26:16.825006 [debug] [Thread-1 (]: BigQuery adapter: https://console.cloud.google.com/bigquery?project=nyc-motor-vehicle-collision-12&j=bq:US:86179d9b-7f0b-493f-83f6-b9216f24a3d3&page=queryresults
[0m19:26:19.718090 [debug] [Thread-1 (]: SQL status: OK in 2.890 seconds
[0m19:26:20.219160 [debug] [Thread-1 (]: Sending event: {'category': 'dbt', 'action': 'run_model', 'label': 'ffb25492-a928-49e0-9d4b-e1206497c62f', 'context': [<snowplow_tracker.self_describing_json.SelfDescribingJson object at 0x74f5a70e0890>]}
[0m19:26:20.220203 [info ] [Thread-1 (]: 1 of 4 OK created sql table model nyc_motor_vehicle_collision_dataset_stg_2025_nyc_crashes.stg_2025_nyc_crashes  [[32mCREATE TABLE (85.5k rows, 22.6 MiB processed)[0m in 5.17s]
[0m19:26:20.221407 [debug] [Thread-1 (]: Finished running node model.dbt_nyc_vehicle_crashes.stg_2025_nyc_crashes
[0m19:26:20.222970 [debug] [Thread-1 (]: Began running node model.dbt_nyc_vehicle_crashes.monthly_crashes
[0m19:26:20.223700 [info ] [Thread-1 (]: 2 of 4 START sql table model nyc_motor_vehicle_collision_dataset_mart_monthly_crashes.monthly_crashes  [RUN]
[0m19:26:20.224502 [debug] [Thread-1 (]: Re-using an available connection from the pool (formerly model.dbt_nyc_vehicle_crashes.stg_2025_nyc_crashes, now model.dbt_nyc_vehicle_crashes.monthly_crashes)
[0m19:26:20.225132 [debug] [Thread-1 (]: Began compiling node model.dbt_nyc_vehicle_crashes.monthly_crashes
[0m19:26:20.233287 [debug] [Thread-1 (]: Writing injected SQL for node "model.dbt_nyc_vehicle_crashes.monthly_crashes"
[0m19:26:20.234824 [debug] [Thread-1 (]: Began executing node model.dbt_nyc_vehicle_crashes.monthly_crashes
[0m19:26:20.239057 [debug] [Thread-1 (]: Opening a new connection, currently in state closed
[0m19:26:21.332168 [debug] [Thread-1 (]: Writing runtime sql for node "model.dbt_nyc_vehicle_crashes.monthly_crashes"
[0m19:26:21.333909 [debug] [Thread-1 (]: On model.dbt_nyc_vehicle_crashes.monthly_crashes: /* {"app": "dbt", "dbt_version": "1.11.8", "profile_name": "dbt_nyc_vehicle_crashes", "target_name": "dev", "node_id": "model.dbt_nyc_vehicle_crashes.monthly_crashes"} */

  
    

    create or replace table `nyc-motor-vehicle-collision-12`.`nyc_motor_vehicle_collision_dataset_mart_monthly_crashes`.`monthly_crashes`
      
    
    

    
    OPTIONS()
    as (
      # Monthly crashes in Nyc 

SELECT
  FORMAT_DATE('%B', crash_date) AS month_name,
  COUNT(crash_date) AS total_crashes
FROM
  `nyc-motor-vehicle-collision-12`.`nyc_motor_vehicle_collision_dataset_stg_2025_nyc_crashes`.`stg_2025_nyc_crashes`
GROUP BY month_name
ORDER BY COUNT(crash_date) DESC
    );
  
[0m19:26:22.066476 [debug] [Thread-1 (]: BigQuery adapter: https://console.cloud.google.com/bigquery?project=nyc-motor-vehicle-collision-12&j=bq:US:6a702aef-fda3-44eb-b585-b1f35cd83e4e&page=queryresults
[0m19:26:23.720039 [debug] [Thread-1 (]: SQL status: OK in 2.159 seconds
[0m19:26:24.141447 [debug] [Thread-1 (]: Sending event: {'category': 'dbt', 'action': 'run_model', 'label': 'ffb25492-a928-49e0-9d4b-e1206497c62f', 'context': [<snowplow_tracker.self_describing_json.SelfDescribingJson object at 0x74f5c5f0de50>]}
[0m19:26:24.147142 [info ] [Thread-1 (]: 2 of 4 OK created sql table model nyc_motor_vehicle_collision_dataset_mart_monthly_crashes.monthly_crashes  [[32mCREATE TABLE (12.0 rows, 668.3 KiB processed)[0m in 3.91s]
[0m19:26:24.151857 [debug] [Thread-1 (]: Finished running node model.dbt_nyc_vehicle_crashes.monthly_crashes
[0m19:26:24.154068 [debug] [Thread-1 (]: Began running node model.dbt_nyc_vehicle_crashes.street_with_most_crashes
[0m19:26:24.157298 [info ] [Thread-1 (]: 3 of 4 START sql table model nyc_motor_vehicle_collision_dataset_mart_monthly_crashes.street_with_most_crashes  [RUN]
[0m19:26:24.158958 [debug] [Thread-1 (]: Re-using an available connection from the pool (formerly model.dbt_nyc_vehicle_crashes.monthly_crashes, now model.dbt_nyc_vehicle_crashes.street_with_most_crashes)
[0m19:26:24.160273 [debug] [Thread-1 (]: Began compiling node model.dbt_nyc_vehicle_crashes.street_with_most_crashes
[0m19:26:24.170033 [debug] [Thread-1 (]: Writing injected SQL for node "model.dbt_nyc_vehicle_crashes.street_with_most_crashes"
[0m19:26:24.173837 [debug] [Thread-1 (]: Began executing node model.dbt_nyc_vehicle_crashes.street_with_most_crashes
[0m19:26:24.183849 [debug] [Thread-1 (]: Writing runtime sql for node "model.dbt_nyc_vehicle_crashes.street_with_most_crashes"
[0m19:26:24.186668 [debug] [Thread-1 (]: On model.dbt_nyc_vehicle_crashes.street_with_most_crashes: /* {"app": "dbt", "dbt_version": "1.11.8", "profile_name": "dbt_nyc_vehicle_crashes", "target_name": "dev", "node_id": "model.dbt_nyc_vehicle_crashes.street_with_most_crashes"} */

  
    

    create or replace table `nyc-motor-vehicle-collision-12`.`nyc_motor_vehicle_collision_dataset_mart_monthly_crashes`.`street_with_most_crashes`
      
    
    

    
    OPTIONS()
    as (
      # Most common streets where crashes happen in Nyc 

SELECT
  on_street_name,
  COUNT(crash_date) AS total_crashes
FROM
  `nyc-motor-vehicle-collision-12`.`nyc_motor_vehicle_collision_dataset_stg_2025_nyc_crashes`.`stg_2025_nyc_crashes`
GROUP BY on_street_name
ORDER BY COUNT(crash_date) DESC
    );
  
[0m19:26:24.188574 [debug] [Thread-1 (]: Opening a new connection, currently in state closed
[0m19:26:25.529617 [debug] [Thread-1 (]: BigQuery adapter: https://console.cloud.google.com/bigquery?project=nyc-motor-vehicle-collision-12&j=bq:US:1fb5ebaf-8525-4301-bd52-7279b92609f7&page=queryresults
[0m19:26:27.682969 [debug] [Thread-1 (]: SQL status: OK in 2.152 seconds
[0m19:26:28.072183 [debug] [Thread-1 (]: Sending event: {'category': 'dbt', 'action': 'run_model', 'label': 'ffb25492-a928-49e0-9d4b-e1206497c62f', 'context': [<snowplow_tracker.self_describing_json.SelfDescribingJson object at 0x74f5a44df3e0>]}
[0m19:26:28.076464 [info ] [Thread-1 (]: 3 of 4 OK created sql table model nyc_motor_vehicle_collision_dataset_mart_monthly_crashes.street_with_most_crashes  [[32mCREATE TABLE (4.3k rows, 1.6 MiB processed)[0m in 3.91s]
[0m19:26:28.080324 [debug] [Thread-1 (]: Finished running node model.dbt_nyc_vehicle_crashes.street_with_most_crashes
[0m19:26:28.083367 [debug] [Thread-1 (]: Began running node model.dbt_nyc_vehicle_crashes.total_crashes_by_borough
[0m19:26:28.089468 [info ] [Thread-1 (]: 4 of 4 START sql table model nyc_motor_vehicle_collision_dataset_mart_monthly_crashes.total_crashes_by_borough  [RUN]
[0m19:26:28.096342 [debug] [Thread-1 (]: Re-using an available connection from the pool (formerly model.dbt_nyc_vehicle_crashes.street_with_most_crashes, now model.dbt_nyc_vehicle_crashes.total_crashes_by_borough)
[0m19:26:28.098755 [debug] [Thread-1 (]: Began compiling node model.dbt_nyc_vehicle_crashes.total_crashes_by_borough
[0m19:26:28.138710 [debug] [Thread-1 (]: Writing injected SQL for node "model.dbt_nyc_vehicle_crashes.total_crashes_by_borough"
[0m19:26:28.149329 [debug] [Thread-1 (]: Began executing node model.dbt_nyc_vehicle_crashes.total_crashes_by_borough
[0m19:26:28.159778 [debug] [Thread-1 (]: Opening a new connection, currently in state closed
[0m19:26:29.126505 [debug] [Thread-1 (]: Writing runtime sql for node "model.dbt_nyc_vehicle_crashes.total_crashes_by_borough"
[0m19:26:29.133004 [debug] [Thread-1 (]: On model.dbt_nyc_vehicle_crashes.total_crashes_by_borough: /* {"app": "dbt", "dbt_version": "1.11.8", "profile_name": "dbt_nyc_vehicle_crashes", "target_name": "dev", "node_id": "model.dbt_nyc_vehicle_crashes.total_crashes_by_borough"} */

  
    

    create or replace table `nyc-motor-vehicle-collision-12`.`nyc_motor_vehicle_collision_dataset_mart_monthly_crashes`.`total_crashes_by_borough`
      
    
    

    
    OPTIONS()
    as (
      # Total crashes by Borough in Nyc 

SELECT
  Borough,
  COUNT(crash_date) AS total_crashes
FROM
  `nyc-motor-vehicle-collision-12`.`nyc_motor_vehicle_collision_dataset_stg_2025_nyc_crashes`.`stg_2025_nyc_crashes`
GROUP BY Borough
ORDER BY COUNT(crash_date) DESC
    );
  
[0m19:26:29.763113 [debug] [Thread-1 (]: BigQuery adapter: https://console.cloud.google.com/bigquery?project=nyc-motor-vehicle-collision-12&j=bq:US:35b75f39-4ff4-4830-b00b-22ceec2ecc4b&page=queryresults
[0m19:26:31.774620 [debug] [Thread-1 (]: SQL status: OK in 2.009 seconds
[0m19:26:32.195521 [debug] [Thread-1 (]: Sending event: {'category': 'dbt', 'action': 'run_model', 'label': 'ffb25492-a928-49e0-9d4b-e1206497c62f', 'context': [<snowplow_tracker.self_describing_json.SelfDescribingJson object at 0x74f5c5176660>]}
[0m19:26:32.198931 [info ] [Thread-1 (]: 4 of 4 OK created sql table model nyc_motor_vehicle_collision_dataset_mart_monthly_crashes.total_crashes_by_borough  [[32mCREATE TABLE (6.0 rows, 1.4 MiB processed)[0m in 4.10s]
[0m19:26:32.203176 [debug] [Thread-1 (]: Finished running node model.dbt_nyc_vehicle_crashes.total_crashes_by_borough
[0m19:26:32.221048 [debug] [MainThread]: Opening a new connection, currently in state closed
[0m19:26:32.224696 [debug] [MainThread]: Connection 'master' was properly closed.
[0m19:26:32.226826 [debug] [MainThread]: Connection 'list_nyc-motor-vehicle-collision-12' was properly closed.
[0m19:26:32.228658 [debug] [MainThread]: Connection 'model.dbt_nyc_vehicle_crashes.total_crashes_by_borough' was properly closed.
[0m19:26:32.232797 [info ] [MainThread]: 
[0m19:26:32.235285 [info ] [MainThread]: Finished running 4 table models in 0 hours 0 minutes and 23.43 seconds (23.43s).
[0m19:26:32.243890 [debug] [MainThread]: Command end result
[0m19:26:32.325477 [debug] [MainThread]: Wrote artifact WritableManifest to /home/kwakut/nyc-vehicle-collisions-project/dbt_nyc_vehicle_crashes/target/manifest.json
[0m19:26:32.331339 [debug] [MainThread]: Wrote artifact SemanticManifest to /home/kwakut/nyc-vehicle-collisions-project/dbt_nyc_vehicle_crashes/target/semantic_manifest.json
[0m19:26:32.346549 [debug] [MainThread]: Wrote artifact RunExecutionResult to /home/kwakut/nyc-vehicle-collisions-project/dbt_nyc_vehicle_crashes/target/run_results.json
[0m19:26:32.347260 [info ] [MainThread]: 
[0m19:26:32.348707 [info ] [MainThread]: [32mCompleted successfully[0m
[0m19:26:32.349757 [info ] [MainThread]: 
[0m19:26:32.350892 [info ] [MainThread]: Done. PASS=4 WARN=0 ERROR=0 SKIP=0 NO-OP=0 TOTAL=4
[0m19:26:32.352579 [debug] [MainThread]: Resource report: {"command_name": "run", "command_success": true, "command_wall_clock_time": 26.443584, "process_in_blocks": "0", "process_kernel_time": 0.790996, "process_mem_max_rss": "235372", "process_out_blocks": "3752", "process_user_time": 5.938376}
[0m19:26:32.353765 [debug] [MainThread]: Command `dbt run` succeeded at 19:26:32.353548 after 26.45 seconds
[0m19:26:32.354779 [debug] [MainThread]: Sending event: {'category': 'dbt', 'action': 'invocation', 'label': 'end', 'context': [<snowplow_tracker.self_describing_json.SelfDescribingJson object at 0x74f5a4612810>, <snowplow_tracker.self_describing_json.SelfDescribingJson object at 0x74f5c4b8eb40>, <snowplow_tracker.self_describing_json.SelfDescribingJson object at 0x74f5a704f8c0>]}
[0m19:26:32.356447 [debug] [MainThread]: Flushing usage events
[0m19:26:33.963675 [debug] [MainThread]: An error was encountered while trying to flush usage events
[0m19:39:39.835715 [debug] [MainThread]: Sending event: {'category': 'dbt', 'action': 'invocation', 'label': 'start', 'context': [<snowplow_tracker.self_describing_json.SelfDescribingJson object at 0x7dae354e31a0>, <snowplow_tracker.self_describing_json.SelfDescribingJson object at 0x7dae356179e0>, <snowplow_tracker.self_describing_json.SelfDescribingJson object at 0x7dae337c29f0>]}


============================== 19:39:39.846088 | b7e3bff8-6d3d-42c2-b5da-35f857f36c53 ==============================
[0m19:39:39.846088 [info ] [MainThread]: Running with dbt=1.11.8
[0m19:39:39.847140 [debug] [MainThread]: running dbt with arguments {'fail_fast': 'False', 'log_cache_events': 'False', 'use_experimental_parser': 'False', 'introspect': 'True', 'log_format': 'default', 'version_check': 'True', 'send_anonymous_usage_stats': 'True', 'debug': 'False', 'printer_width': '80', 'use_colors': 'True', 'log_path': '/home/kwakut/nyc-vehicle-collisions-project/dbt_nyc_vehicle_crashes/logs', 'indirect_selection': 'eager', 'write_json': 'True', 'empty': 'False', 'partial_parse': 'True', 'quiet': 'False', 'warn_error_options': 'WarnErrorOptionsV2(error=[], warn=[], silence=[])', 'profiles_dir': '/home/kwakut/.dbt', 'static_parser': 'True', 'invocation_command': 'dbt run', 'target_path': 'None', 'no_print': 'None', 'cache_selected_only': 'False', 'warn_error': 'None'}
[0m19:39:41.662335 [debug] [MainThread]: Sending event: {'category': 'dbt', 'action': 'project_id', 'label': 'b7e3bff8-6d3d-42c2-b5da-35f857f36c53', 'context': [<snowplow_tracker.self_describing_json.SelfDescribingJson object at 0x7dae159dcb30>]}
[0m19:39:41.740573 [debug] [MainThread]: Sending event: {'category': 'dbt', 'action': 'adapter_info', 'label': 'b7e3bff8-6d3d-42c2-b5da-35f857f36c53', 'context': [<snowplow_tracker.self_describing_json.SelfDescribingJson object at 0x7dae16fbf020>]}
[0m19:39:41.741725 [info ] [MainThread]: Registered adapter: bigquery=1.11.1
[0m19:39:41.916257 [debug] [MainThread]: checksum: 7d524ac048c2100769df89d592e662e060a73ca564e31bd9c2a37efdfe8d8ab6, vars: {}, profile: , target: , version: 1.11.8
[0m19:39:42.270228 [debug] [MainThread]: Partial parsing enabled: 0 files deleted, 1 files added, 0 files changed.
[0m19:39:42.271241 [debug] [MainThread]: Partial parsing: added file: dbt_nyc_vehicle_crashes://models/mart/daily_crashes.sql
[0m19:39:42.712427 [debug] [MainThread]: Sending event: {'category': 'dbt', 'action': 'load_project', 'label': 'b7e3bff8-6d3d-42c2-b5da-35f857f36c53', 'context': [<snowplow_tracker.self_describing_json.SelfDescribingJson object at 0x7dae14ec2f30>]}
[0m19:39:42.838932 [debug] [MainThread]: Wrote artifact WritableManifest to /home/kwakut/nyc-vehicle-collisions-project/dbt_nyc_vehicle_crashes/target/manifest.json
[0m19:39:42.843331 [debug] [MainThread]: Wrote artifact SemanticManifest to /home/kwakut/nyc-vehicle-collisions-project/dbt_nyc_vehicle_crashes/target/semantic_manifest.json
[0m19:39:42.859691 [debug] [MainThread]: Sending event: {'category': 'dbt', 'action': 'resource_counts', 'label': 'b7e3bff8-6d3d-42c2-b5da-35f857f36c53', 'context': [<snowplow_tracker.self_describing_json.SelfDescribingJson object at 0x7dae147dfbf0>]}
[0m19:39:42.860452 [info ] [MainThread]: Found 5 models, 2 data tests, 1 source, 539 macros
[0m19:39:42.861072 [debug] [MainThread]: Sending event: {'category': 'dbt', 'action': 'runnable_timing', 'label': 'b7e3bff8-6d3d-42c2-b5da-35f857f36c53', 'context': [<snowplow_tracker.self_describing_json.SelfDescribingJson object at 0x7dae147a8e30>]}
[0m19:39:42.863341 [info ] [MainThread]: 
[0m19:39:42.864026 [info ] [MainThread]: Concurrency: 1 threads (target='dev')
[0m19:39:42.864601 [info ] [MainThread]: 
[0m19:39:42.865373 [debug] [MainThread]: Acquiring new bigquery connection 'master'
[0m19:39:42.871730 [debug] [ThreadPool]: Acquiring new bigquery connection 'list_nyc-motor-vehicle-collision-12'
[0m19:39:42.872876 [debug] [ThreadPool]: Opening a new connection, currently in state init
[0m19:39:45.973911 [debug] [ThreadPool]: Opening a new connection, currently in state closed
[0m19:39:46.851982 [debug] [ThreadPool]: Re-using an available connection from the pool (formerly list_nyc-motor-vehicle-collision-12, now list_nyc-motor-vehicle-collision-12_nyc_motor_vehicle_collision_dataset_stg_2025_nyc_crashes)
[0m19:39:46.854336 [debug] [ThreadPool]: Opening a new connection, currently in state closed
[0m19:39:47.721677 [debug] [ThreadPool]: Re-using an available connection from the pool (formerly list_nyc-motor-vehicle-collision-12_nyc_motor_vehicle_collision_dataset_stg_2025_nyc_crashes, now list_nyc-motor-vehicle-collision-12_nyc_motor_vehicle_collision_dataset_mart_monthly_crashes)
[0m19:39:47.726059 [debug] [ThreadPool]: Opening a new connection, currently in state closed
[0m19:39:48.692755 [debug] [MainThread]: Sending event: {'category': 'dbt', 'action': 'runnable_timing', 'label': 'b7e3bff8-6d3d-42c2-b5da-35f857f36c53', 'context': [<snowplow_tracker.self_describing_json.SelfDescribingJson object at 0x7dae3270a6f0>]}
[0m19:39:48.695561 [debug] [MainThread]: Opening a new connection, currently in state init
[0m19:39:48.717405 [debug] [Thread-1 (]: Began running node model.dbt_nyc_vehicle_crashes.stg_2025_nyc_crashes
[0m19:39:48.720311 [info ] [Thread-1 (]: 1 of 5 START sql table model nyc_motor_vehicle_collision_dataset_stg_2025_nyc_crashes.stg_2025_nyc_crashes  [RUN]
[0m19:39:48.723139 [debug] [Thread-1 (]: Re-using an available connection from the pool (formerly list_nyc-motor-vehicle-collision-12_nyc_motor_vehicle_collision_dataset_mart_monthly_crashes, now model.dbt_nyc_vehicle_crashes.stg_2025_nyc_crashes)
[0m19:39:48.725411 [debug] [Thread-1 (]: Began compiling node model.dbt_nyc_vehicle_crashes.stg_2025_nyc_crashes
[0m19:39:48.745736 [debug] [Thread-1 (]: Writing injected SQL for node "model.dbt_nyc_vehicle_crashes.stg_2025_nyc_crashes"
[0m19:39:48.748469 [debug] [Thread-1 (]: Began executing node model.dbt_nyc_vehicle_crashes.stg_2025_nyc_crashes
[0m19:39:48.773287 [debug] [Thread-1 (]: Opening a new connection, currently in state closed
[0m19:39:49.675264 [debug] [Thread-1 (]: Writing runtime sql for node "model.dbt_nyc_vehicle_crashes.stg_2025_nyc_crashes"
[0m19:39:49.677095 [debug] [Thread-1 (]: On model.dbt_nyc_vehicle_crashes.stg_2025_nyc_crashes: /* {"app": "dbt", "dbt_version": "1.11.8", "profile_name": "dbt_nyc_vehicle_crashes", "target_name": "dev", "node_id": "model.dbt_nyc_vehicle_crashes.stg_2025_nyc_crashes"} */

  
    

    create or replace table `nyc-motor-vehicle-collision-12`.`nyc_motor_vehicle_collision_dataset_stg_2025_nyc_crashes`.`stg_2025_nyc_crashes`
      
    
    

    
    OPTIONS()
    as (
      WITH source AS (

    SELECT
        DATE(SUBSTR(crash_date, 1, 10)) AS crash_date,
        SAFE.PARSE_TIME('%H:%M', crash_time) AS crash_time,
        on_street_name,
        off_street_name,
        SAFE_CAST(number_of_persons_injured AS INT64) AS number_of_persons_injured,
        SAFE_CAST(number_of_persons_killed AS INT64) AS number_of_persons_killed,
        SAFE_CAST(number_of_pedestrians_injured AS INT64) AS number_of_pedestrians_injured,
        SAFE_CAST(number_of_pedestrians_killed AS INT64) AS number_of_pedestrians_killed,
        SAFE_CAST(number_of_cyclist_injured AS INT64) AS number_of_cyclist_injured,
        SAFE_CAST(number_of_cyclist_killed AS INT64) AS number_of_cyclist_killed,
        SAFE_CAST(number_of_motorist_injured AS INT64) AS number_of_motorist_injured,
        SAFE_CAST(number_of_motorist_killed AS INT64) AS number_of_motorist_killed,
        contributing_factor_vehicle_1,
        contributing_factor_vehicle_2,
        CAST(collision_id AS INT64) AS collision_id,
        vehicle_type_code1 AS vehicle_type_code_1,
        vehicle_type_code2 AS vehicle_type_code_2,
        borough,
        zip_code,
        SAFE_CAST(latitude AS FLOAT64) AS latitude,
        SAFE_CAST(longitude AS FLOAT64) AS longitude,
        location,
        contributing_factor_vehicle_3,
        vehicle_type_code_3,
        cross_street_name,
        contributing_factor_vehicle_4,
        vehicle_type_code_4,
        contributing_factor_vehicle_5,
        vehicle_type_code_5
    FROM `nyc-motor-vehicle-collision-12`.`nyc_motor_vehicle_collision_dataset`.`nyc_motor_crashes`
)
SELECT 
    *,
    current_timestamp() AS ingestion_timestamp 
FROM source
    );
  
[0m19:39:50.378287 [debug] [Thread-1 (]: BigQuery adapter: https://console.cloud.google.com/bigquery?project=nyc-motor-vehicle-collision-12&j=bq:US:6432bd78-2430-47a3-974f-20fcef6b834d&page=queryresults
[0m19:39:53.216647 [debug] [Thread-1 (]: SQL status: OK in 2.835 seconds
[0m19:39:53.746979 [debug] [Thread-1 (]: Sending event: {'category': 'dbt', 'action': 'run_model', 'label': 'b7e3bff8-6d3d-42c2-b5da-35f857f36c53', 'context': [<snowplow_tracker.self_describing_json.SelfDescribingJson object at 0x7dae155ec6b0>]}
[0m19:39:53.748155 [info ] [Thread-1 (]: 1 of 5 OK created sql table model nyc_motor_vehicle_collision_dataset_stg_2025_nyc_crashes.stg_2025_nyc_crashes  [[32mCREATE TABLE (85.5k rows, 22.6 MiB processed)[0m in 5.02s]
[0m19:39:53.749263 [debug] [Thread-1 (]: Finished running node model.dbt_nyc_vehicle_crashes.stg_2025_nyc_crashes
[0m19:39:53.750917 [debug] [Thread-1 (]: Began running node model.dbt_nyc_vehicle_crashes.daily_crashes
[0m19:39:53.751710 [info ] [Thread-1 (]: 2 of 5 START sql table model nyc_motor_vehicle_collision_dataset_mart_monthly_crashes.daily_crashes  [RUN]
[0m19:39:53.752531 [debug] [Thread-1 (]: Re-using an available connection from the pool (formerly model.dbt_nyc_vehicle_crashes.stg_2025_nyc_crashes, now model.dbt_nyc_vehicle_crashes.daily_crashes)
[0m19:39:53.753208 [debug] [Thread-1 (]: Began compiling node model.dbt_nyc_vehicle_crashes.daily_crashes
[0m19:39:53.760686 [debug] [Thread-1 (]: Writing injected SQL for node "model.dbt_nyc_vehicle_crashes.daily_crashes"
[0m19:39:53.773870 [debug] [Thread-1 (]: Began executing node model.dbt_nyc_vehicle_crashes.daily_crashes
[0m19:39:53.778932 [debug] [Thread-1 (]: Writing runtime sql for node "model.dbt_nyc_vehicle_crashes.daily_crashes"
[0m19:39:53.784477 [debug] [Thread-1 (]: On model.dbt_nyc_vehicle_crashes.daily_crashes: /* {"app": "dbt", "dbt_version": "1.11.8", "profile_name": "dbt_nyc_vehicle_crashes", "target_name": "dev", "node_id": "model.dbt_nyc_vehicle_crashes.daily_crashes"} */

  
    

    create or replace table `nyc-motor-vehicle-collision-12`.`nyc_motor_vehicle_collision_dataset_mart_monthly_crashes`.`daily_crashes`
      
    
    

    
    OPTIONS()
    as (
      # Daily crashes in Nyc 

SELECT
  FORMAT_DATE('%A', crash_date) AS day_name,
  COUNT(crash_date) AS total_crashes
FROM
  `nyc-motor-vehicle-collision-12`.`nyc_motor_vehicle_collision_dataset_stg_2025_nyc_crashes`.`stg_2025_nyc_crashes`
GROUP BY day_name
ORDER BY COUNT(crash_date) DESC
    );
  
[0m19:39:53.785320 [debug] [Thread-1 (]: Opening a new connection, currently in state closed
[0m19:39:54.877384 [debug] [Thread-1 (]: BigQuery adapter: https://console.cloud.google.com/bigquery?project=nyc-motor-vehicle-collision-12&j=bq:US:4da05234-45c6-45ef-9ced-3ca81a993211&page=queryresults
[0m19:39:56.680952 [debug] [Thread-1 (]: SQL status: OK in 1.801 seconds
[0m19:39:57.066459 [debug] [Thread-1 (]: Sending event: {'category': 'dbt', 'action': 'run_model', 'label': 'b7e3bff8-6d3d-42c2-b5da-35f857f36c53', 'context': [<snowplow_tracker.self_describing_json.SelfDescribingJson object at 0x7dae1515d700>]}
[0m19:39:57.069294 [info ] [Thread-1 (]: 2 of 5 OK created sql table model nyc_motor_vehicle_collision_dataset_mart_monthly_crashes.daily_crashes  [[32mCREATE TABLE (7.0 rows, 668.3 KiB processed)[0m in 3.31s]
[0m19:39:57.073402 [debug] [Thread-1 (]: Finished running node model.dbt_nyc_vehicle_crashes.daily_crashes
[0m19:39:57.074769 [debug] [Thread-1 (]: Began running node model.dbt_nyc_vehicle_crashes.monthly_crashes
[0m19:39:57.076874 [info ] [Thread-1 (]: 3 of 5 START sql table model nyc_motor_vehicle_collision_dataset_mart_monthly_crashes.monthly_crashes  [RUN]
[0m19:39:57.078519 [debug] [Thread-1 (]: Re-using an available connection from the pool (formerly model.dbt_nyc_vehicle_crashes.daily_crashes, now model.dbt_nyc_vehicle_crashes.monthly_crashes)
[0m19:39:57.080896 [debug] [Thread-1 (]: Began compiling node model.dbt_nyc_vehicle_crashes.monthly_crashes
[0m19:39:57.090149 [debug] [Thread-1 (]: Writing injected SQL for node "model.dbt_nyc_vehicle_crashes.monthly_crashes"
[0m19:39:57.092612 [debug] [Thread-1 (]: Began executing node model.dbt_nyc_vehicle_crashes.monthly_crashes
[0m19:39:57.104077 [debug] [Thread-1 (]: Opening a new connection, currently in state closed
[0m19:39:58.320740 [debug] [Thread-1 (]: Writing runtime sql for node "model.dbt_nyc_vehicle_crashes.monthly_crashes"
[0m19:39:58.322588 [debug] [Thread-1 (]: On model.dbt_nyc_vehicle_crashes.monthly_crashes: /* {"app": "dbt", "dbt_version": "1.11.8", "profile_name": "dbt_nyc_vehicle_crashes", "target_name": "dev", "node_id": "model.dbt_nyc_vehicle_crashes.monthly_crashes"} */

  
    

    create or replace table `nyc-motor-vehicle-collision-12`.`nyc_motor_vehicle_collision_dataset_mart_monthly_crashes`.`monthly_crashes`
      
    
    

    
    OPTIONS()
    as (
      # Monthly crashes in Nyc 

SELECT
  FORMAT_DATE('%B', crash_date) AS month_name,
  COUNT(crash_date) AS total_crashes
FROM
  `nyc-motor-vehicle-collision-12`.`nyc_motor_vehicle_collision_dataset_stg_2025_nyc_crashes`.`stg_2025_nyc_crashes`
GROUP BY month_name
ORDER BY COUNT(crash_date) DESC
    );
  
[0m19:39:58.918095 [debug] [Thread-1 (]: BigQuery adapter: https://console.cloud.google.com/bigquery?project=nyc-motor-vehicle-collision-12&j=bq:US:adecfdb6-8143-435f-ba4b-13cbb4e77b33&page=queryresults
[0m19:40:00.949528 [debug] [Thread-1 (]: SQL status: OK in 2.030 seconds
[0m19:40:01.395120 [debug] [Thread-1 (]: Sending event: {'category': 'dbt', 'action': 'run_model', 'label': 'b7e3bff8-6d3d-42c2-b5da-35f857f36c53', 'context': [<snowplow_tracker.self_describing_json.SelfDescribingJson object at 0x7dae14417740>]}
[0m19:40:01.396442 [info ] [Thread-1 (]: 3 of 5 OK created sql table model nyc_motor_vehicle_collision_dataset_mart_monthly_crashes.monthly_crashes  [[32mCREATE TABLE (12.0 rows, 668.3 KiB processed)[0m in 4.32s]
[0m19:40:01.397491 [debug] [Thread-1 (]: Finished running node model.dbt_nyc_vehicle_crashes.monthly_crashes
[0m19:40:01.398112 [debug] [Thread-1 (]: Began running node model.dbt_nyc_vehicle_crashes.street_with_most_crashes
[0m19:40:01.399006 [info ] [Thread-1 (]: 4 of 5 START sql table model nyc_motor_vehicle_collision_dataset_mart_monthly_crashes.street_with_most_crashes  [RUN]
[0m19:40:01.399808 [debug] [Thread-1 (]: Re-using an available connection from the pool (formerly model.dbt_nyc_vehicle_crashes.monthly_crashes, now model.dbt_nyc_vehicle_crashes.street_with_most_crashes)
[0m19:40:01.400328 [debug] [Thread-1 (]: Began compiling node model.dbt_nyc_vehicle_crashes.street_with_most_crashes
[0m19:40:01.404636 [debug] [Thread-1 (]: Writing injected SQL for node "model.dbt_nyc_vehicle_crashes.street_with_most_crashes"
[0m19:40:01.407688 [debug] [Thread-1 (]: Began executing node model.dbt_nyc_vehicle_crashes.street_with_most_crashes
[0m19:40:01.412303 [debug] [Thread-1 (]: Opening a new connection, currently in state closed
[0m19:40:02.426882 [debug] [Thread-1 (]: Writing runtime sql for node "model.dbt_nyc_vehicle_crashes.street_with_most_crashes"
[0m19:40:02.429174 [debug] [Thread-1 (]: On model.dbt_nyc_vehicle_crashes.street_with_most_crashes: /* {"app": "dbt", "dbt_version": "1.11.8", "profile_name": "dbt_nyc_vehicle_crashes", "target_name": "dev", "node_id": "model.dbt_nyc_vehicle_crashes.street_with_most_crashes"} */

  
    

    create or replace table `nyc-motor-vehicle-collision-12`.`nyc_motor_vehicle_collision_dataset_mart_monthly_crashes`.`street_with_most_crashes`
      
    
    

    
    OPTIONS()
    as (
      # Most common streets where crashes happen in Nyc 

SELECT
  on_street_name,
  COUNT(crash_date) AS total_crashes
FROM
  `nyc-motor-vehicle-collision-12`.`nyc_motor_vehicle_collision_dataset_stg_2025_nyc_crashes`.`stg_2025_nyc_crashes`
GROUP BY on_street_name
ORDER BY COUNT(crash_date) DESC
    );
  
[0m19:40:02.992716 [debug] [Thread-1 (]: BigQuery adapter: https://console.cloud.google.com/bigquery?project=nyc-motor-vehicle-collision-12&j=bq:US:e9f5f26b-42cb-4bfd-a20f-d82ce8edf5f6&page=queryresults
[0m19:40:06.592009 [debug] [Thread-1 (]: SQL status: OK in 3.597 seconds
[0m19:40:07.060682 [debug] [Thread-1 (]: Sending event: {'category': 'dbt', 'action': 'run_model', 'label': 'b7e3bff8-6d3d-42c2-b5da-35f857f36c53', 'context': [<snowplow_tracker.self_describing_json.SelfDescribingJson object at 0x7dae15546bd0>]}
[0m19:40:07.062364 [info ] [Thread-1 (]: 4 of 5 OK created sql table model nyc_motor_vehicle_collision_dataset_mart_monthly_crashes.street_with_most_crashes  [[32mCREATE TABLE (4.3k rows, 1.6 MiB processed)[0m in 5.66s]
[0m19:40:07.063836 [debug] [Thread-1 (]: Finished running node model.dbt_nyc_vehicle_crashes.street_with_most_crashes
[0m19:40:07.064838 [debug] [Thread-1 (]: Began running node model.dbt_nyc_vehicle_crashes.total_crashes_by_borough
[0m19:40:07.066334 [info ] [Thread-1 (]: 5 of 5 START sql table model nyc_motor_vehicle_collision_dataset_mart_monthly_crashes.total_crashes_by_borough  [RUN]
[0m19:40:07.068489 [debug] [Thread-1 (]: Re-using an available connection from the pool (formerly model.dbt_nyc_vehicle_crashes.street_with_most_crashes, now model.dbt_nyc_vehicle_crashes.total_crashes_by_borough)
[0m19:40:07.071373 [debug] [Thread-1 (]: Began compiling node model.dbt_nyc_vehicle_crashes.total_crashes_by_borough
[0m19:40:07.080737 [debug] [Thread-1 (]: Writing injected SQL for node "model.dbt_nyc_vehicle_crashes.total_crashes_by_borough"
[0m19:40:07.086030 [debug] [Thread-1 (]: Began executing node model.dbt_nyc_vehicle_crashes.total_crashes_by_borough
[0m19:40:07.094799 [debug] [Thread-1 (]: Opening a new connection, currently in state closed
[0m19:40:07.510452 [debug] [Thread-1 (]: Writing runtime sql for node "model.dbt_nyc_vehicle_crashes.total_crashes_by_borough"
[0m19:40:07.514796 [debug] [Thread-1 (]: On model.dbt_nyc_vehicle_crashes.total_crashes_by_borough: /* {"app": "dbt", "dbt_version": "1.11.8", "profile_name": "dbt_nyc_vehicle_crashes", "target_name": "dev", "node_id": "model.dbt_nyc_vehicle_crashes.total_crashes_by_borough"} */

  
    

    create or replace table `nyc-motor-vehicle-collision-12`.`nyc_motor_vehicle_collision_dataset_mart_monthly_crashes`.`total_crashes_by_borough`
      
    
    

    
    OPTIONS()
    as (
      # Total crashes by Borough in Nyc 

SELECT
  Borough,
  COUNT(crash_date) AS total_crashes
FROM
  `nyc-motor-vehicle-collision-12`.`nyc_motor_vehicle_collision_dataset_stg_2025_nyc_crashes`.`stg_2025_nyc_crashes`
GROUP BY Borough
ORDER BY COUNT(crash_date) DESC
    );
  
[0m19:40:08.316736 [debug] [Thread-1 (]: BigQuery adapter: https://console.cloud.google.com/bigquery?project=nyc-motor-vehicle-collision-12&j=bq:US:4bbe89f9-fbd0-41ef-b467-d7d9f63aaa3f&page=queryresults
[0m19:40:10.405316 [debug] [Thread-1 (]: SQL status: OK in 2.085 seconds
[0m19:40:10.847505 [debug] [Thread-1 (]: Sending event: {'category': 'dbt', 'action': 'run_model', 'label': 'b7e3bff8-6d3d-42c2-b5da-35f857f36c53', 'context': [<snowplow_tracker.self_describing_json.SelfDescribingJson object at 0x7dae144ecd40>]}
[0m19:40:10.850443 [info ] [Thread-1 (]: 5 of 5 OK created sql table model nyc_motor_vehicle_collision_dataset_mart_monthly_crashes.total_crashes_by_borough  [[32mCREATE TABLE (6.0 rows, 1.4 MiB processed)[0m in 3.78s]
[0m19:40:10.853067 [debug] [Thread-1 (]: Finished running node model.dbt_nyc_vehicle_crashes.total_crashes_by_borough
[0m19:40:10.856665 [debug] [MainThread]: Opening a new connection, currently in state closed
[0m19:40:10.858112 [debug] [MainThread]: Connection 'master' was properly closed.
[0m19:40:10.859334 [debug] [MainThread]: Connection 'model.dbt_nyc_vehicle_crashes.total_crashes_by_borough' was properly closed.
[0m19:40:10.860495 [info ] [MainThread]: 
[0m19:40:10.863910 [info ] [MainThread]: Finished running 5 table models in 0 hours 0 minutes and 28.00 seconds (28.00s).
[0m19:40:10.868041 [debug] [MainThread]: Command end result
[0m19:40:10.926544 [debug] [MainThread]: Wrote artifact WritableManifest to /home/kwakut/nyc-vehicle-collisions-project/dbt_nyc_vehicle_crashes/target/manifest.json
[0m19:40:10.929093 [debug] [MainThread]: Wrote artifact SemanticManifest to /home/kwakut/nyc-vehicle-collisions-project/dbt_nyc_vehicle_crashes/target/semantic_manifest.json
[0m19:40:10.939098 [debug] [MainThread]: Wrote artifact RunExecutionResult to /home/kwakut/nyc-vehicle-collisions-project/dbt_nyc_vehicle_crashes/target/run_results.json
[0m19:40:10.939670 [info ] [MainThread]: 
[0m19:40:10.940392 [info ] [MainThread]: [32mCompleted successfully[0m
[0m19:40:10.941026 [info ] [MainThread]: 
[0m19:40:10.941672 [info ] [MainThread]: Done. PASS=5 WARN=0 ERROR=0 SKIP=0 NO-OP=0 TOTAL=5
[0m19:40:10.942721 [debug] [MainThread]: Resource report: {"command_name": "run", "command_success": true, "command_wall_clock_time": 31.738838, "process_in_blocks": "3864", "process_kernel_time": 1.622557, "process_mem_max_rss": "233828", "process_out_blocks": "3792", "process_user_time": 5.984908}
[0m19:40:10.943387 [debug] [MainThread]: Command `dbt run` succeeded at 19:40:10.943250 after 31.74 seconds
[0m19:40:10.943896 [debug] [MainThread]: Sending event: {'category': 'dbt', 'action': 'invocation', 'label': 'end', 'context': [<snowplow_tracker.self_describing_json.SelfDescribingJson object at 0x7dae33642c00>, <snowplow_tracker.self_describing_json.SelfDescribingJson object at 0x7dae150677d0>, <snowplow_tracker.self_describing_json.SelfDescribingJson object at 0x7dae32e2f770>]}
[0m19:40:10.944446 [debug] [MainThread]: Flushing usage events
[0m19:40:12.603071 [debug] [MainThread]: An error was encountered while trying to flush usage events
[0m20:42:42.865342 [debug] [MainThread]: Sending event: {'category': 'dbt', 'action': 'invocation', 'label': 'start', 'context': [<snowplow_tracker.self_describing_json.SelfDescribingJson object at 0x796c59a5f290>, <snowplow_tracker.self_describing_json.SelfDescribingJson object at 0x796c57647bc0>, <snowplow_tracker.self_describing_json.SelfDescribingJson object at 0x796c576456a0>]}


============================== 20:42:42.894360 | a606e0f0-c8f3-42d2-908e-e4f8344c781b ==============================
[0m20:42:42.894360 [info ] [MainThread]: Running with dbt=1.11.8
[0m20:42:42.896223 [debug] [MainThread]: running dbt with arguments {'static_parser': 'True', 'debug': 'False', 'printer_width': '80', 'quiet': 'False', 'cache_selected_only': 'False', 'send_anonymous_usage_stats': 'True', 'log_format': 'default', 'log_cache_events': 'False', 'warn_error': 'None', 'fail_fast': 'False', 'indirect_selection': 'eager', 'log_path': '/home/kwakut/nyc-vehicle-collisions-project/dbt_nyc_vehicle_crashes/logs', 'profiles_dir': '/home/kwakut/.dbt', 'use_experimental_parser': 'False', 'version_check': 'True', 'introspect': 'True', 'partial_parse': 'True', 'warn_error_options': 'WarnErrorOptionsV2(error=[], warn=[], silence=[])', 'use_colors': 'True', 'no_print': 'None', 'empty': 'False', 'target_path': 'None', 'write_json': 'True', 'invocation_command': 'dbt run'}
[0m20:42:47.766389 [debug] [MainThread]: Sending event: {'category': 'dbt', 'action': 'project_id', 'label': 'a606e0f0-c8f3-42d2-908e-e4f8344c781b', 'context': [<snowplow_tracker.self_describing_json.SelfDescribingJson object at 0x796c39aa6750>]}
[0m20:42:48.000290 [debug] [MainThread]: Sending event: {'category': 'dbt', 'action': 'adapter_info', 'label': 'a606e0f0-c8f3-42d2-908e-e4f8344c781b', 'context': [<snowplow_tracker.self_describing_json.SelfDescribingJson object at 0x796c39fa5bb0>]}
[0m20:42:48.001762 [info ] [MainThread]: Registered adapter: bigquery=1.11.1
[0m20:42:48.551394 [debug] [MainThread]: checksum: 7d524ac048c2100769df89d592e662e060a73ca564e31bd9c2a37efdfe8d8ab6, vars: {}, profile: , target: , version: 1.11.8
[0m20:42:49.259110 [debug] [MainThread]: Partial parsing enabled: 0 files deleted, 1 files added, 1 files changed.
[0m20:42:49.262965 [debug] [MainThread]: Partial parsing: added file: dbt_nyc_vehicle_crashes://models/mart/total_crashes_per_time_of_day.sql
[0m20:42:49.271002 [debug] [MainThread]: Partial parsing: updated file: dbt_nyc_vehicle_crashes://models/mart/daily_crashes.sql
[0m20:42:50.460961 [debug] [MainThread]: Sending event: {'category': 'dbt', 'action': 'load_project', 'label': 'a606e0f0-c8f3-42d2-908e-e4f8344c781b', 'context': [<snowplow_tracker.self_describing_json.SelfDescribingJson object at 0x796c39950230>]}
[0m20:42:50.951911 [debug] [MainThread]: Wrote artifact WritableManifest to /home/kwakut/nyc-vehicle-collisions-project/dbt_nyc_vehicle_crashes/target/manifest.json
[0m20:42:50.968579 [debug] [MainThread]: Wrote artifact SemanticManifest to /home/kwakut/nyc-vehicle-collisions-project/dbt_nyc_vehicle_crashes/target/semantic_manifest.json
[0m20:42:51.003136 [debug] [MainThread]: Sending event: {'category': 'dbt', 'action': 'resource_counts', 'label': 'a606e0f0-c8f3-42d2-908e-e4f8344c781b', 'context': [<snowplow_tracker.self_describing_json.SelfDescribingJson object at 0x796c394e4260>]}
[0m20:42:51.010107 [info ] [MainThread]: Found 6 models, 2 data tests, 1 source, 539 macros
[0m20:42:51.011462 [debug] [MainThread]: Sending event: {'category': 'dbt', 'action': 'runnable_timing', 'label': 'a606e0f0-c8f3-42d2-908e-e4f8344c781b', 'context': [<snowplow_tracker.self_describing_json.SelfDescribingJson object at 0x796c38b2d5b0>]}
[0m20:42:51.027057 [info ] [MainThread]: 
[0m20:42:51.029049 [info ] [MainThread]: Concurrency: 1 threads (target='dev')
[0m20:42:51.030784 [info ] [MainThread]: 
[0m20:42:51.032450 [debug] [MainThread]: Acquiring new bigquery connection 'master'
[0m20:42:51.064795 [debug] [ThreadPool]: Acquiring new bigquery connection 'list_nyc-motor-vehicle-collision-12'
[0m20:42:51.066926 [debug] [ThreadPool]: Opening a new connection, currently in state init
[0m20:42:57.188791 [debug] [ThreadPool]: Opening a new connection, currently in state closed
[0m20:42:58.136902 [debug] [ThreadPool]: Re-using an available connection from the pool (formerly list_nyc-motor-vehicle-collision-12, now list_nyc-motor-vehicle-collision-12_nyc_motor_vehicle_collision_dataset_stg_2025_nyc_crashes)
[0m20:42:58.140595 [debug] [ThreadPool]: Opening a new connection, currently in state closed
[0m20:42:59.302101 [debug] [ThreadPool]: Re-using an available connection from the pool (formerly list_nyc-motor-vehicle-collision-12_nyc_motor_vehicle_collision_dataset_stg_2025_nyc_crashes, now list_nyc-motor-vehicle-collision-12_nyc_motor_vehicle_collision_dataset_mart_monthly_crashes)
[0m20:42:59.304533 [debug] [ThreadPool]: Opening a new connection, currently in state closed
[0m20:43:00.246560 [debug] [MainThread]: Sending event: {'category': 'dbt', 'action': 'runnable_timing', 'label': 'a606e0f0-c8f3-42d2-908e-e4f8344c781b', 'context': [<snowplow_tracker.self_describing_json.SelfDescribingJson object at 0x796c39950c50>]}
[0m20:43:00.248874 [debug] [MainThread]: Opening a new connection, currently in state init
[0m20:43:00.280265 [debug] [Thread-1 (]: Began running node model.dbt_nyc_vehicle_crashes.stg_2025_nyc_crashes
[0m20:43:00.283452 [info ] [Thread-1 (]: 1 of 6 START sql table model nyc_motor_vehicle_collision_dataset_stg_2025_nyc_crashes.stg_2025_nyc_crashes  [RUN]
[0m20:43:00.288658 [debug] [Thread-1 (]: Re-using an available connection from the pool (formerly list_nyc-motor-vehicle-collision-12_nyc_motor_vehicle_collision_dataset_mart_monthly_crashes, now model.dbt_nyc_vehicle_crashes.stg_2025_nyc_crashes)
[0m20:43:00.292840 [debug] [Thread-1 (]: Began compiling node model.dbt_nyc_vehicle_crashes.stg_2025_nyc_crashes
[0m20:43:00.345161 [debug] [Thread-1 (]: Writing injected SQL for node "model.dbt_nyc_vehicle_crashes.stg_2025_nyc_crashes"
[0m20:43:00.355097 [debug] [Thread-1 (]: Began executing node model.dbt_nyc_vehicle_crashes.stg_2025_nyc_crashes
[0m20:43:00.396892 [debug] [Thread-1 (]: Opening a new connection, currently in state closed
[0m20:43:01.458437 [debug] [Thread-1 (]: Writing runtime sql for node "model.dbt_nyc_vehicle_crashes.stg_2025_nyc_crashes"
[0m20:43:01.462450 [debug] [Thread-1 (]: On model.dbt_nyc_vehicle_crashes.stg_2025_nyc_crashes: /* {"app": "dbt", "dbt_version": "1.11.8", "profile_name": "dbt_nyc_vehicle_crashes", "target_name": "dev", "node_id": "model.dbt_nyc_vehicle_crashes.stg_2025_nyc_crashes"} */

  
    

    create or replace table `nyc-motor-vehicle-collision-12`.`nyc_motor_vehicle_collision_dataset_stg_2025_nyc_crashes`.`stg_2025_nyc_crashes`
      
    
    

    
    OPTIONS()
    as (
      WITH source AS (

    SELECT
        DATE(SUBSTR(crash_date, 1, 10)) AS crash_date,
        SAFE.PARSE_TIME('%H:%M', crash_time) AS crash_time,
        on_street_name,
        off_street_name,
        SAFE_CAST(number_of_persons_injured AS INT64) AS number_of_persons_injured,
        SAFE_CAST(number_of_persons_killed AS INT64) AS number_of_persons_killed,
        SAFE_CAST(number_of_pedestrians_injured AS INT64) AS number_of_pedestrians_injured,
        SAFE_CAST(number_of_pedestrians_killed AS INT64) AS number_of_pedestrians_killed,
        SAFE_CAST(number_of_cyclist_injured AS INT64) AS number_of_cyclist_injured,
        SAFE_CAST(number_of_cyclist_killed AS INT64) AS number_of_cyclist_killed,
        SAFE_CAST(number_of_motorist_injured AS INT64) AS number_of_motorist_injured,
        SAFE_CAST(number_of_motorist_killed AS INT64) AS number_of_motorist_killed,
        contributing_factor_vehicle_1,
        contributing_factor_vehicle_2,
        CAST(collision_id AS INT64) AS collision_id,
        vehicle_type_code1 AS vehicle_type_code_1,
        vehicle_type_code2 AS vehicle_type_code_2,
        borough,
        zip_code,
        SAFE_CAST(latitude AS FLOAT64) AS latitude,
        SAFE_CAST(longitude AS FLOAT64) AS longitude,
        location,
        contributing_factor_vehicle_3,
        vehicle_type_code_3,
        cross_street_name,
        contributing_factor_vehicle_4,
        vehicle_type_code_4,
        contributing_factor_vehicle_5,
        vehicle_type_code_5
    FROM `nyc-motor-vehicle-collision-12`.`nyc_motor_vehicle_collision_dataset`.`nyc_motor_crashes`
)
SELECT 
    *,
    current_timestamp() AS ingestion_timestamp 
FROM source
    );
  
[0m20:43:02.086843 [debug] [Thread-1 (]: BigQuery adapter: https://console.cloud.google.com/bigquery?project=nyc-motor-vehicle-collision-12&j=bq:US:c5acf08a-b8fa-4a41-a13a-43e876a8a6a9&page=queryresults
[0m20:43:05.035565 [debug] [Thread-1 (]: SQL status: OK in 2.946 seconds
[0m20:43:06.069829 [debug] [Thread-1 (]: Sending event: {'category': 'dbt', 'action': 'run_model', 'label': 'a606e0f0-c8f3-42d2-908e-e4f8344c781b', 'context': [<snowplow_tracker.self_describing_json.SelfDescribingJson object at 0x796c39b548c0>]}
[0m20:43:06.075731 [info ] [Thread-1 (]: 1 of 6 OK created sql table model nyc_motor_vehicle_collision_dataset_stg_2025_nyc_crashes.stg_2025_nyc_crashes  [[32mCREATE TABLE (85.5k rows, 22.6 MiB processed)[0m in 5.78s]
[0m20:43:06.080528 [debug] [Thread-1 (]: Finished running node model.dbt_nyc_vehicle_crashes.stg_2025_nyc_crashes
[0m20:43:06.093851 [debug] [Thread-1 (]: Began running node model.dbt_nyc_vehicle_crashes.daily_crashes
[0m20:43:06.095743 [info ] [Thread-1 (]: 2 of 6 START sql table model nyc_motor_vehicle_collision_dataset_mart_monthly_crashes.daily_crashes  [RUN]
[0m20:43:06.097452 [debug] [Thread-1 (]: Re-using an available connection from the pool (formerly model.dbt_nyc_vehicle_crashes.stg_2025_nyc_crashes, now model.dbt_nyc_vehicle_crashes.daily_crashes)
[0m20:43:06.099097 [debug] [Thread-1 (]: Began compiling node model.dbt_nyc_vehicle_crashes.daily_crashes
[0m20:43:06.145688 [debug] [Thread-1 (]: Writing injected SQL for node "model.dbt_nyc_vehicle_crashes.daily_crashes"
[0m20:43:06.150547 [debug] [Thread-1 (]: Began executing node model.dbt_nyc_vehicle_crashes.daily_crashes
[0m20:43:06.165424 [debug] [Thread-1 (]: Opening a new connection, currently in state closed
[0m20:43:07.169556 [debug] [Thread-1 (]: Writing runtime sql for node "model.dbt_nyc_vehicle_crashes.daily_crashes"
[0m20:43:07.173508 [debug] [Thread-1 (]: On model.dbt_nyc_vehicle_crashes.daily_crashes: /* {"app": "dbt", "dbt_version": "1.11.8", "profile_name": "dbt_nyc_vehicle_crashes", "target_name": "dev", "node_id": "model.dbt_nyc_vehicle_crashes.daily_crashes"} */

  
    

    create or replace table `nyc-motor-vehicle-collision-12`.`nyc_motor_vehicle_collision_dataset_mart_monthly_crashes`.`daily_crashes`
      
    
    

    
    OPTIONS()
    as (
      # Which day of the week has the highest number of accidents in Nyc.

SELECT
  FORMAT_DATE('%A', crash_date) AS day_name,
  COUNT(crash_date) AS total_crashes
FROM
  `nyc-motor-vehicle-collision-12`.`nyc_motor_vehicle_collision_dataset_stg_2025_nyc_crashes`.`stg_2025_nyc_crashes`
GROUP BY day_name
ORDER BY COUNT(crash_date) DESC
    );
  
[0m20:43:07.859438 [debug] [Thread-1 (]: BigQuery adapter: https://console.cloud.google.com/bigquery?project=nyc-motor-vehicle-collision-12&j=bq:US:38a17d51-ffa6-4635-9e5d-a2b72c939157&page=queryresults
[0m20:43:09.597986 [debug] [Thread-1 (]: SQL status: OK in 1.736 seconds
[0m20:43:09.995459 [debug] [Thread-1 (]: Sending event: {'category': 'dbt', 'action': 'run_model', 'label': 'a606e0f0-c8f3-42d2-908e-e4f8344c781b', 'context': [<snowplow_tracker.self_describing_json.SelfDescribingJson object at 0x796c2278eba0>]}
[0m20:43:10.002867 [info ] [Thread-1 (]: 2 of 6 OK created sql table model nyc_motor_vehicle_collision_dataset_mart_monthly_crashes.daily_crashes  [[32mCREATE TABLE (7.0 rows, 668.3 KiB processed)[0m in 3.90s]
[0m20:43:10.013841 [debug] [Thread-1 (]: Finished running node model.dbt_nyc_vehicle_crashes.daily_crashes
[0m20:43:10.026030 [debug] [Thread-1 (]: Began running node model.dbt_nyc_vehicle_crashes.monthly_crashes
[0m20:43:10.039985 [info ] [Thread-1 (]: 3 of 6 START sql table model nyc_motor_vehicle_collision_dataset_mart_monthly_crashes.monthly_crashes  [RUN]
[0m20:43:10.042238 [debug] [Thread-1 (]: Re-using an available connection from the pool (formerly model.dbt_nyc_vehicle_crashes.daily_crashes, now model.dbt_nyc_vehicle_crashes.monthly_crashes)
[0m20:43:10.043824 [debug] [Thread-1 (]: Began compiling node model.dbt_nyc_vehicle_crashes.monthly_crashes
[0m20:43:10.076629 [debug] [Thread-1 (]: Writing injected SQL for node "model.dbt_nyc_vehicle_crashes.monthly_crashes"
[0m20:43:10.080242 [debug] [Thread-1 (]: Began executing node model.dbt_nyc_vehicle_crashes.monthly_crashes
[0m20:43:10.096986 [debug] [Thread-1 (]: Opening a new connection, currently in state closed
[0m20:43:11.034284 [debug] [Thread-1 (]: Writing runtime sql for node "model.dbt_nyc_vehicle_crashes.monthly_crashes"
[0m20:43:11.036550 [debug] [Thread-1 (]: On model.dbt_nyc_vehicle_crashes.monthly_crashes: /* {"app": "dbt", "dbt_version": "1.11.8", "profile_name": "dbt_nyc_vehicle_crashes", "target_name": "dev", "node_id": "model.dbt_nyc_vehicle_crashes.monthly_crashes"} */

  
    

    create or replace table `nyc-motor-vehicle-collision-12`.`nyc_motor_vehicle_collision_dataset_mart_monthly_crashes`.`monthly_crashes`
      
    
    

    
    OPTIONS()
    as (
      # Monthly crashes in Nyc 

SELECT
  FORMAT_DATE('%B', crash_date) AS month_name,
  COUNT(crash_date) AS total_crashes
FROM
  `nyc-motor-vehicle-collision-12`.`nyc_motor_vehicle_collision_dataset_stg_2025_nyc_crashes`.`stg_2025_nyc_crashes`
GROUP BY month_name
ORDER BY COUNT(crash_date) DESC
    );
  
[0m20:43:11.592748 [debug] [Thread-1 (]: BigQuery adapter: https://console.cloud.google.com/bigquery?project=nyc-motor-vehicle-collision-12&j=bq:US:7378b435-fa9c-4027-98b0-8bb01a907ae0&page=queryresults
[0m20:43:13.321156 [debug] [Thread-1 (]: SQL status: OK in 1.727 seconds
[0m20:43:13.714499 [debug] [Thread-1 (]: Sending event: {'category': 'dbt', 'action': 'run_model', 'label': 'a606e0f0-c8f3-42d2-908e-e4f8344c781b', 'context': [<snowplow_tracker.self_describing_json.SelfDescribingJson object at 0x796c3954d100>]}
[0m20:43:13.716804 [info ] [Thread-1 (]: 3 of 6 OK created sql table model nyc_motor_vehicle_collision_dataset_mart_monthly_crashes.monthly_crashes  [[32mCREATE TABLE (12.0 rows, 668.3 KiB processed)[0m in 3.67s]
[0m20:43:13.719262 [debug] [Thread-1 (]: Finished running node model.dbt_nyc_vehicle_crashes.monthly_crashes
[0m20:43:13.722007 [debug] [Thread-1 (]: Began running node model.dbt_nyc_vehicle_crashes.street_with_most_crashes
[0m20:43:13.726384 [info ] [Thread-1 (]: 4 of 6 START sql table model nyc_motor_vehicle_collision_dataset_mart_monthly_crashes.street_with_most_crashes  [RUN]
[0m20:43:13.728885 [debug] [Thread-1 (]: Re-using an available connection from the pool (formerly model.dbt_nyc_vehicle_crashes.monthly_crashes, now model.dbt_nyc_vehicle_crashes.street_with_most_crashes)
[0m20:43:13.737746 [debug] [Thread-1 (]: Began compiling node model.dbt_nyc_vehicle_crashes.street_with_most_crashes
[0m20:43:13.760920 [debug] [Thread-1 (]: Writing injected SQL for node "model.dbt_nyc_vehicle_crashes.street_with_most_crashes"
[0m20:43:13.764807 [debug] [Thread-1 (]: Began executing node model.dbt_nyc_vehicle_crashes.street_with_most_crashes
[0m20:43:13.795013 [debug] [Thread-1 (]: Opening a new connection, currently in state closed
[0m20:43:14.673496 [debug] [Thread-1 (]: Writing runtime sql for node "model.dbt_nyc_vehicle_crashes.street_with_most_crashes"
[0m20:43:14.688256 [debug] [Thread-1 (]: On model.dbt_nyc_vehicle_crashes.street_with_most_crashes: /* {"app": "dbt", "dbt_version": "1.11.8", "profile_name": "dbt_nyc_vehicle_crashes", "target_name": "dev", "node_id": "model.dbt_nyc_vehicle_crashes.street_with_most_crashes"} */

  
    

    create or replace table `nyc-motor-vehicle-collision-12`.`nyc_motor_vehicle_collision_dataset_mart_monthly_crashes`.`street_with_most_crashes`
      
    
    

    
    OPTIONS()
    as (
      # Most common streets where crashes happen in Nyc 

SELECT
  on_street_name,
  COUNT(crash_date) AS total_crashes
FROM
  `nyc-motor-vehicle-collision-12`.`nyc_motor_vehicle_collision_dataset_stg_2025_nyc_crashes`.`stg_2025_nyc_crashes`
GROUP BY on_street_name
ORDER BY COUNT(crash_date) DESC
    );
  
[0m20:43:15.244076 [debug] [Thread-1 (]: BigQuery adapter: https://console.cloud.google.com/bigquery?project=nyc-motor-vehicle-collision-12&j=bq:US:a69f6db3-9656-4235-b76f-28a8ad2e8a02&page=queryresults
[0m20:43:17.243570 [debug] [Thread-1 (]: SQL status: OK in 1.998 seconds
[0m20:43:17.722610 [debug] [Thread-1 (]: Sending event: {'category': 'dbt', 'action': 'run_model', 'label': 'a606e0f0-c8f3-42d2-908e-e4f8344c781b', 'context': [<snowplow_tracker.self_describing_json.SelfDescribingJson object at 0x796c3a9a7e60>]}
[0m20:43:17.733073 [info ] [Thread-1 (]: 4 of 6 OK created sql table model nyc_motor_vehicle_collision_dataset_mart_monthly_crashes.street_with_most_crashes  [[32mCREATE TABLE (4.3k rows, 1.6 MiB processed)[0m in 3.99s]
[0m20:43:17.736183 [debug] [Thread-1 (]: Finished running node model.dbt_nyc_vehicle_crashes.street_with_most_crashes
[0m20:43:17.738106 [debug] [Thread-1 (]: Began running node model.dbt_nyc_vehicle_crashes.total_crashes_by_borough
[0m20:43:17.749999 [info ] [Thread-1 (]: 5 of 6 START sql table model nyc_motor_vehicle_collision_dataset_mart_monthly_crashes.total_crashes_by_borough  [RUN]
[0m20:43:17.751612 [debug] [Thread-1 (]: Re-using an available connection from the pool (formerly model.dbt_nyc_vehicle_crashes.street_with_most_crashes, now model.dbt_nyc_vehicle_crashes.total_crashes_by_borough)
[0m20:43:17.753356 [debug] [Thread-1 (]: Began compiling node model.dbt_nyc_vehicle_crashes.total_crashes_by_borough
[0m20:43:17.786356 [debug] [Thread-1 (]: Writing injected SQL for node "model.dbt_nyc_vehicle_crashes.total_crashes_by_borough"
[0m20:43:17.788910 [debug] [Thread-1 (]: Began executing node model.dbt_nyc_vehicle_crashes.total_crashes_by_borough
[0m20:43:17.809915 [debug] [Thread-1 (]: Opening a new connection, currently in state closed
[0m20:43:18.641101 [debug] [Thread-1 (]: Writing runtime sql for node "model.dbt_nyc_vehicle_crashes.total_crashes_by_borough"
[0m20:43:18.645393 [debug] [Thread-1 (]: On model.dbt_nyc_vehicle_crashes.total_crashes_by_borough: /* {"app": "dbt", "dbt_version": "1.11.8", "profile_name": "dbt_nyc_vehicle_crashes", "target_name": "dev", "node_id": "model.dbt_nyc_vehicle_crashes.total_crashes_by_borough"} */

  
    

    create or replace table `nyc-motor-vehicle-collision-12`.`nyc_motor_vehicle_collision_dataset_mart_monthly_crashes`.`total_crashes_by_borough`
      
    
    

    
    OPTIONS()
    as (
      # Total crashes by Borough in Nyc 

SELECT
  Borough,
  COUNT(crash_date) AS total_crashes
FROM
  `nyc-motor-vehicle-collision-12`.`nyc_motor_vehicle_collision_dataset_stg_2025_nyc_crashes`.`stg_2025_nyc_crashes`
GROUP BY Borough
ORDER BY COUNT(crash_date) DESC
    );
  
[0m20:43:19.270642 [debug] [Thread-1 (]: BigQuery adapter: https://console.cloud.google.com/bigquery?project=nyc-motor-vehicle-collision-12&j=bq:US:c8d9907c-92da-4177-aa45-bdcc8bc12f1a&page=queryresults
[0m20:43:21.266348 [debug] [Thread-1 (]: SQL status: OK in 1.993 seconds
[0m20:43:21.641126 [debug] [Thread-1 (]: Sending event: {'category': 'dbt', 'action': 'run_model', 'label': 'a606e0f0-c8f3-42d2-908e-e4f8344c781b', 'context': [<snowplow_tracker.self_describing_json.SelfDescribingJson object at 0x796c3954df10>]}
[0m20:43:21.643082 [info ] [Thread-1 (]: 5 of 6 OK created sql table model nyc_motor_vehicle_collision_dataset_mart_monthly_crashes.total_crashes_by_borough  [[32mCREATE TABLE (6.0 rows, 1.4 MiB processed)[0m in 3.89s]
[0m20:43:21.653780 [debug] [Thread-1 (]: Finished running node model.dbt_nyc_vehicle_crashes.total_crashes_by_borough
[0m20:43:21.655569 [debug] [Thread-1 (]: Began running node model.dbt_nyc_vehicle_crashes.total_crashes_per_time_of_day
[0m20:43:21.657814 [info ] [Thread-1 (]: 6 of 6 START sql table model nyc_motor_vehicle_collision_dataset_mart_monthly_crashes.total_crashes_per_time_of_day  [RUN]
[0m20:43:21.667855 [debug] [Thread-1 (]: Re-using an available connection from the pool (formerly model.dbt_nyc_vehicle_crashes.total_crashes_by_borough, now model.dbt_nyc_vehicle_crashes.total_crashes_per_time_of_day)
[0m20:43:21.669551 [debug] [Thread-1 (]: Began compiling node model.dbt_nyc_vehicle_crashes.total_crashes_per_time_of_day
[0m20:43:21.688751 [debug] [Thread-1 (]: Writing injected SQL for node "model.dbt_nyc_vehicle_crashes.total_crashes_per_time_of_day"
[0m20:43:21.693609 [debug] [Thread-1 (]: Began executing node model.dbt_nyc_vehicle_crashes.total_crashes_per_time_of_day
[0m20:43:21.724904 [debug] [Thread-1 (]: Writing runtime sql for node "model.dbt_nyc_vehicle_crashes.total_crashes_per_time_of_day"
[0m20:43:21.733892 [debug] [Thread-1 (]: On model.dbt_nyc_vehicle_crashes.total_crashes_per_time_of_day: /* {"app": "dbt", "dbt_version": "1.11.8", "profile_name": "dbt_nyc_vehicle_crashes", "target_name": "dev", "node_id": "model.dbt_nyc_vehicle_crashes.total_crashes_per_time_of_day"} */

  
    

    create or replace table `nyc-motor-vehicle-collision-12`.`nyc_motor_vehicle_collision_dataset_mart_monthly_crashes`.`total_crashes_per_time_of_day`
      
    
    

    
    OPTIONS()
    as (
      Monthly crashes in Nyc 

SELECT
  crash_time,
  CASE
    WHEN crash_time < 01:00:00 THEN '12am - 12:59am'
    WHEN crash_time BETWEEN 12:59:00 AND 02:00:00 THEN '1am - 1:59am'
    WHEN crash_time BETWEEN 01:59:00 AND 03:00:00 THEN '2am - 2:59am'
    WHEN crash_time BETWEEN 02:59:00 AND 04:00:00 THEN '3am - 3:59am'
    WHEN crash_time BETWEEN 03:59:00 and 05:00:00 THEN '4am - 4:59am'
    WHEN crash_time BETWEEN 04:59:00 AND 06:00:00 THEN '5am - 5:59am'
    WHEN crash_time BETWEEN 05:59:00 AND 07:00:00 THEN '6am - 6:59am'
    WHEN crash_time BETWEEN 06:59:00 AND 08:00:00 THEN '7am - 7:59am'
    WHEN crash_time BETWEEN 07:59:00 AND 09:00:00 THEN '8am - 8:59am'
    WHEN crash_time BETWEEN 08:59:00 AND 10:00:00 THEN '9am - 9:59am'
    WHEN crash_time BETWEEN 09:59:00 AND 11:00:00 THEN '10am - 10:59am'
    WHEN crash_time BETWEEN 10:59:00 AND 12:00:00 THEN '11am - 11:59am'
    WHEN crash_time BETWEEN 11:59:00 AND 13:00:00 THEN '12pm - 12:59pm'
    WHEN crash_time BETWEEN 12:59:00 AND 14:00:00 THEN '1pm - 1:59pm'
    WHEN crash_time BETWEEN 13:59:00 AND 15:00:00 THEN '2pm - 2:59pm'
    WHEN crash_time BETWEEN 14:59:00 AND 16:00:00 THEN '3pm - 3:59pm'
    WHEN crash_time BETWEEN 15:59:00 AND 17:00:00 THEN '4pm - 4:59pm'
    WHEN crash_time BETWEEN 16:59:00 AND 18:00:00 THEN '5pm - 5:59pm'
    WHEN crash_time BETWEEN 17:59:00 AND 19:00:00 THEN '6pm - 6:59pm'
    WHEN crash_time BETWEEN 18:59:00 AND 20:00:00 THEN '7pm - 7:59pm'
    WHEN crash_time BETWEEN 19:59:00 AND 21:00:00 THEN '8pm - 8:59pm'
    WHEN crash_time BETWEEN 20:59:00 AND 22:00:00 THEN '9pm - 9:59pm'
    WHEN crash_time BETWEEN 21:59:00 AND 23:00:00 THEN '10pm - 10:59pm'
    WHEN crash_time BETWEEN 22:59:00 AND 24:00:00 THEN '11pm - 11:59pm'
    ELSE '12pm - 12:59pm',
  COUNT(crash_date) AS total_crashes
FROM
  `nyc-motor-vehicle-collision-12`.`nyc_motor_vehicle_collision_dataset_stg_2025_nyc_crashes`.`stg_2025_nyc_crashes`
GROUP BY month_name
ORDER BY COUNT(crash_date) DESC
    );
  
[0m20:43:21.736078 [debug] [Thread-1 (]: Opening a new connection, currently in state closed
[0m20:43:22.637907 [debug] [Thread-1 (]: BigQuery adapter: https://console.cloud.google.com/bigquery?project=nyc-motor-vehicle-collision-12&j=bq:US:777cefa7-dbe1-4d1d-a04a-fddb086c53ec&page=queryresults
[0m20:43:22.639980 [error] [Thread-1 (]: BigQuery adapter: https://console.cloud.google.com/bigquery?project=nyc-motor-vehicle-collision-12&j=bq:US:777cefa7-dbe1-4d1d-a04a-fddb086c53ec&page=queryresults
[0m20:43:22.690522 [debug] [Thread-1 (]: Database Error in model total_crashes_per_time_of_day (models/mart/total_crashes_per_time_of_day.sql)
  Syntax error: Unexpected identifier "Monthly" at [14:7]
  compiled code at target/run/dbt_nyc_vehicle_crashes/models/mart/total_crashes_per_time_of_day.sql
[0m20:43:22.692117 [debug] [Thread-1 (]: Sending event: {'category': 'dbt', 'action': 'run_model', 'label': 'a606e0f0-c8f3-42d2-908e-e4f8344c781b', 'context': [<snowplow_tracker.self_describing_json.SelfDescribingJson object at 0x796c22698740>]}
[0m20:43:22.693883 [error] [Thread-1 (]: 6 of 6 ERROR creating sql table model nyc_motor_vehicle_collision_dataset_mart_monthly_crashes.total_crashes_per_time_of_day  [[31mERROR[0m in 1.03s]
[0m20:43:22.702665 [debug] [Thread-1 (]: Finished running node model.dbt_nyc_vehicle_crashes.total_crashes_per_time_of_day
[0m20:43:22.711018 [debug] [Thread-4 (]: Marking all children of 'model.dbt_nyc_vehicle_crashes.total_crashes_per_time_of_day' to be skipped because of status 'error'.  Reason: Database Error in model total_crashes_per_time_of_day (models/mart/total_crashes_per_time_of_day.sql)
  Syntax error: Unexpected identifier "Monthly" at [14:7]
  compiled code at target/run/dbt_nyc_vehicle_crashes/models/mart/total_crashes_per_time_of_day.sql.
[0m20:43:22.726770 [debug] [MainThread]: Opening a new connection, currently in state closed
[0m20:43:22.738308 [debug] [MainThread]: Connection 'master' was properly closed.
[0m20:43:22.739710 [debug] [MainThread]: Connection 'model.dbt_nyc_vehicle_crashes.total_crashes_per_time_of_day' was properly closed.
[0m20:43:22.741465 [info ] [MainThread]: 
[0m20:43:22.743178 [info ] [MainThread]: Finished running 6 table models in 0 hours 0 minutes and 31.71 seconds (31.71s).
[0m20:43:22.757734 [debug] [MainThread]: Command end result
[0m20:43:22.992638 [debug] [MainThread]: Wrote artifact WritableManifest to /home/kwakut/nyc-vehicle-collisions-project/dbt_nyc_vehicle_crashes/target/manifest.json
[0m20:43:23.002649 [debug] [MainThread]: Wrote artifact SemanticManifest to /home/kwakut/nyc-vehicle-collisions-project/dbt_nyc_vehicle_crashes/target/semantic_manifest.json
[0m20:43:23.036425 [debug] [MainThread]: Wrote artifact RunExecutionResult to /home/kwakut/nyc-vehicle-collisions-project/dbt_nyc_vehicle_crashes/target/run_results.json
[0m20:43:23.037723 [info ] [MainThread]: 
[0m20:43:23.039283 [info ] [MainThread]: [31mCompleted with 1 error, 0 partial successes, and 0 warnings:[0m
[0m20:43:23.040781 [info ] [MainThread]: 
[0m20:43:23.042646 [error] [MainThread]: [31mFailure in model total_crashes_per_time_of_day (models/mart/total_crashes_per_time_of_day.sql)[0m
[0m20:43:23.053883 [error] [MainThread]:   Database Error in model total_crashes_per_time_of_day (models/mart/total_crashes_per_time_of_day.sql)
  Syntax error: Unexpected identifier "Monthly" at [14:7]
  compiled code at target/run/dbt_nyc_vehicle_crashes/models/mart/total_crashes_per_time_of_day.sql
[0m20:43:23.057032 [info ] [MainThread]: 
[0m20:43:23.062083 [info ] [MainThread]:   compiled code at target/compiled/dbt_nyc_vehicle_crashes/models/mart/total_crashes_per_time_of_day.sql
[0m20:43:23.064335 [info ] [MainThread]: 
[0m20:43:23.079416 [info ] [MainThread]: Done. PASS=5 WARN=0 ERROR=1 SKIP=0 NO-OP=0 TOTAL=6
[0m20:43:23.093254 [debug] [MainThread]: Resource report: {"command_name": "run", "command_success": false, "command_wall_clock_time": 40.474792, "process_in_blocks": "1024", "process_kernel_time": 5.039039, "process_mem_max_rss": "234436", "process_out_blocks": "3864", "process_user_time": 15.684782}
[0m20:43:23.109735 [debug] [MainThread]: Command `dbt run` failed at 20:43:23.108932 after 40.50 seconds
[0m20:43:23.124098 [debug] [MainThread]: Sending event: {'category': 'dbt', 'action': 'invocation', 'label': 'end', 'context': [<snowplow_tracker.self_describing_json.SelfDescribingJson object at 0x796c5746c650>, <snowplow_tracker.self_describing_json.SelfDescribingJson object at 0x796c59d0cc80>, <snowplow_tracker.self_describing_json.SelfDescribingJson object at 0x796c57bacbc0>]}
[0m20:43:23.126897 [debug] [MainThread]: Flushing usage events
[0m20:43:24.506347 [debug] [MainThread]: An error was encountered while trying to flush usage events
[0m20:44:47.204634 [debug] [MainThread]: Sending event: {'category': 'dbt', 'action': 'invocation', 'label': 'start', 'context': [<snowplow_tracker.self_describing_json.SelfDescribingJson object at 0x7ab749fa5670>, <snowplow_tracker.self_describing_json.SelfDescribingJson object at 0x7ab7497f1400>, <snowplow_tracker.self_describing_json.SelfDescribingJson object at 0x7ab74be135c0>]}


============================== 20:44:47.211555 | aa9b7cd0-216a-42b3-813e-9692ba911785 ==============================
[0m20:44:47.211555 [info ] [MainThread]: Running with dbt=1.11.8
[0m20:44:47.212815 [debug] [MainThread]: running dbt with arguments {'introspect': 'True', 'use_colors': 'True', 'cache_selected_only': 'False', 'log_cache_events': 'False', 'write_json': 'True', 'warn_error_options': 'WarnErrorOptionsV2(error=[], warn=[], silence=[])', 'use_experimental_parser': 'False', 'target_path': 'None', 'indirect_selection': 'eager', 'invocation_command': 'dbt run', 'partial_parse': 'True', 'profiles_dir': '/home/kwakut/.dbt', 'fail_fast': 'False', 'quiet': 'False', 'warn_error': 'None', 'log_format': 'default', 'log_path': '/home/kwakut/nyc-vehicle-collisions-project/dbt_nyc_vehicle_crashes/logs', 'send_anonymous_usage_stats': 'True', 'static_parser': 'True', 'no_print': 'None', 'empty': 'False', 'version_check': 'True', 'printer_width': '80', 'debug': 'False'}
[0m20:44:48.483126 [debug] [MainThread]: Sending event: {'category': 'dbt', 'action': 'project_id', 'label': 'aa9b7cd0-216a-42b3-813e-9692ba911785', 'context': [<snowplow_tracker.self_describing_json.SelfDescribingJson object at 0x7ab72be9abd0>]}
[0m20:44:48.576032 [debug] [MainThread]: Sending event: {'category': 'dbt', 'action': 'adapter_info', 'label': 'aa9b7cd0-216a-42b3-813e-9692ba911785', 'context': [<snowplow_tracker.self_describing_json.SelfDescribingJson object at 0x7ab749a3c680>]}
[0m20:44:48.576853 [info ] [MainThread]: Registered adapter: bigquery=1.11.1
[0m20:44:48.766930 [debug] [MainThread]: checksum: 7d524ac048c2100769df89d592e662e060a73ca564e31bd9c2a37efdfe8d8ab6, vars: {}, profile: , target: , version: 1.11.8
[0m20:44:49.023061 [debug] [MainThread]: Partial parsing enabled: 0 files deleted, 0 files added, 1 files changed.
[0m20:44:49.023987 [debug] [MainThread]: Partial parsing: updated file: dbt_nyc_vehicle_crashes://models/mart/total_crashes_per_time_of_day.sql
[0m20:44:49.362075 [debug] [MainThread]: Sending event: {'category': 'dbt', 'action': 'load_project', 'label': 'aa9b7cd0-216a-42b3-813e-9692ba911785', 'context': [<snowplow_tracker.self_describing_json.SelfDescribingJson object at 0x7ab72b8f1040>]}
[0m20:44:49.470510 [debug] [MainThread]: Wrote artifact WritableManifest to /home/kwakut/nyc-vehicle-collisions-project/dbt_nyc_vehicle_crashes/target/manifest.json
[0m20:44:49.473101 [debug] [MainThread]: Wrote artifact SemanticManifest to /home/kwakut/nyc-vehicle-collisions-project/dbt_nyc_vehicle_crashes/target/semantic_manifest.json
[0m20:44:49.484784 [debug] [MainThread]: Sending event: {'category': 'dbt', 'action': 'resource_counts', 'label': 'aa9b7cd0-216a-42b3-813e-9692ba911785', 'context': [<snowplow_tracker.self_describing_json.SelfDescribingJson object at 0x7ab72b8b7d10>]}
[0m20:44:49.485529 [info ] [MainThread]: Found 6 models, 2 data tests, 1 source, 539 macros
[0m20:44:49.486142 [debug] [MainThread]: Sending event: {'category': 'dbt', 'action': 'runnable_timing', 'label': 'aa9b7cd0-216a-42b3-813e-9692ba911785', 'context': [<snowplow_tracker.self_describing_json.SelfDescribingJson object at 0x7ab72af2d130>]}
[0m20:44:49.488576 [info ] [MainThread]: 
[0m20:44:49.489372 [info ] [MainThread]: Concurrency: 1 threads (target='dev')
[0m20:44:49.490015 [info ] [MainThread]: 
[0m20:44:49.490956 [debug] [MainThread]: Acquiring new bigquery connection 'master'
[0m20:44:49.502339 [debug] [ThreadPool]: Acquiring new bigquery connection 'list_nyc-motor-vehicle-collision-12'
[0m20:44:49.503266 [debug] [ThreadPool]: Opening a new connection, currently in state init
[0m20:44:52.028478 [debug] [ThreadPool]: Opening a new connection, currently in state closed
[0m20:44:52.995365 [debug] [ThreadPool]: Re-using an available connection from the pool (formerly list_nyc-motor-vehicle-collision-12, now list_nyc-motor-vehicle-collision-12_nyc_motor_vehicle_collision_dataset_mart_monthly_crashes)
[0m20:44:52.998695 [debug] [ThreadPool]: Opening a new connection, currently in state closed
[0m20:44:53.889899 [debug] [ThreadPool]: Re-using an available connection from the pool (formerly list_nyc-motor-vehicle-collision-12_nyc_motor_vehicle_collision_dataset_mart_monthly_crashes, now list_nyc-motor-vehicle-collision-12_nyc_motor_vehicle_collision_dataset_stg_2025_nyc_crashes)
[0m20:44:53.892118 [debug] [ThreadPool]: Opening a new connection, currently in state closed
[0m20:44:54.918861 [debug] [MainThread]: Sending event: {'category': 'dbt', 'action': 'runnable_timing', 'label': 'aa9b7cd0-216a-42b3-813e-9692ba911785', 'context': [<snowplow_tracker.self_describing_json.SelfDescribingJson object at 0x7ab72bd945f0>]}
[0m20:44:54.921940 [debug] [MainThread]: Opening a new connection, currently in state init
[0m20:44:54.937208 [debug] [Thread-1 (]: Began running node model.dbt_nyc_vehicle_crashes.stg_2025_nyc_crashes
[0m20:44:54.940415 [info ] [Thread-1 (]: 1 of 6 START sql table model nyc_motor_vehicle_collision_dataset_stg_2025_nyc_crashes.stg_2025_nyc_crashes  [RUN]
[0m20:44:54.942861 [debug] [Thread-1 (]: Re-using an available connection from the pool (formerly list_nyc-motor-vehicle-collision-12_nyc_motor_vehicle_collision_dataset_stg_2025_nyc_crashes, now model.dbt_nyc_vehicle_crashes.stg_2025_nyc_crashes)
[0m20:44:54.944365 [debug] [Thread-1 (]: Began compiling node model.dbt_nyc_vehicle_crashes.stg_2025_nyc_crashes
[0m20:44:54.963723 [debug] [Thread-1 (]: Writing injected SQL for node "model.dbt_nyc_vehicle_crashes.stg_2025_nyc_crashes"
[0m20:44:54.967499 [debug] [Thread-1 (]: Began executing node model.dbt_nyc_vehicle_crashes.stg_2025_nyc_crashes
[0m20:44:54.990053 [debug] [Thread-1 (]: Opening a new connection, currently in state closed
[0m20:44:55.855168 [debug] [Thread-1 (]: Writing runtime sql for node "model.dbt_nyc_vehicle_crashes.stg_2025_nyc_crashes"
[0m20:44:55.856339 [debug] [Thread-1 (]: On model.dbt_nyc_vehicle_crashes.stg_2025_nyc_crashes: /* {"app": "dbt", "dbt_version": "1.11.8", "profile_name": "dbt_nyc_vehicle_crashes", "target_name": "dev", "node_id": "model.dbt_nyc_vehicle_crashes.stg_2025_nyc_crashes"} */

  
    

    create or replace table `nyc-motor-vehicle-collision-12`.`nyc_motor_vehicle_collision_dataset_stg_2025_nyc_crashes`.`stg_2025_nyc_crashes`
      
    
    

    
    OPTIONS()
    as (
      WITH source AS (

    SELECT
        DATE(SUBSTR(crash_date, 1, 10)) AS crash_date,
        SAFE.PARSE_TIME('%H:%M', crash_time) AS crash_time,
        on_street_name,
        off_street_name,
        SAFE_CAST(number_of_persons_injured AS INT64) AS number_of_persons_injured,
        SAFE_CAST(number_of_persons_killed AS INT64) AS number_of_persons_killed,
        SAFE_CAST(number_of_pedestrians_injured AS INT64) AS number_of_pedestrians_injured,
        SAFE_CAST(number_of_pedestrians_killed AS INT64) AS number_of_pedestrians_killed,
        SAFE_CAST(number_of_cyclist_injured AS INT64) AS number_of_cyclist_injured,
        SAFE_CAST(number_of_cyclist_killed AS INT64) AS number_of_cyclist_killed,
        SAFE_CAST(number_of_motorist_injured AS INT64) AS number_of_motorist_injured,
        SAFE_CAST(number_of_motorist_killed AS INT64) AS number_of_motorist_killed,
        contributing_factor_vehicle_1,
        contributing_factor_vehicle_2,
        CAST(collision_id AS INT64) AS collision_id,
        vehicle_type_code1 AS vehicle_type_code_1,
        vehicle_type_code2 AS vehicle_type_code_2,
        borough,
        zip_code,
        SAFE_CAST(latitude AS FLOAT64) AS latitude,
        SAFE_CAST(longitude AS FLOAT64) AS longitude,
        location,
        contributing_factor_vehicle_3,
        vehicle_type_code_3,
        cross_street_name,
        contributing_factor_vehicle_4,
        vehicle_type_code_4,
        contributing_factor_vehicle_5,
        vehicle_type_code_5
    FROM `nyc-motor-vehicle-collision-12`.`nyc_motor_vehicle_collision_dataset`.`nyc_motor_crashes`
)
SELECT 
    *,
    current_timestamp() AS ingestion_timestamp 
FROM source
    );
  
[0m20:44:56.673979 [debug] [Thread-1 (]: BigQuery adapter: https://console.cloud.google.com/bigquery?project=nyc-motor-vehicle-collision-12&j=bq:US:d8a8d4c1-4868-4769-a82b-3faa8ffb0fa9&page=queryresults
[0m20:45:03.002409 [debug] [Thread-1 (]: SQL status: OK in 6.327 seconds
[0m20:45:03.429625 [debug] [Thread-1 (]: Sending event: {'category': 'dbt', 'action': 'run_model', 'label': 'aa9b7cd0-216a-42b3-813e-9692ba911785', 'context': [<snowplow_tracker.self_describing_json.SelfDescribingJson object at 0x7ab72bf44a70>]}
[0m20:45:03.430573 [info ] [Thread-1 (]: 1 of 6 OK created sql table model nyc_motor_vehicle_collision_dataset_stg_2025_nyc_crashes.stg_2025_nyc_crashes  [[32mCREATE TABLE (85.5k rows, 22.6 MiB processed)[0m in 8.49s]
[0m20:45:03.431496 [debug] [Thread-1 (]: Finished running node model.dbt_nyc_vehicle_crashes.stg_2025_nyc_crashes
[0m20:45:03.433057 [debug] [Thread-1 (]: Began running node model.dbt_nyc_vehicle_crashes.daily_crashes
[0m20:45:03.433762 [info ] [Thread-1 (]: 2 of 6 START sql table model nyc_motor_vehicle_collision_dataset_mart_monthly_crashes.daily_crashes  [RUN]
[0m20:45:03.434530 [debug] [Thread-1 (]: Re-using an available connection from the pool (formerly model.dbt_nyc_vehicle_crashes.stg_2025_nyc_crashes, now model.dbt_nyc_vehicle_crashes.daily_crashes)
[0m20:45:03.435297 [debug] [Thread-1 (]: Began compiling node model.dbt_nyc_vehicle_crashes.daily_crashes
[0m20:45:03.442949 [debug] [Thread-1 (]: Writing injected SQL for node "model.dbt_nyc_vehicle_crashes.daily_crashes"
[0m20:45:03.444256 [debug] [Thread-1 (]: Began executing node model.dbt_nyc_vehicle_crashes.daily_crashes
[0m20:45:03.447594 [debug] [Thread-1 (]: Opening a new connection, currently in state closed
[0m20:45:04.380151 [debug] [Thread-1 (]: Writing runtime sql for node "model.dbt_nyc_vehicle_crashes.daily_crashes"
[0m20:45:04.384231 [debug] [Thread-1 (]: On model.dbt_nyc_vehicle_crashes.daily_crashes: /* {"app": "dbt", "dbt_version": "1.11.8", "profile_name": "dbt_nyc_vehicle_crashes", "target_name": "dev", "node_id": "model.dbt_nyc_vehicle_crashes.daily_crashes"} */

  
    

    create or replace table `nyc-motor-vehicle-collision-12`.`nyc_motor_vehicle_collision_dataset_mart_monthly_crashes`.`daily_crashes`
      
    
    

    
    OPTIONS()
    as (
      # Which day of the week has the highest number of accidents in Nyc.

SELECT
  FORMAT_DATE('%A', crash_date) AS day_name,
  COUNT(crash_date) AS total_crashes
FROM
  `nyc-motor-vehicle-collision-12`.`nyc_motor_vehicle_collision_dataset_stg_2025_nyc_crashes`.`stg_2025_nyc_crashes`
GROUP BY day_name
ORDER BY COUNT(crash_date) DESC
    );
  
[0m20:45:05.029085 [debug] [Thread-1 (]: BigQuery adapter: https://console.cloud.google.com/bigquery?project=nyc-motor-vehicle-collision-12&j=bq:US:fcec6c5b-f7a0-4721-96ac-4f29cfe06dcd&page=queryresults
[0m20:45:07.129032 [debug] [Thread-1 (]: SQL status: OK in 2.096 seconds
[0m20:45:07.539139 [debug] [Thread-1 (]: Sending event: {'category': 'dbt', 'action': 'run_model', 'label': 'aa9b7cd0-216a-42b3-813e-9692ba911785', 'context': [<snowplow_tracker.self_describing_json.SelfDescribingJson object at 0x7ab72afde9f0>]}
[0m20:45:07.543210 [info ] [Thread-1 (]: 2 of 6 OK created sql table model nyc_motor_vehicle_collision_dataset_mart_monthly_crashes.daily_crashes  [[32mCREATE TABLE (7.0 rows, 668.3 KiB processed)[0m in 4.10s]
[0m20:45:07.547707 [debug] [Thread-1 (]: Finished running node model.dbt_nyc_vehicle_crashes.daily_crashes
[0m20:45:07.551584 [debug] [Thread-1 (]: Began running node model.dbt_nyc_vehicle_crashes.monthly_crashes
[0m20:45:07.557263 [info ] [Thread-1 (]: 3 of 6 START sql table model nyc_motor_vehicle_collision_dataset_mart_monthly_crashes.monthly_crashes  [RUN]
[0m20:45:07.561785 [debug] [Thread-1 (]: Re-using an available connection from the pool (formerly model.dbt_nyc_vehicle_crashes.daily_crashes, now model.dbt_nyc_vehicle_crashes.monthly_crashes)
[0m20:45:07.563243 [debug] [Thread-1 (]: Began compiling node model.dbt_nyc_vehicle_crashes.monthly_crashes
[0m20:45:07.571645 [debug] [Thread-1 (]: Writing injected SQL for node "model.dbt_nyc_vehicle_crashes.monthly_crashes"
[0m20:45:07.573485 [debug] [Thread-1 (]: Began executing node model.dbt_nyc_vehicle_crashes.monthly_crashes
[0m20:45:07.581444 [debug] [Thread-1 (]: Opening a new connection, currently in state closed
[0m20:45:08.498109 [debug] [Thread-1 (]: Writing runtime sql for node "model.dbt_nyc_vehicle_crashes.monthly_crashes"
[0m20:45:08.501734 [debug] [Thread-1 (]: On model.dbt_nyc_vehicle_crashes.monthly_crashes: /* {"app": "dbt", "dbt_version": "1.11.8", "profile_name": "dbt_nyc_vehicle_crashes", "target_name": "dev", "node_id": "model.dbt_nyc_vehicle_crashes.monthly_crashes"} */

  
    

    create or replace table `nyc-motor-vehicle-collision-12`.`nyc_motor_vehicle_collision_dataset_mart_monthly_crashes`.`monthly_crashes`
      
    
    

    
    OPTIONS()
    as (
      # Monthly crashes in Nyc 

SELECT
  FORMAT_DATE('%B', crash_date) AS month_name,
  COUNT(crash_date) AS total_crashes
FROM
  `nyc-motor-vehicle-collision-12`.`nyc_motor_vehicle_collision_dataset_stg_2025_nyc_crashes`.`stg_2025_nyc_crashes`
GROUP BY month_name
ORDER BY COUNT(crash_date) DESC
    );
  
[0m20:45:09.076684 [debug] [Thread-1 (]: BigQuery adapter: https://console.cloud.google.com/bigquery?project=nyc-motor-vehicle-collision-12&j=bq:US:8cbe7b2e-bc15-436e-b637-ded9197c0349&page=queryresults
[0m20:45:11.415545 [debug] [Thread-1 (]: SQL status: OK in 2.337 seconds
[0m20:45:11.822941 [debug] [Thread-1 (]: Sending event: {'category': 'dbt', 'action': 'run_model', 'label': 'aa9b7cd0-216a-42b3-813e-9692ba911785', 'context': [<snowplow_tracker.self_describing_json.SelfDescribingJson object at 0x7ab72b9292b0>]}
[0m20:45:11.826788 [info ] [Thread-1 (]: 3 of 6 OK created sql table model nyc_motor_vehicle_collision_dataset_mart_monthly_crashes.monthly_crashes  [[32mCREATE TABLE (12.0 rows, 668.3 KiB processed)[0m in 4.26s]
[0m20:45:11.830590 [debug] [Thread-1 (]: Finished running node model.dbt_nyc_vehicle_crashes.monthly_crashes
[0m20:45:11.833941 [debug] [Thread-1 (]: Began running node model.dbt_nyc_vehicle_crashes.street_with_most_crashes
[0m20:45:11.842264 [info ] [Thread-1 (]: 4 of 6 START sql table model nyc_motor_vehicle_collision_dataset_mart_monthly_crashes.street_with_most_crashes  [RUN]
[0m20:45:11.847812 [debug] [Thread-1 (]: Re-using an available connection from the pool (formerly model.dbt_nyc_vehicle_crashes.monthly_crashes, now model.dbt_nyc_vehicle_crashes.street_with_most_crashes)
[0m20:45:11.854064 [debug] [Thread-1 (]: Began compiling node model.dbt_nyc_vehicle_crashes.street_with_most_crashes
[0m20:45:11.878378 [debug] [Thread-1 (]: Writing injected SQL for node "model.dbt_nyc_vehicle_crashes.street_with_most_crashes"
[0m20:45:11.885297 [debug] [Thread-1 (]: Began executing node model.dbt_nyc_vehicle_crashes.street_with_most_crashes
[0m20:45:11.894472 [debug] [Thread-1 (]: Opening a new connection, currently in state closed
[0m20:45:12.782093 [debug] [Thread-1 (]: Writing runtime sql for node "model.dbt_nyc_vehicle_crashes.street_with_most_crashes"
[0m20:45:12.786047 [debug] [Thread-1 (]: On model.dbt_nyc_vehicle_crashes.street_with_most_crashes: /* {"app": "dbt", "dbt_version": "1.11.8", "profile_name": "dbt_nyc_vehicle_crashes", "target_name": "dev", "node_id": "model.dbt_nyc_vehicle_crashes.street_with_most_crashes"} */

  
    

    create or replace table `nyc-motor-vehicle-collision-12`.`nyc_motor_vehicle_collision_dataset_mart_monthly_crashes`.`street_with_most_crashes`
      
    
    

    
    OPTIONS()
    as (
      # Most common streets where crashes happen in Nyc 

SELECT
  on_street_name,
  COUNT(crash_date) AS total_crashes
FROM
  `nyc-motor-vehicle-collision-12`.`nyc_motor_vehicle_collision_dataset_stg_2025_nyc_crashes`.`stg_2025_nyc_crashes`
GROUP BY on_street_name
ORDER BY COUNT(crash_date) DESC
    );
  
[0m20:45:13.353391 [debug] [Thread-1 (]: BigQuery adapter: https://console.cloud.google.com/bigquery?project=nyc-motor-vehicle-collision-12&j=bq:US:0e9dad3f-3658-4c9e-af09-619e42e29104&page=queryresults
[0m20:45:15.364366 [debug] [Thread-1 (]: SQL status: OK in 2.009 seconds
[0m20:45:15.749018 [debug] [Thread-1 (]: Sending event: {'category': 'dbt', 'action': 'run_model', 'label': 'aa9b7cd0-216a-42b3-813e-9692ba911785', 'context': [<snowplow_tracker.self_describing_json.SelfDescribingJson object at 0x7ab72afde9f0>]}
[0m20:45:15.750634 [info ] [Thread-1 (]: 4 of 6 OK created sql table model nyc_motor_vehicle_collision_dataset_mart_monthly_crashes.street_with_most_crashes  [[32mCREATE TABLE (4.3k rows, 1.6 MiB processed)[0m in 3.90s]
[0m20:45:15.752399 [debug] [Thread-1 (]: Finished running node model.dbt_nyc_vehicle_crashes.street_with_most_crashes
[0m20:45:15.753558 [debug] [Thread-1 (]: Began running node model.dbt_nyc_vehicle_crashes.total_crashes_by_borough
[0m20:45:15.755067 [info ] [Thread-1 (]: 5 of 6 START sql table model nyc_motor_vehicle_collision_dataset_mart_monthly_crashes.total_crashes_by_borough  [RUN]
[0m20:45:15.756805 [debug] [Thread-1 (]: Re-using an available connection from the pool (formerly model.dbt_nyc_vehicle_crashes.street_with_most_crashes, now model.dbt_nyc_vehicle_crashes.total_crashes_by_borough)
[0m20:45:15.758704 [debug] [Thread-1 (]: Began compiling node model.dbt_nyc_vehicle_crashes.total_crashes_by_borough
[0m20:45:15.765459 [debug] [Thread-1 (]: Writing injected SQL for node "model.dbt_nyc_vehicle_crashes.total_crashes_by_borough"
[0m20:45:15.767460 [debug] [Thread-1 (]: Began executing node model.dbt_nyc_vehicle_crashes.total_crashes_by_borough
[0m20:45:15.772844 [debug] [Thread-1 (]: Opening a new connection, currently in state closed
[0m20:45:16.639608 [debug] [Thread-1 (]: Writing runtime sql for node "model.dbt_nyc_vehicle_crashes.total_crashes_by_borough"
[0m20:45:16.646969 [debug] [Thread-1 (]: On model.dbt_nyc_vehicle_crashes.total_crashes_by_borough: /* {"app": "dbt", "dbt_version": "1.11.8", "profile_name": "dbt_nyc_vehicle_crashes", "target_name": "dev", "node_id": "model.dbt_nyc_vehicle_crashes.total_crashes_by_borough"} */

  
    

    create or replace table `nyc-motor-vehicle-collision-12`.`nyc_motor_vehicle_collision_dataset_mart_monthly_crashes`.`total_crashes_by_borough`
      
    
    

    
    OPTIONS()
    as (
      # Total crashes by Borough in Nyc 

SELECT
  Borough,
  COUNT(crash_date) AS total_crashes
FROM
  `nyc-motor-vehicle-collision-12`.`nyc_motor_vehicle_collision_dataset_stg_2025_nyc_crashes`.`stg_2025_nyc_crashes`
GROUP BY Borough
ORDER BY COUNT(crash_date) DESC
    );
  
[0m20:45:17.259372 [debug] [Thread-1 (]: BigQuery adapter: https://console.cloud.google.com/bigquery?project=nyc-motor-vehicle-collision-12&j=bq:US:b1bc1e26-c0f9-458c-ba87-556335b998bc&page=queryresults
[0m20:45:19.054705 [debug] [Thread-1 (]: SQL status: OK in 1.790 seconds
[0m20:45:19.399631 [debug] [Thread-1 (]: Sending event: {'category': 'dbt', 'action': 'run_model', 'label': 'aa9b7cd0-216a-42b3-813e-9692ba911785', 'context': [<snowplow_tracker.self_describing_json.SelfDescribingJson object at 0x7ab728b751c0>]}
[0m20:45:19.402061 [info ] [Thread-1 (]: 5 of 6 OK created sql table model nyc_motor_vehicle_collision_dataset_mart_monthly_crashes.total_crashes_by_borough  [[32mCREATE TABLE (6.0 rows, 1.4 MiB processed)[0m in 3.64s]
[0m20:45:19.404580 [debug] [Thread-1 (]: Finished running node model.dbt_nyc_vehicle_crashes.total_crashes_by_borough
[0m20:45:19.405863 [debug] [Thread-1 (]: Began running node model.dbt_nyc_vehicle_crashes.total_crashes_per_time_of_day
[0m20:45:19.407468 [info ] [Thread-1 (]: 6 of 6 START sql table model nyc_motor_vehicle_collision_dataset_mart_monthly_crashes.total_crashes_per_time_of_day  [RUN]
[0m20:45:19.409161 [debug] [Thread-1 (]: Re-using an available connection from the pool (formerly model.dbt_nyc_vehicle_crashes.total_crashes_by_borough, now model.dbt_nyc_vehicle_crashes.total_crashes_per_time_of_day)
[0m20:45:19.410081 [debug] [Thread-1 (]: Began compiling node model.dbt_nyc_vehicle_crashes.total_crashes_per_time_of_day
[0m20:45:19.416176 [debug] [Thread-1 (]: Writing injected SQL for node "model.dbt_nyc_vehicle_crashes.total_crashes_per_time_of_day"
[0m20:45:19.417609 [debug] [Thread-1 (]: Began executing node model.dbt_nyc_vehicle_crashes.total_crashes_per_time_of_day
[0m20:45:19.430550 [debug] [Thread-1 (]: Writing runtime sql for node "model.dbt_nyc_vehicle_crashes.total_crashes_per_time_of_day"
[0m20:45:19.433781 [debug] [Thread-1 (]: On model.dbt_nyc_vehicle_crashes.total_crashes_per_time_of_day: /* {"app": "dbt", "dbt_version": "1.11.8", "profile_name": "dbt_nyc_vehicle_crashes", "target_name": "dev", "node_id": "model.dbt_nyc_vehicle_crashes.total_crashes_per_time_of_day"} */

  
    

    create or replace table `nyc-motor-vehicle-collision-12`.`nyc_motor_vehicle_collision_dataset_mart_monthly_crashes`.`total_crashes_per_time_of_day`
      
    
    

    
    OPTIONS()
    as (
      Monthly crashes in Nyc 

SELECT
  crash_time,
  CASE
    WHEN crash_time < 01:00:00 THEN '12am - 12:59am'
    WHEN crash_time BETWEEN 12:59:00 AND 02:00:00 THEN '1am - 1:59am'
    WHEN crash_time BETWEEN 01:59:00 AND 03:00:00 THEN '2am - 2:59am'
    WHEN crash_time BETWEEN 02:59:00 AND 04:00:00 THEN '3am - 3:59am'
    WHEN crash_time BETWEEN 03:59:00 and 05:00:00 THEN '4am - 4:59am'
    WHEN crash_time BETWEEN 04:59:00 AND 06:00:00 THEN '5am - 5:59am'
    WHEN crash_time BETWEEN 05:59:00 AND 07:00:00 THEN '6am - 6:59am'
    WHEN crash_time BETWEEN 06:59:00 AND 08:00:00 THEN '7am - 7:59am'
    WHEN crash_time BETWEEN 07:59:00 AND 09:00:00 THEN '8am - 8:59am'
    WHEN crash_time BETWEEN 08:59:00 AND 10:00:00 THEN '9am - 9:59am'
    WHEN crash_time BETWEEN 09:59:00 AND 11:00:00 THEN '10am - 10:59am'
    WHEN crash_time BETWEEN 10:59:00 AND 12:00:00 THEN '11am - 11:59am'
    WHEN crash_time BETWEEN 11:59:00 AND 13:00:00 THEN '12pm - 12:59pm'
    WHEN crash_time BETWEEN 12:59:00 AND 14:00:00 THEN '1pm - 1:59pm'
    WHEN crash_time BETWEEN 13:59:00 AND 15:00:00 THEN '2pm - 2:59pm'
    WHEN crash_time BETWEEN 14:59:00 AND 16:00:00 THEN '3pm - 3:59pm'
    WHEN crash_time BETWEEN 15:59:00 AND 17:00:00 THEN '4pm - 4:59pm'
    WHEN crash_time BETWEEN 16:59:00 AND 18:00:00 THEN '5pm - 5:59pm'
    WHEN crash_time BETWEEN 17:59:00 AND 19:00:00 THEN '6pm - 6:59pm'
    WHEN crash_time BETWEEN 18:59:00 AND 20:00:00 THEN '7pm - 7:59pm'
    WHEN crash_time BETWEEN 19:59:00 AND 21:00:00 THEN '8pm - 8:59pm'
    WHEN crash_time BETWEEN 20:59:00 AND 22:00:00 THEN '9pm - 9:59pm'
    WHEN crash_time BETWEEN 21:59:00 AND 23:00:00 THEN '10pm - 10:59pm'
    WHEN crash_time BETWEEN 22:59:00 AND 24:00:00 THEN '11pm - 11:59pm'
    ELSE '12pm - 12:59pm' AS time_brucket,
  COUNT(crash_date) AS total_crashes
FROM
  `nyc-motor-vehicle-collision-12`.`nyc_motor_vehicle_collision_dataset_stg_2025_nyc_crashes`.`stg_2025_nyc_crashes`
GROUP BY crash_time, time_brucket
ORDER BY COUNT(crash_date) DESC
    );
  
[0m20:45:19.436056 [debug] [Thread-1 (]: Opening a new connection, currently in state closed
[0m20:45:20.250754 [debug] [Thread-1 (]: BigQuery adapter: https://console.cloud.google.com/bigquery?project=nyc-motor-vehicle-collision-12&j=bq:US:f366d47a-b0f7-492f-875d-cdc56833d7c8&page=queryresults
[0m20:45:20.254777 [error] [Thread-1 (]: BigQuery adapter: https://console.cloud.google.com/bigquery?project=nyc-motor-vehicle-collision-12&j=bq:US:f366d47a-b0f7-492f-875d-cdc56833d7c8&page=queryresults
[0m20:45:20.290092 [debug] [Thread-1 (]: Database Error in model total_crashes_per_time_of_day (models/mart/total_crashes_per_time_of_day.sql)
  Syntax error: Unexpected identifier "Monthly" at [14:7]
  compiled code at target/run/dbt_nyc_vehicle_crashes/models/mart/total_crashes_per_time_of_day.sql
[0m20:45:20.293131 [debug] [Thread-1 (]: Sending event: {'category': 'dbt', 'action': 'run_model', 'label': 'aa9b7cd0-216a-42b3-813e-9692ba911785', 'context': [<snowplow_tracker.self_describing_json.SelfDescribingJson object at 0x7ab728b823c0>]}
[0m20:45:20.294824 [error] [Thread-1 (]: 6 of 6 ERROR creating sql table model nyc_motor_vehicle_collision_dataset_mart_monthly_crashes.total_crashes_per_time_of_day  [[31mERROR[0m in 0.88s]
[0m20:45:20.296153 [debug] [Thread-1 (]: Finished running node model.dbt_nyc_vehicle_crashes.total_crashes_per_time_of_day
[0m20:45:20.297217 [debug] [Thread-4 (]: Marking all children of 'model.dbt_nyc_vehicle_crashes.total_crashes_per_time_of_day' to be skipped because of status 'error'.  Reason: Database Error in model total_crashes_per_time_of_day (models/mart/total_crashes_per_time_of_day.sql)
  Syntax error: Unexpected identifier "Monthly" at [14:7]
  compiled code at target/run/dbt_nyc_vehicle_crashes/models/mart/total_crashes_per_time_of_day.sql.
[0m20:45:20.300937 [debug] [MainThread]: Opening a new connection, currently in state closed
[0m20:45:20.302101 [debug] [MainThread]: Connection 'master' was properly closed.
[0m20:45:20.305897 [debug] [MainThread]: Connection 'model.dbt_nyc_vehicle_crashes.total_crashes_per_time_of_day' was properly closed.
[0m20:45:20.307348 [info ] [MainThread]: 
[0m20:45:20.308441 [info ] [MainThread]: Finished running 6 table models in 0 hours 0 minutes and 30.82 seconds (30.82s).
[0m20:45:20.311328 [debug] [MainThread]: Command end result
[0m20:45:20.376146 [debug] [MainThread]: Wrote artifact WritableManifest to /home/kwakut/nyc-vehicle-collisions-project/dbt_nyc_vehicle_crashes/target/manifest.json
[0m20:45:20.380097 [debug] [MainThread]: Wrote artifact SemanticManifest to /home/kwakut/nyc-vehicle-collisions-project/dbt_nyc_vehicle_crashes/target/semantic_manifest.json
[0m20:45:20.395869 [debug] [MainThread]: Wrote artifact RunExecutionResult to /home/kwakut/nyc-vehicle-collisions-project/dbt_nyc_vehicle_crashes/target/run_results.json
[0m20:45:20.396746 [info ] [MainThread]: 
[0m20:45:20.397816 [info ] [MainThread]: [31mCompleted with 1 error, 0 partial successes, and 0 warnings:[0m
[0m20:45:20.398613 [info ] [MainThread]: 
[0m20:45:20.399714 [error] [MainThread]: [31mFailure in model total_crashes_per_time_of_day (models/mart/total_crashes_per_time_of_day.sql)[0m
[0m20:45:20.400833 [error] [MainThread]:   Database Error in model total_crashes_per_time_of_day (models/mart/total_crashes_per_time_of_day.sql)
  Syntax error: Unexpected identifier "Monthly" at [14:7]
  compiled code at target/run/dbt_nyc_vehicle_crashes/models/mart/total_crashes_per_time_of_day.sql
[0m20:45:20.401712 [info ] [MainThread]: 
[0m20:45:20.402748 [info ] [MainThread]:   compiled code at target/compiled/dbt_nyc_vehicle_crashes/models/mart/total_crashes_per_time_of_day.sql
[0m20:45:20.403774 [info ] [MainThread]: 
[0m20:45:20.405012 [info ] [MainThread]: Done. PASS=5 WARN=0 ERROR=1 SKIP=0 NO-OP=0 TOTAL=6
[0m20:45:20.406734 [debug] [MainThread]: Resource report: {"command_name": "run", "command_success": false, "command_wall_clock_time": 33.280464, "process_in_blocks": "248", "process_kernel_time": 1.024431, "process_mem_max_rss": "234520", "process_out_blocks": "3856", "process_user_time": 5.820997}
[0m20:45:20.409669 [debug] [MainThread]: Command `dbt run` failed at 20:45:20.407845 after 33.28 seconds
[0m20:45:20.411818 [debug] [MainThread]: Sending event: {'category': 'dbt', 'action': 'invocation', 'label': 'end', 'context': [<snowplow_tracker.self_describing_json.SelfDescribingJson object at 0x7ab74a02d550>, <snowplow_tracker.self_describing_json.SelfDescribingJson object at 0x7ab749fa4bc0>, <snowplow_tracker.self_describing_json.SelfDescribingJson object at 0x7ab74955b560>]}
[0m20:45:20.416281 [debug] [MainThread]: Flushing usage events
[0m20:45:21.681367 [debug] [MainThread]: An error was encountered while trying to flush usage events
[0m20:45:46.331557 [debug] [MainThread]: Sending event: {'category': 'dbt', 'action': 'invocation', 'label': 'start', 'context': [<snowplow_tracker.self_describing_json.SelfDescribingJson object at 0x71ebb660de50>, <snowplow_tracker.self_describing_json.SelfDescribingJson object at 0x71ebb6130ef0>, <snowplow_tracker.self_describing_json.SelfDescribingJson object at 0x71ebb6c254c0>]}


============================== 20:45:46.336075 | fbcf3091-a261-4742-bd19-ce2a21299804 ==============================
[0m20:45:46.336075 [info ] [MainThread]: Running with dbt=1.11.8
[0m20:45:46.337015 [debug] [MainThread]: running dbt with arguments {'empty': 'False', 'log_format': 'default', 'indirect_selection': 'eager', 'write_json': 'True', 'warn_error': 'None', 'fail_fast': 'False', 'printer_width': '80', 'introspect': 'True', 'debug': 'False', 'use_colors': 'True', 'use_experimental_parser': 'False', 'cache_selected_only': 'False', 'version_check': 'True', 'quiet': 'False', 'log_cache_events': 'False', 'static_parser': 'True', 'log_path': '/home/kwakut/nyc-vehicle-collisions-project/dbt_nyc_vehicle_crashes/logs', 'partial_parse': 'True', 'profiles_dir': '/home/kwakut/.dbt', 'target_path': 'None', 'invocation_command': 'dbt run', 'no_print': 'None', 'send_anonymous_usage_stats': 'True', 'warn_error_options': 'WarnErrorOptionsV2(error=[], warn=[], silence=[])'}
[0m20:45:47.494729 [debug] [MainThread]: Sending event: {'category': 'dbt', 'action': 'project_id', 'label': 'fbcf3091-a261-4742-bd19-ce2a21299804', 'context': [<snowplow_tracker.self_describing_json.SelfDescribingJson object at 0x71ebb88e8950>]}
[0m20:45:47.589590 [debug] [MainThread]: Sending event: {'category': 'dbt', 'action': 'adapter_info', 'label': 'fbcf3091-a261-4742-bd19-ce2a21299804', 'context': [<snowplow_tracker.self_describing_json.SelfDescribingJson object at 0x71eb9cdd62d0>]}
[0m20:45:47.590445 [info ] [MainThread]: Registered adapter: bigquery=1.11.1
[0m20:45:47.760144 [debug] [MainThread]: checksum: 7d524ac048c2100769df89d592e662e060a73ca564e31bd9c2a37efdfe8d8ab6, vars: {}, profile: , target: , version: 1.11.8
[0m20:45:48.108506 [debug] [MainThread]: Partial parsing enabled: 0 files deleted, 0 files added, 1 files changed.
[0m20:45:48.110186 [debug] [MainThread]: Partial parsing: updated file: dbt_nyc_vehicle_crashes://models/mart/total_crashes_per_time_of_day.sql
[0m20:45:48.590300 [debug] [MainThread]: Sending event: {'category': 'dbt', 'action': 'load_project', 'label': 'fbcf3091-a261-4742-bd19-ce2a21299804', 'context': [<snowplow_tracker.self_describing_json.SelfDescribingJson object at 0x71eb9c189610>]}
[0m20:45:48.727299 [debug] [MainThread]: Wrote artifact WritableManifest to /home/kwakut/nyc-vehicle-collisions-project/dbt_nyc_vehicle_crashes/target/manifest.json
[0m20:45:48.732735 [debug] [MainThread]: Wrote artifact SemanticManifest to /home/kwakut/nyc-vehicle-collisions-project/dbt_nyc_vehicle_crashes/target/semantic_manifest.json
[0m20:45:48.753324 [debug] [MainThread]: Sending event: {'category': 'dbt', 'action': 'resource_counts', 'label': 'fbcf3091-a261-4742-bd19-ce2a21299804', 'context': [<snowplow_tracker.self_describing_json.SelfDescribingJson object at 0x71eb9c140230>]}
[0m20:45:48.754891 [info ] [MainThread]: Found 6 models, 2 data tests, 1 source, 539 macros
[0m20:45:48.756093 [debug] [MainThread]: Sending event: {'category': 'dbt', 'action': 'runnable_timing', 'label': 'fbcf3091-a261-4742-bd19-ce2a21299804', 'context': [<snowplow_tracker.self_describing_json.SelfDescribingJson object at 0x71eb9d3f54c0>]}
[0m20:45:48.760375 [info ] [MainThread]: 
[0m20:45:48.761360 [info ] [MainThread]: Concurrency: 1 threads (target='dev')
[0m20:45:48.762168 [info ] [MainThread]: 
[0m20:45:48.763584 [debug] [MainThread]: Acquiring new bigquery connection 'master'
[0m20:45:48.774362 [debug] [ThreadPool]: Acquiring new bigquery connection 'list_nyc-motor-vehicle-collision-12'
[0m20:45:48.775790 [debug] [ThreadPool]: Opening a new connection, currently in state init
[0m20:45:51.481907 [debug] [ThreadPool]: Opening a new connection, currently in state closed
[0m20:45:52.437788 [debug] [ThreadPool]: Re-using an available connection from the pool (formerly list_nyc-motor-vehicle-collision-12, now list_nyc-motor-vehicle-collision-12_nyc_motor_vehicle_collision_dataset_stg_2025_nyc_crashes)
[0m20:45:52.440924 [debug] [ThreadPool]: Opening a new connection, currently in state closed
[0m20:45:53.334114 [debug] [ThreadPool]: Re-using an available connection from the pool (formerly list_nyc-motor-vehicle-collision-12_nyc_motor_vehicle_collision_dataset_stg_2025_nyc_crashes, now list_nyc-motor-vehicle-collision-12_nyc_motor_vehicle_collision_dataset_mart_monthly_crashes)
[0m20:45:53.336459 [debug] [ThreadPool]: Opening a new connection, currently in state closed
[0m20:45:54.377720 [debug] [MainThread]: Sending event: {'category': 'dbt', 'action': 'runnable_timing', 'label': 'fbcf3091-a261-4742-bd19-ce2a21299804', 'context': [<snowplow_tracker.self_describing_json.SelfDescribingJson object at 0x71eb9c141940>]}
[0m20:45:54.380827 [debug] [MainThread]: Opening a new connection, currently in state init
[0m20:45:54.401690 [debug] [Thread-1 (]: Began running node model.dbt_nyc_vehicle_crashes.stg_2025_nyc_crashes
[0m20:45:54.404783 [info ] [Thread-1 (]: 1 of 6 START sql table model nyc_motor_vehicle_collision_dataset_stg_2025_nyc_crashes.stg_2025_nyc_crashes  [RUN]
[0m20:45:54.406448 [debug] [Thread-1 (]: Re-using an available connection from the pool (formerly list_nyc-motor-vehicle-collision-12_nyc_motor_vehicle_collision_dataset_mart_monthly_crashes, now model.dbt_nyc_vehicle_crashes.stg_2025_nyc_crashes)
[0m20:45:54.407730 [debug] [Thread-1 (]: Began compiling node model.dbt_nyc_vehicle_crashes.stg_2025_nyc_crashes
[0m20:45:54.425015 [debug] [Thread-1 (]: Writing injected SQL for node "model.dbt_nyc_vehicle_crashes.stg_2025_nyc_crashes"
[0m20:45:54.430579 [debug] [Thread-1 (]: Began executing node model.dbt_nyc_vehicle_crashes.stg_2025_nyc_crashes
[0m20:45:54.463609 [debug] [Thread-1 (]: Opening a new connection, currently in state closed
[0m20:45:55.371837 [debug] [Thread-1 (]: Writing runtime sql for node "model.dbt_nyc_vehicle_crashes.stg_2025_nyc_crashes"
[0m20:45:55.373086 [debug] [Thread-1 (]: On model.dbt_nyc_vehicle_crashes.stg_2025_nyc_crashes: /* {"app": "dbt", "dbt_version": "1.11.8", "profile_name": "dbt_nyc_vehicle_crashes", "target_name": "dev", "node_id": "model.dbt_nyc_vehicle_crashes.stg_2025_nyc_crashes"} */

  
    

    create or replace table `nyc-motor-vehicle-collision-12`.`nyc_motor_vehicle_collision_dataset_stg_2025_nyc_crashes`.`stg_2025_nyc_crashes`
      
    
    

    
    OPTIONS()
    as (
      WITH source AS (

    SELECT
        DATE(SUBSTR(crash_date, 1, 10)) AS crash_date,
        SAFE.PARSE_TIME('%H:%M', crash_time) AS crash_time,
        on_street_name,
        off_street_name,
        SAFE_CAST(number_of_persons_injured AS INT64) AS number_of_persons_injured,
        SAFE_CAST(number_of_persons_killed AS INT64) AS number_of_persons_killed,
        SAFE_CAST(number_of_pedestrians_injured AS INT64) AS number_of_pedestrians_injured,
        SAFE_CAST(number_of_pedestrians_killed AS INT64) AS number_of_pedestrians_killed,
        SAFE_CAST(number_of_cyclist_injured AS INT64) AS number_of_cyclist_injured,
        SAFE_CAST(number_of_cyclist_killed AS INT64) AS number_of_cyclist_killed,
        SAFE_CAST(number_of_motorist_injured AS INT64) AS number_of_motorist_injured,
        SAFE_CAST(number_of_motorist_killed AS INT64) AS number_of_motorist_killed,
        contributing_factor_vehicle_1,
        contributing_factor_vehicle_2,
        CAST(collision_id AS INT64) AS collision_id,
        vehicle_type_code1 AS vehicle_type_code_1,
        vehicle_type_code2 AS vehicle_type_code_2,
        borough,
        zip_code,
        SAFE_CAST(latitude AS FLOAT64) AS latitude,
        SAFE_CAST(longitude AS FLOAT64) AS longitude,
        location,
        contributing_factor_vehicle_3,
        vehicle_type_code_3,
        cross_street_name,
        contributing_factor_vehicle_4,
        vehicle_type_code_4,
        contributing_factor_vehicle_5,
        vehicle_type_code_5
    FROM `nyc-motor-vehicle-collision-12`.`nyc_motor_vehicle_collision_dataset`.`nyc_motor_crashes`
)
SELECT 
    *,
    current_timestamp() AS ingestion_timestamp 
FROM source
    );
  
[0m20:45:56.051155 [debug] [Thread-1 (]: BigQuery adapter: https://console.cloud.google.com/bigquery?project=nyc-motor-vehicle-collision-12&j=bq:US:4f9c9de4-9137-4973-9675-374203336fbd&page=queryresults
[0m20:45:59.080756 [debug] [Thread-1 (]: SQL status: OK in 3.026 seconds
[0m20:45:59.548333 [debug] [Thread-1 (]: Sending event: {'category': 'dbt', 'action': 'run_model', 'label': 'fbcf3091-a261-4742-bd19-ce2a21299804', 'context': [<snowplow_tracker.self_describing_json.SelfDescribingJson object at 0x71ebb6b6a0c0>]}
[0m20:45:59.549303 [info ] [Thread-1 (]: 1 of 6 OK created sql table model nyc_motor_vehicle_collision_dataset_stg_2025_nyc_crashes.stg_2025_nyc_crashes  [[32mCREATE TABLE (85.5k rows, 22.6 MiB processed)[0m in 5.14s]
[0m20:45:59.550275 [debug] [Thread-1 (]: Finished running node model.dbt_nyc_vehicle_crashes.stg_2025_nyc_crashes
[0m20:45:59.552063 [debug] [Thread-1 (]: Began running node model.dbt_nyc_vehicle_crashes.daily_crashes
[0m20:45:59.552843 [info ] [Thread-1 (]: 2 of 6 START sql table model nyc_motor_vehicle_collision_dataset_mart_monthly_crashes.daily_crashes  [RUN]
[0m20:45:59.553609 [debug] [Thread-1 (]: Re-using an available connection from the pool (formerly model.dbt_nyc_vehicle_crashes.stg_2025_nyc_crashes, now model.dbt_nyc_vehicle_crashes.daily_crashes)
[0m20:45:59.554137 [debug] [Thread-1 (]: Began compiling node model.dbt_nyc_vehicle_crashes.daily_crashes
[0m20:45:59.563466 [debug] [Thread-1 (]: Writing injected SQL for node "model.dbt_nyc_vehicle_crashes.daily_crashes"
[0m20:45:59.564501 [debug] [Thread-1 (]: Began executing node model.dbt_nyc_vehicle_crashes.daily_crashes
[0m20:45:59.568315 [debug] [Thread-1 (]: Opening a new connection, currently in state closed
[0m20:46:00.462828 [debug] [Thread-1 (]: Writing runtime sql for node "model.dbt_nyc_vehicle_crashes.daily_crashes"
[0m20:46:00.468361 [debug] [Thread-1 (]: On model.dbt_nyc_vehicle_crashes.daily_crashes: /* {"app": "dbt", "dbt_version": "1.11.8", "profile_name": "dbt_nyc_vehicle_crashes", "target_name": "dev", "node_id": "model.dbt_nyc_vehicle_crashes.daily_crashes"} */

  
    

    create or replace table `nyc-motor-vehicle-collision-12`.`nyc_motor_vehicle_collision_dataset_mart_monthly_crashes`.`daily_crashes`
      
    
    

    
    OPTIONS()
    as (
      # Which day of the week has the highest number of accidents in Nyc.

SELECT
  FORMAT_DATE('%A', crash_date) AS day_name,
  COUNT(crash_date) AS total_crashes
FROM
  `nyc-motor-vehicle-collision-12`.`nyc_motor_vehicle_collision_dataset_stg_2025_nyc_crashes`.`stg_2025_nyc_crashes`
GROUP BY day_name
ORDER BY COUNT(crash_date) DESC
    );
  
[0m20:46:01.048668 [debug] [Thread-1 (]: BigQuery adapter: https://console.cloud.google.com/bigquery?project=nyc-motor-vehicle-collision-12&j=bq:US:4d012aba-b65a-40f7-8442-ca06ae6dbe55&page=queryresults
[0m20:46:03.040355 [debug] [Thread-1 (]: SQL status: OK in 1.988 seconds
[0m20:46:03.430028 [debug] [Thread-1 (]: Sending event: {'category': 'dbt', 'action': 'run_model', 'label': 'fbcf3091-a261-4742-bd19-ce2a21299804', 'context': [<snowplow_tracker.self_describing_json.SelfDescribingJson object at 0x71ebb5cd4590>]}
[0m20:46:03.433764 [info ] [Thread-1 (]: 2 of 6 OK created sql table model nyc_motor_vehicle_collision_dataset_mart_monthly_crashes.daily_crashes  [[32mCREATE TABLE (7.0 rows, 668.3 KiB processed)[0m in 3.87s]
[0m20:46:03.437952 [debug] [Thread-1 (]: Finished running node model.dbt_nyc_vehicle_crashes.daily_crashes
[0m20:46:03.441813 [debug] [Thread-1 (]: Began running node model.dbt_nyc_vehicle_crashes.monthly_crashes
[0m20:46:03.447225 [info ] [Thread-1 (]: 3 of 6 START sql table model nyc_motor_vehicle_collision_dataset_mart_monthly_crashes.monthly_crashes  [RUN]
[0m20:46:03.453580 [debug] [Thread-1 (]: Re-using an available connection from the pool (formerly model.dbt_nyc_vehicle_crashes.daily_crashes, now model.dbt_nyc_vehicle_crashes.monthly_crashes)
[0m20:46:03.457522 [debug] [Thread-1 (]: Began compiling node model.dbt_nyc_vehicle_crashes.monthly_crashes
[0m20:46:03.484508 [debug] [Thread-1 (]: Writing injected SQL for node "model.dbt_nyc_vehicle_crashes.monthly_crashes"
[0m20:46:03.494459 [debug] [Thread-1 (]: Began executing node model.dbt_nyc_vehicle_crashes.monthly_crashes
[0m20:46:03.513243 [debug] [Thread-1 (]: Opening a new connection, currently in state closed
[0m20:46:04.437427 [debug] [Thread-1 (]: Writing runtime sql for node "model.dbt_nyc_vehicle_crashes.monthly_crashes"
[0m20:46:04.439170 [debug] [Thread-1 (]: On model.dbt_nyc_vehicle_crashes.monthly_crashes: /* {"app": "dbt", "dbt_version": "1.11.8", "profile_name": "dbt_nyc_vehicle_crashes", "target_name": "dev", "node_id": "model.dbt_nyc_vehicle_crashes.monthly_crashes"} */

  
    

    create or replace table `nyc-motor-vehicle-collision-12`.`nyc_motor_vehicle_collision_dataset_mart_monthly_crashes`.`monthly_crashes`
      
    
    

    
    OPTIONS()
    as (
      # Monthly crashes in Nyc 

SELECT
  FORMAT_DATE('%B', crash_date) AS month_name,
  COUNT(crash_date) AS total_crashes
FROM
  `nyc-motor-vehicle-collision-12`.`nyc_motor_vehicle_collision_dataset_stg_2025_nyc_crashes`.`stg_2025_nyc_crashes`
GROUP BY month_name
ORDER BY COUNT(crash_date) DESC
    );
  
[0m20:46:05.149163 [debug] [Thread-1 (]: BigQuery adapter: https://console.cloud.google.com/bigquery?project=nyc-motor-vehicle-collision-12&j=bq:US:9ad822e3-1041-4b8c-86be-9c32673cbb13&page=queryresults
[0m20:46:06.979635 [debug] [Thread-1 (]: SQL status: OK in 1.827 seconds
[0m20:46:07.362647 [debug] [Thread-1 (]: Sending event: {'category': 'dbt', 'action': 'run_model', 'label': 'fbcf3091-a261-4742-bd19-ce2a21299804', 'context': [<snowplow_tracker.self_describing_json.SelfDescribingJson object at 0x71eb957f55b0>]}
[0m20:46:07.366937 [info ] [Thread-1 (]: 3 of 6 OK created sql table model nyc_motor_vehicle_collision_dataset_mart_monthly_crashes.monthly_crashes  [[32mCREATE TABLE (12.0 rows, 668.3 KiB processed)[0m in 3.91s]
[0m20:46:07.372922 [debug] [Thread-1 (]: Finished running node model.dbt_nyc_vehicle_crashes.monthly_crashes
[0m20:46:07.376981 [debug] [Thread-1 (]: Began running node model.dbt_nyc_vehicle_crashes.street_with_most_crashes
[0m20:46:07.382702 [info ] [Thread-1 (]: 4 of 6 START sql table model nyc_motor_vehicle_collision_dataset_mart_monthly_crashes.street_with_most_crashes  [RUN]
[0m20:46:07.387254 [debug] [Thread-1 (]: Re-using an available connection from the pool (formerly model.dbt_nyc_vehicle_crashes.monthly_crashes, now model.dbt_nyc_vehicle_crashes.street_with_most_crashes)
[0m20:46:07.388965 [debug] [Thread-1 (]: Began compiling node model.dbt_nyc_vehicle_crashes.street_with_most_crashes
[0m20:46:07.396895 [debug] [Thread-1 (]: Writing injected SQL for node "model.dbt_nyc_vehicle_crashes.street_with_most_crashes"
[0m20:46:07.398354 [debug] [Thread-1 (]: Began executing node model.dbt_nyc_vehicle_crashes.street_with_most_crashes
[0m20:46:07.408272 [debug] [Thread-1 (]: Opening a new connection, currently in state closed
[0m20:46:08.341499 [debug] [Thread-1 (]: Writing runtime sql for node "model.dbt_nyc_vehicle_crashes.street_with_most_crashes"
[0m20:46:08.344890 [debug] [Thread-1 (]: On model.dbt_nyc_vehicle_crashes.street_with_most_crashes: /* {"app": "dbt", "dbt_version": "1.11.8", "profile_name": "dbt_nyc_vehicle_crashes", "target_name": "dev", "node_id": "model.dbt_nyc_vehicle_crashes.street_with_most_crashes"} */

  
    

    create or replace table `nyc-motor-vehicle-collision-12`.`nyc_motor_vehicle_collision_dataset_mart_monthly_crashes`.`street_with_most_crashes`
      
    
    

    
    OPTIONS()
    as (
      # Most common streets where crashes happen in Nyc 

SELECT
  on_street_name,
  COUNT(crash_date) AS total_crashes
FROM
  `nyc-motor-vehicle-collision-12`.`nyc_motor_vehicle_collision_dataset_stg_2025_nyc_crashes`.`stg_2025_nyc_crashes`
GROUP BY on_street_name
ORDER BY COUNT(crash_date) DESC
    );
  
[0m20:46:08.948845 [debug] [Thread-1 (]: BigQuery adapter: https://console.cloud.google.com/bigquery?project=nyc-motor-vehicle-collision-12&j=bq:US:e2c260ad-c1fe-49de-bee6-f43c7c472658&page=queryresults
[0m20:46:10.695268 [debug] [Thread-1 (]: SQL status: OK in 1.743 seconds
[0m20:46:11.119451 [debug] [Thread-1 (]: Sending event: {'category': 'dbt', 'action': 'run_model', 'label': 'fbcf3091-a261-4742-bd19-ce2a21299804', 'context': [<snowplow_tracker.self_describing_json.SelfDescribingJson object at 0x71eb957f55b0>]}
[0m20:46:11.125238 [info ] [Thread-1 (]: 4 of 6 OK created sql table model nyc_motor_vehicle_collision_dataset_mart_monthly_crashes.street_with_most_crashes  [[32mCREATE TABLE (4.3k rows, 1.6 MiB processed)[0m in 3.73s]
[0m20:46:11.128604 [debug] [Thread-1 (]: Finished running node model.dbt_nyc_vehicle_crashes.street_with_most_crashes
[0m20:46:11.130571 [debug] [Thread-1 (]: Began running node model.dbt_nyc_vehicle_crashes.total_crashes_by_borough
[0m20:46:11.132522 [info ] [Thread-1 (]: 5 of 6 START sql table model nyc_motor_vehicle_collision_dataset_mart_monthly_crashes.total_crashes_by_borough  [RUN]
[0m20:46:11.134666 [debug] [Thread-1 (]: Re-using an available connection from the pool (formerly model.dbt_nyc_vehicle_crashes.street_with_most_crashes, now model.dbt_nyc_vehicle_crashes.total_crashes_by_borough)
[0m20:46:11.136610 [debug] [Thread-1 (]: Began compiling node model.dbt_nyc_vehicle_crashes.total_crashes_by_borough
[0m20:46:11.152170 [debug] [Thread-1 (]: Writing injected SQL for node "model.dbt_nyc_vehicle_crashes.total_crashes_by_borough"
[0m20:46:11.153980 [debug] [Thread-1 (]: Began executing node model.dbt_nyc_vehicle_crashes.total_crashes_by_borough
[0m20:46:11.165938 [debug] [Thread-1 (]: Opening a new connection, currently in state closed
[0m20:46:12.122140 [debug] [Thread-1 (]: Writing runtime sql for node "model.dbt_nyc_vehicle_crashes.total_crashes_by_borough"
[0m20:46:12.124084 [debug] [Thread-1 (]: On model.dbt_nyc_vehicle_crashes.total_crashes_by_borough: /* {"app": "dbt", "dbt_version": "1.11.8", "profile_name": "dbt_nyc_vehicle_crashes", "target_name": "dev", "node_id": "model.dbt_nyc_vehicle_crashes.total_crashes_by_borough"} */

  
    

    create or replace table `nyc-motor-vehicle-collision-12`.`nyc_motor_vehicle_collision_dataset_mart_monthly_crashes`.`total_crashes_by_borough`
      
    
    

    
    OPTIONS()
    as (
      # Total crashes by Borough in Nyc 

SELECT
  Borough,
  COUNT(crash_date) AS total_crashes
FROM
  `nyc-motor-vehicle-collision-12`.`nyc_motor_vehicle_collision_dataset_stg_2025_nyc_crashes`.`stg_2025_nyc_crashes`
GROUP BY Borough
ORDER BY COUNT(crash_date) DESC
    );
  
[0m20:46:12.690398 [debug] [Thread-1 (]: BigQuery adapter: https://console.cloud.google.com/bigquery?project=nyc-motor-vehicle-collision-12&j=bq:US:017f6fe6-e99f-40f9-9a2f-3b8a6231171b&page=queryresults
[0m20:46:14.964462 [debug] [Thread-1 (]: SQL status: OK in 2.272 seconds
[0m20:46:15.369789 [debug] [Thread-1 (]: Sending event: {'category': 'dbt', 'action': 'run_model', 'label': 'fbcf3091-a261-4742-bd19-ce2a21299804', 'context': [<snowplow_tracker.self_describing_json.SelfDescribingJson object at 0x71eb957cf920>]}
[0m20:46:15.373988 [info ] [Thread-1 (]: 5 of 6 OK created sql table model nyc_motor_vehicle_collision_dataset_mart_monthly_crashes.total_crashes_by_borough  [[32mCREATE TABLE (6.0 rows, 1.4 MiB processed)[0m in 4.23s]
[0m20:46:15.378037 [debug] [Thread-1 (]: Finished running node model.dbt_nyc_vehicle_crashes.total_crashes_by_borough
[0m20:46:15.381007 [debug] [Thread-1 (]: Began running node model.dbt_nyc_vehicle_crashes.total_crashes_per_time_of_day
[0m20:46:15.388341 [info ] [Thread-1 (]: 6 of 6 START sql table model nyc_motor_vehicle_collision_dataset_mart_monthly_crashes.total_crashes_per_time_of_day  [RUN]
[0m20:46:15.400523 [debug] [Thread-1 (]: Re-using an available connection from the pool (formerly model.dbt_nyc_vehicle_crashes.total_crashes_by_borough, now model.dbt_nyc_vehicle_crashes.total_crashes_per_time_of_day)
[0m20:46:15.405432 [debug] [Thread-1 (]: Began compiling node model.dbt_nyc_vehicle_crashes.total_crashes_per_time_of_day
[0m20:46:15.442646 [debug] [Thread-1 (]: Writing injected SQL for node "model.dbt_nyc_vehicle_crashes.total_crashes_per_time_of_day"
[0m20:46:15.446791 [debug] [Thread-1 (]: Began executing node model.dbt_nyc_vehicle_crashes.total_crashes_per_time_of_day
[0m20:46:15.465722 [debug] [Thread-1 (]: Writing runtime sql for node "model.dbt_nyc_vehicle_crashes.total_crashes_per_time_of_day"
[0m20:46:15.468834 [debug] [Thread-1 (]: On model.dbt_nyc_vehicle_crashes.total_crashes_per_time_of_day: /* {"app": "dbt", "dbt_version": "1.11.8", "profile_name": "dbt_nyc_vehicle_crashes", "target_name": "dev", "node_id": "model.dbt_nyc_vehicle_crashes.total_crashes_per_time_of_day"} */

  
    

    create or replace table `nyc-motor-vehicle-collision-12`.`nyc_motor_vehicle_collision_dataset_mart_monthly_crashes`.`total_crashes_per_time_of_day`
      
    
    

    
    OPTIONS()
    as (
      # Monthly crashes in Nyc 

SELECT
  crash_time,
  CASE
    WHEN crash_time < 01:00:00 THEN '12am - 12:59am'
    WHEN crash_time BETWEEN 12:59:00 AND 02:00:00 THEN '1am - 1:59am'
    WHEN crash_time BETWEEN 01:59:00 AND 03:00:00 THEN '2am - 2:59am'
    WHEN crash_time BETWEEN 02:59:00 AND 04:00:00 THEN '3am - 3:59am'
    WHEN crash_time BETWEEN 03:59:00 and 05:00:00 THEN '4am - 4:59am'
    WHEN crash_time BETWEEN 04:59:00 AND 06:00:00 THEN '5am - 5:59am'
    WHEN crash_time BETWEEN 05:59:00 AND 07:00:00 THEN '6am - 6:59am'
    WHEN crash_time BETWEEN 06:59:00 AND 08:00:00 THEN '7am - 7:59am'
    WHEN crash_time BETWEEN 07:59:00 AND 09:00:00 THEN '8am - 8:59am'
    WHEN crash_time BETWEEN 08:59:00 AND 10:00:00 THEN '9am - 9:59am'
    WHEN crash_time BETWEEN 09:59:00 AND 11:00:00 THEN '10am - 10:59am'
    WHEN crash_time BETWEEN 10:59:00 AND 12:00:00 THEN '11am - 11:59am'
    WHEN crash_time BETWEEN 11:59:00 AND 13:00:00 THEN '12pm - 12:59pm'
    WHEN crash_time BETWEEN 12:59:00 AND 14:00:00 THEN '1pm - 1:59pm'
    WHEN crash_time BETWEEN 13:59:00 AND 15:00:00 THEN '2pm - 2:59pm'
    WHEN crash_time BETWEEN 14:59:00 AND 16:00:00 THEN '3pm - 3:59pm'
    WHEN crash_time BETWEEN 15:59:00 AND 17:00:00 THEN '4pm - 4:59pm'
    WHEN crash_time BETWEEN 16:59:00 AND 18:00:00 THEN '5pm - 5:59pm'
    WHEN crash_time BETWEEN 17:59:00 AND 19:00:00 THEN '6pm - 6:59pm'
    WHEN crash_time BETWEEN 18:59:00 AND 20:00:00 THEN '7pm - 7:59pm'
    WHEN crash_time BETWEEN 19:59:00 AND 21:00:00 THEN '8pm - 8:59pm'
    WHEN crash_time BETWEEN 20:59:00 AND 22:00:00 THEN '9pm - 9:59pm'
    WHEN crash_time BETWEEN 21:59:00 AND 23:00:00 THEN '10pm - 10:59pm'
    WHEN crash_time BETWEEN 22:59:00 AND 24:00:00 THEN '11pm - 11:59pm'
    ELSE '12pm - 12:59pm' AS time_brucket,
  COUNT(crash_date) AS total_crashes
FROM
  `nyc-motor-vehicle-collision-12`.`nyc_motor_vehicle_collision_dataset_stg_2025_nyc_crashes`.`stg_2025_nyc_crashes`
GROUP BY crash_time, time_brucket
ORDER BY COUNT(crash_date) DESC
    );
  
[0m20:46:15.470810 [debug] [Thread-1 (]: Opening a new connection, currently in state closed
[0m20:46:16.353616 [debug] [Thread-1 (]: BigQuery adapter: https://console.cloud.google.com/bigquery?project=nyc-motor-vehicle-collision-12&j=bq:US:aa55ed95-dcfb-4d8f-9666-2b5970d85b2a&page=queryresults
[0m20:46:16.361303 [error] [Thread-1 (]: BigQuery adapter: https://console.cloud.google.com/bigquery?project=nyc-motor-vehicle-collision-12&j=bq:US:aa55ed95-dcfb-4d8f-9666-2b5970d85b2a&page=queryresults
[0m20:46:16.397985 [debug] [Thread-1 (]: Database Error in model total_crashes_per_time_of_day (models/mart/total_crashes_per_time_of_day.sql)
  Syntax error: Expected keyword THEN but got ":" at [19:25]
  compiled code at target/run/dbt_nyc_vehicle_crashes/models/mart/total_crashes_per_time_of_day.sql
[0m20:46:16.400387 [debug] [Thread-1 (]: Sending event: {'category': 'dbt', 'action': 'run_model', 'label': 'fbcf3091-a261-4742-bd19-ce2a21299804', 'context': [<snowplow_tracker.self_describing_json.SelfDescribingJson object at 0x71eb956d0920>]}
[0m20:46:16.403045 [error] [Thread-1 (]: 6 of 6 ERROR creating sql table model nyc_motor_vehicle_collision_dataset_mart_monthly_crashes.total_crashes_per_time_of_day  [[31mERROR[0m in 1.00s]
[0m20:46:16.405253 [debug] [Thread-1 (]: Finished running node model.dbt_nyc_vehicle_crashes.total_crashes_per_time_of_day
[0m20:46:16.408659 [debug] [Thread-4 (]: Marking all children of 'model.dbt_nyc_vehicle_crashes.total_crashes_per_time_of_day' to be skipped because of status 'error'.  Reason: Database Error in model total_crashes_per_time_of_day (models/mart/total_crashes_per_time_of_day.sql)
  Syntax error: Expected keyword THEN but got ":" at [19:25]
  compiled code at target/run/dbt_nyc_vehicle_crashes/models/mart/total_crashes_per_time_of_day.sql.
[0m20:46:16.413545 [debug] [MainThread]: Opening a new connection, currently in state closed
[0m20:46:16.414857 [debug] [MainThread]: Connection 'master' was properly closed.
[0m20:46:16.415403 [debug] [MainThread]: Connection 'model.dbt_nyc_vehicle_crashes.total_crashes_per_time_of_day' was properly closed.
[0m20:46:16.416176 [info ] [MainThread]: 
[0m20:46:16.416792 [info ] [MainThread]: Finished running 6 table models in 0 hours 0 minutes and 27.65 seconds (27.65s).
[0m20:46:16.418862 [debug] [MainThread]: Command end result
[0m20:46:16.479365 [debug] [MainThread]: Wrote artifact WritableManifest to /home/kwakut/nyc-vehicle-collisions-project/dbt_nyc_vehicle_crashes/target/manifest.json
[0m20:46:16.481695 [debug] [MainThread]: Wrote artifact SemanticManifest to /home/kwakut/nyc-vehicle-collisions-project/dbt_nyc_vehicle_crashes/target/semantic_manifest.json
[0m20:46:16.490006 [debug] [MainThread]: Wrote artifact RunExecutionResult to /home/kwakut/nyc-vehicle-collisions-project/dbt_nyc_vehicle_crashes/target/run_results.json
[0m20:46:16.490995 [info ] [MainThread]: 
[0m20:46:16.493712 [info ] [MainThread]: [31mCompleted with 1 error, 0 partial successes, and 0 warnings:[0m
[0m20:46:16.494529 [info ] [MainThread]: 
[0m20:46:16.495315 [error] [MainThread]: [31mFailure in model total_crashes_per_time_of_day (models/mart/total_crashes_per_time_of_day.sql)[0m
[0m20:46:16.496105 [error] [MainThread]:   Database Error in model total_crashes_per_time_of_day (models/mart/total_crashes_per_time_of_day.sql)
  Syntax error: Expected keyword THEN but got ":" at [19:25]
  compiled code at target/run/dbt_nyc_vehicle_crashes/models/mart/total_crashes_per_time_of_day.sql
[0m20:46:16.496681 [info ] [MainThread]: 
[0m20:46:16.497393 [info ] [MainThread]:   compiled code at target/compiled/dbt_nyc_vehicle_crashes/models/mart/total_crashes_per_time_of_day.sql
[0m20:46:16.498069 [info ] [MainThread]: 
[0m20:46:16.498873 [info ] [MainThread]: Done. PASS=5 WARN=0 ERROR=1 SKIP=0 NO-OP=0 TOTAL=6
[0m20:46:16.500495 [debug] [MainThread]: Resource report: {"command_name": "run", "command_success": false, "command_wall_clock_time": 30.244535, "process_in_blocks": "784", "process_kernel_time": 0.685902, "process_mem_max_rss": "234664", "process_out_blocks": "3856", "process_user_time": 6.169131}
[0m20:46:16.502175 [debug] [MainThread]: Command `dbt run` failed at 20:46:16.501895 after 30.25 seconds
[0m20:46:16.502970 [debug] [MainThread]: Sending event: {'category': 'dbt', 'action': 'invocation', 'label': 'end', 'context': [<snowplow_tracker.self_describing_json.SelfDescribingJson object at 0x71eb9d5ea540>, <snowplow_tracker.self_describing_json.SelfDescribingJson object at 0x71ebb79ab020>, <snowplow_tracker.self_describing_json.SelfDescribingJson object at 0x71ebb6c252b0>]}
[0m20:46:16.503860 [debug] [MainThread]: Flushing usage events
[0m20:46:17.971682 [debug] [MainThread]: An error was encountered while trying to flush usage events
[0m09:18:01.505713 [debug] [MainThread]: Sending event: {'category': 'dbt', 'action': 'invocation', 'label': 'start', 'context': [<snowplow_tracker.self_describing_json.SelfDescribingJson object at 0x74b91ad3c230>, <snowplow_tracker.self_describing_json.SelfDescribingJson object at 0x74b91b190500>, <snowplow_tracker.self_describing_json.SelfDescribingJson object at 0x74b91b843c80>]}


============================== 09:18:01.520940 | 6c254958-e33a-44d0-9e88-2ca5d07eb3b8 ==============================
[0m09:18:01.520940 [info ] [MainThread]: Running with dbt=1.11.8
[0m09:18:01.522569 [debug] [MainThread]: running dbt with arguments {'use_experimental_parser': 'False', 'printer_width': '80', 'write_json': 'True', 'fail_fast': 'False', 'introspect': 'True', 'log_cache_events': 'False', 'quiet': 'False', 'static_parser': 'True', 'partial_parse': 'True', 'debug': 'False', 'log_path': '/home/kwakut/nyc-vehicle-collisions-project/dbt_nyc_vehicle_crashes/logs', 'empty': 'None', 'version_check': 'True', 'target_path': 'None', 'no_print': 'None', 'warn_error_options': 'WarnErrorOptionsV2(error=[], warn=[], silence=[])', 'invocation_command': 'dbt debug', 'indirect_selection': 'eager', 'send_anonymous_usage_stats': 'True', 'warn_error': 'None', 'profiles_dir': '/home/kwakut/.dbt', 'cache_selected_only': 'False', 'log_format': 'default', 'use_colors': 'True'}
[0m09:18:01.591367 [info ] [MainThread]: dbt version: 1.11.8
[0m09:18:01.593002 [info ] [MainThread]: python version: 3.12.3
[0m09:18:01.594145 [info ] [MainThread]: python path: /home/kwakut/nyc-vehicle-collisions-project/dbt-env/bin/python3
[0m09:18:01.596998 [info ] [MainThread]: os info: Linux-6.6.87.2-microsoft-standard-WSL2-x86_64-with-glibc2.39
[0m09:18:06.540378 [info ] [MainThread]: Using profiles dir at /home/kwakut/.dbt
[0m09:18:06.542362 [info ] [MainThread]: Using profiles.yml file at /home/kwakut/.dbt/profiles.yml
[0m09:18:06.546137 [info ] [MainThread]: Using dbt_project.yml file at /home/kwakut/nyc-vehicle-collisions-project/dbt_nyc_vehicle_crashes/dbt_project.yml
[0m09:18:06.547748 [info ] [MainThread]: adapter type: bigquery
[0m09:18:06.549385 [info ] [MainThread]: adapter version: 1.11.1
[0m09:18:06.961182 [info ] [MainThread]: Configuration:
[0m09:18:06.962277 [info ] [MainThread]:   profiles.yml file [[32mOK found and valid[0m]
[0m09:18:06.963207 [info ] [MainThread]:   dbt_project.yml file [[32mOK found and valid[0m]
[0m09:18:06.964639 [info ] [MainThread]: Required dependencies:
[0m09:18:06.966045 [debug] [MainThread]: Executing "git --help"
[0m09:18:06.979179 [debug] [MainThread]: STDOUT: "b"usage: git [-v | --version] [-h | --help] [-C <path>] [-c <name>=<value>]\n           [--exec-path[=<path>]] [--html-path] [--man-path] [--info-path]\n           [-p | --paginate | -P | --no-pager] [--no-replace-objects] [--bare]\n           [--git-dir=<path>] [--work-tree=<path>] [--namespace=<name>]\n           [--config-env=<name>=<envvar>] <command> [<args>]\n\nThese are common Git commands used in various situations:\n\nstart a working area (see also: git help tutorial)\n   clone     Clone a repository into a new directory\n   init      Create an empty Git repository or reinitialize an existing one\n\nwork on the current change (see also: git help everyday)\n   add       Add file contents to the index\n   mv        Move or rename a file, a directory, or a symlink\n   restore   Restore working tree files\n   rm        Remove files from the working tree and from the index\n\nexamine the history and state (see also: git help revisions)\n   bisect    Use binary search to find the commit that introduced a bug\n   diff      Show changes between commits, commit and working tree, etc\n   grep      Print lines matching a pattern\n   log       Show commit logs\n   show      Show various types of objects\n   status    Show the working tree status\n\ngrow, mark and tweak your common history\n   branch    List, create, or delete branches\n   commit    Record changes to the repository\n   merge     Join two or more development histories together\n   rebase    Reapply commits on top of another base tip\n   reset     Reset current HEAD to the specified state\n   switch    Switch branches\n   tag       Create, list, delete or verify a tag object signed with GPG\n\ncollaborate (see also: git help workflows)\n   fetch     Download objects and refs from another repository\n   pull      Fetch from and integrate with another repository or a local branch\n   push      Update remote refs along with associated objects\n\n'git help -a' and 'git help -g' list available subcommands and some\nconcept guides. See 'git help <command>' or 'git help <concept>'\nto read about a specific subcommand or concept.\nSee 'git help git' for an overview of the system.\n""
[0m09:18:06.980107 [debug] [MainThread]: STDERR: "b''"
[0m09:18:06.981500 [info ] [MainThread]:  - git [[32mOK found[0m]

[0m09:18:06.982917 [info ] [MainThread]: Connection:
[0m09:18:06.984236 [info ] [MainThread]:   method: oauth
[0m09:18:06.985906 [info ] [MainThread]:   database: nyc-motor-vehicle-collision-12
[0m09:18:06.987551 [info ] [MainThread]:   execution_project: nyc-motor-vehicle-collision-12
[0m09:18:06.989264 [info ] [MainThread]:   schema: nyc_motor_vehicle_collision_dataset
[0m09:18:06.999524 [info ] [MainThread]:   location: US
[0m09:18:07.000971 [info ] [MainThread]:   priority: interactive
[0m09:18:07.002304 [info ] [MainThread]:   maximum_bytes_billed: None
[0m09:18:07.003630 [info ] [MainThread]:   impersonate_service_account: None
[0m09:18:07.005052 [info ] [MainThread]:   job_retry_deadline_seconds: None
[0m09:18:07.006404 [info ] [MainThread]:   job_retries: 1
[0m09:18:07.007766 [info ] [MainThread]:   job_creation_timeout_seconds: None
[0m09:18:07.020947 [info ] [MainThread]:   job_execution_timeout_seconds: 300
[0m09:18:07.022445 [info ] [MainThread]:   timeout_seconds: 300
[0m09:18:07.023946 [info ] [MainThread]:   client_id: None
[0m09:18:07.035833 [info ] [MainThread]:   token_uri: None
[0m09:18:07.038508 [info ] [MainThread]:   compute_region: None
[0m09:18:07.040373 [info ] [MainThread]:   dataproc_cluster_name: None
[0m09:18:07.051646 [info ] [MainThread]:   gcs_bucket: None
[0m09:18:07.053433 [info ] [MainThread]:   dataproc_batch: None
[0m09:18:07.056997 [info ] [MainThread]: Registered adapter: bigquery=1.11.1
[0m09:18:07.540900 [debug] [MainThread]: Acquiring new bigquery connection 'debug'
[0m09:18:07.542212 [debug] [MainThread]: On debug: select 1 as id
[0m09:18:07.543326 [debug] [MainThread]: Opening a new connection, currently in state init
[0m09:18:12.680715 [debug] [MainThread]: BigQuery adapter: https://console.cloud.google.com/bigquery?project=nyc-motor-vehicle-collision-12&j=bq:US:9680d3a4-0a9a-4477-810d-a8cecd603696&page=queryresults
[0m09:18:13.117573 [debug] [MainThread]: SQL status: OK in 0.436 seconds
[0m09:18:13.652069 [info ] [MainThread]:   Connection test: [[32mOK connection ok[0m]

[0m09:18:13.654111 [info ] [MainThread]: [32mAll checks passed![0m
[0m09:18:13.655494 [debug] [MainThread]: Resource report: {"command_name": "debug", "command_success": true, "command_wall_clock_time": 12.844123, "process_in_blocks": "238880", "process_kernel_time": 2.935243, "process_mem_max_rss": "222652", "process_out_blocks": "24", "process_user_time": 7.611733}
[0m09:18:13.656588 [debug] [MainThread]: Command `dbt debug` succeeded at 09:18:13.656277 after 12.85 seconds
[0m09:18:13.657718 [debug] [MainThread]: Connection 'debug' was properly closed.
[0m09:18:13.658992 [debug] [MainThread]: Sending event: {'category': 'dbt', 'action': 'invocation', 'label': 'end', 'context': [<snowplow_tracker.self_describing_json.SelfDescribingJson object at 0x74b91b790920>, <snowplow_tracker.self_describing_json.SelfDescribingJson object at 0x74b8fd88d880>, <snowplow_tracker.self_describing_json.SelfDescribingJson object at 0x74b91ac27740>]}
[0m09:18:13.660164 [debug] [MainThread]: Flushing usage events
[0m09:18:14.822801 [debug] [MainThread]: An error was encountered while trying to flush usage events
[0m09:22:55.087639 [debug] [MainThread]: Sending event: {'category': 'dbt', 'action': 'invocation', 'label': 'start', 'context': [<snowplow_tracker.self_describing_json.SelfDescribingJson object at 0x7021d61dcb60>, <snowplow_tracker.self_describing_json.SelfDescribingJson object at 0x7021d5aaf980>, <snowplow_tracker.self_describing_json.SelfDescribingJson object at 0x7021d63a6db0>]}


============================== 09:22:55.095340 | 2d18ebf3-52f5-472b-bec7-6d7f4dc48940 ==============================
[0m09:22:55.095340 [info ] [MainThread]: Running with dbt=1.11.8
[0m09:22:55.097246 [debug] [MainThread]: running dbt with arguments {'fail_fast': 'False', 'empty': 'False', 'version_check': 'True', 'indirect_selection': 'eager', 'send_anonymous_usage_stats': 'True', 'log_cache_events': 'False', 'quiet': 'False', 'static_parser': 'True', 'invocation_command': 'dbt run', 'debug': 'False', 'cache_selected_only': 'False', 'use_colors': 'True', 'warn_error': 'None', 'introspect': 'True', 'log_format': 'default', 'profiles_dir': '/home/kwakut/.dbt', 'printer_width': '80', 'warn_error_options': 'WarnErrorOptionsV2(error=[], warn=[], silence=[])', 'target_path': 'None', 'partial_parse': 'True', 'write_json': 'True', 'use_experimental_parser': 'False', 'no_print': 'None', 'log_path': '/home/kwakut/nyc-vehicle-collisions-project/dbt_nyc_vehicle_crashes/logs'}
[0m09:22:57.007185 [debug] [MainThread]: Sending event: {'category': 'dbt', 'action': 'project_id', 'label': '2d18ebf3-52f5-472b-bec7-6d7f4dc48940', 'context': [<snowplow_tracker.self_describing_json.SelfDescribingJson object at 0x7021bc78dc40>]}
[0m09:22:57.250163 [debug] [MainThread]: Sending event: {'category': 'dbt', 'action': 'adapter_info', 'label': '2d18ebf3-52f5-472b-bec7-6d7f4dc48940', 'context': [<snowplow_tracker.self_describing_json.SelfDescribingJson object at 0x7021d83cbe00>]}
[0m09:22:57.251565 [info ] [MainThread]: Registered adapter: bigquery=1.11.1
[0m09:22:57.785581 [debug] [MainThread]: checksum: 7d524ac048c2100769df89d592e662e060a73ca564e31bd9c2a37efdfe8d8ab6, vars: {}, profile: , target: , version: 1.11.8
[0m09:22:58.567624 [debug] [MainThread]: Partial parsing enabled: 0 files deleted, 0 files added, 0 files changed.
[0m09:22:58.569103 [debug] [MainThread]: Nothing changed, skipping partial parsing.
[0m09:22:58.570172 [debug] [MainThread]: Partial parsing enabled, no changes found, skipping parsing
[0m09:22:58.772258 [debug] [MainThread]: Sending event: {'category': 'dbt', 'action': 'load_project', 'label': '2d18ebf3-52f5-472b-bec7-6d7f4dc48940', 'context': [<snowplow_tracker.self_describing_json.SelfDescribingJson object at 0x7021bc3e7e60>]}
[0m09:22:59.118195 [debug] [MainThread]: Wrote artifact WritableManifest to /home/kwakut/nyc-vehicle-collisions-project/dbt_nyc_vehicle_crashes/target/manifest.json
[0m09:22:59.135746 [debug] [MainThread]: Wrote artifact SemanticManifest to /home/kwakut/nyc-vehicle-collisions-project/dbt_nyc_vehicle_crashes/target/semantic_manifest.json
[0m09:22:59.187173 [debug] [MainThread]: Sending event: {'category': 'dbt', 'action': 'resource_counts', 'label': '2d18ebf3-52f5-472b-bec7-6d7f4dc48940', 'context': [<snowplow_tracker.self_describing_json.SelfDescribingJson object at 0x7021b7fc1be0>]}
[0m09:22:59.189538 [info ] [MainThread]: Found 6 models, 2 data tests, 1 source, 539 macros
[0m09:22:59.191179 [debug] [MainThread]: Sending event: {'category': 'dbt', 'action': 'runnable_timing', 'label': '2d18ebf3-52f5-472b-bec7-6d7f4dc48940', 'context': [<snowplow_tracker.self_describing_json.SelfDescribingJson object at 0x7021d570d2e0>]}
[0m09:22:59.197851 [info ] [MainThread]: 
[0m09:22:59.202049 [info ] [MainThread]: Concurrency: 1 threads (target='dev')
[0m09:22:59.207791 [info ] [MainThread]: 
[0m09:22:59.209991 [debug] [MainThread]: Acquiring new bigquery connection 'master'
[0m09:22:59.233656 [debug] [ThreadPool]: Acquiring new bigquery connection 'list_nyc-motor-vehicle-collision-12'
[0m09:22:59.235630 [debug] [ThreadPool]: Opening a new connection, currently in state init
[0m09:23:03.010168 [debug] [ThreadPool]: Opening a new connection, currently in state closed
[0m09:23:03.908990 [debug] [ThreadPool]: Re-using an available connection from the pool (formerly list_nyc-motor-vehicle-collision-12, now list_nyc-motor-vehicle-collision-12_nyc_motor_vehicle_collision_dataset_stg_2025_nyc_crashes)
[0m09:23:03.910449 [debug] [ThreadPool]: Opening a new connection, currently in state closed
[0m09:23:04.820423 [debug] [ThreadPool]: Re-using an available connection from the pool (formerly list_nyc-motor-vehicle-collision-12_nyc_motor_vehicle_collision_dataset_stg_2025_nyc_crashes, now list_nyc-motor-vehicle-collision-12_nyc_motor_vehicle_collision_dataset_mart_monthly_crashes)
[0m09:23:04.821968 [debug] [ThreadPool]: Opening a new connection, currently in state closed
[0m09:23:05.739758 [debug] [MainThread]: Sending event: {'category': 'dbt', 'action': 'runnable_timing', 'label': '2d18ebf3-52f5-472b-bec7-6d7f4dc48940', 'context': [<snowplow_tracker.self_describing_json.SelfDescribingJson object at 0x7021d8224110>]}
[0m09:23:05.741076 [debug] [MainThread]: Opening a new connection, currently in state init
[0m09:23:05.930556 [debug] [Thread-1 (]: Began running node model.dbt_nyc_vehicle_crashes.stg_2025_nyc_crashes
[0m09:23:05.932594 [info ] [Thread-1 (]: 1 of 6 START sql table model nyc_motor_vehicle_collision_dataset_stg_2025_nyc_crashes.stg_2025_nyc_crashes  [RUN]
[0m09:23:05.934187 [debug] [Thread-1 (]: Re-using an available connection from the pool (formerly list_nyc-motor-vehicle-collision-12_nyc_motor_vehicle_collision_dataset_mart_monthly_crashes, now model.dbt_nyc_vehicle_crashes.stg_2025_nyc_crashes)
[0m09:23:05.935601 [debug] [Thread-1 (]: Began compiling node model.dbt_nyc_vehicle_crashes.stg_2025_nyc_crashes
[0m09:23:06.020838 [debug] [Thread-1 (]: Writing injected SQL for node "model.dbt_nyc_vehicle_crashes.stg_2025_nyc_crashes"
[0m09:23:06.033828 [debug] [Thread-1 (]: Began executing node model.dbt_nyc_vehicle_crashes.stg_2025_nyc_crashes
[0m09:23:06.101815 [debug] [Thread-1 (]: Opening a new connection, currently in state closed
[0m09:23:07.416202 [debug] [Thread-1 (]: Writing runtime sql for node "model.dbt_nyc_vehicle_crashes.stg_2025_nyc_crashes"
[0m09:23:07.422500 [debug] [Thread-1 (]: On model.dbt_nyc_vehicle_crashes.stg_2025_nyc_crashes: /* {"app": "dbt", "dbt_version": "1.11.8", "profile_name": "dbt_nyc_vehicle_crashes", "target_name": "dev", "node_id": "model.dbt_nyc_vehicle_crashes.stg_2025_nyc_crashes"} */

  
    

    create or replace table `nyc-motor-vehicle-collision-12`.`nyc_motor_vehicle_collision_dataset_stg_2025_nyc_crashes`.`stg_2025_nyc_crashes`
      
    
    

    
    OPTIONS()
    as (
      WITH source AS (

    SELECT
        DATE(SUBSTR(crash_date, 1, 10)) AS crash_date,
        SAFE.PARSE_TIME('%H:%M', crash_time) AS crash_time,
        on_street_name,
        off_street_name,
        SAFE_CAST(number_of_persons_injured AS INT64) AS number_of_persons_injured,
        SAFE_CAST(number_of_persons_killed AS INT64) AS number_of_persons_killed,
        SAFE_CAST(number_of_pedestrians_injured AS INT64) AS number_of_pedestrians_injured,
        SAFE_CAST(number_of_pedestrians_killed AS INT64) AS number_of_pedestrians_killed,
        SAFE_CAST(number_of_cyclist_injured AS INT64) AS number_of_cyclist_injured,
        SAFE_CAST(number_of_cyclist_killed AS INT64) AS number_of_cyclist_killed,
        SAFE_CAST(number_of_motorist_injured AS INT64) AS number_of_motorist_injured,
        SAFE_CAST(number_of_motorist_killed AS INT64) AS number_of_motorist_killed,
        contributing_factor_vehicle_1,
        contributing_factor_vehicle_2,
        CAST(collision_id AS INT64) AS collision_id,
        vehicle_type_code1 AS vehicle_type_code_1,
        vehicle_type_code2 AS vehicle_type_code_2,
        borough,
        zip_code,
        SAFE_CAST(latitude AS FLOAT64) AS latitude,
        SAFE_CAST(longitude AS FLOAT64) AS longitude,
        location,
        contributing_factor_vehicle_3,
        vehicle_type_code_3,
        cross_street_name,
        contributing_factor_vehicle_4,
        vehicle_type_code_4,
        contributing_factor_vehicle_5,
        vehicle_type_code_5
    FROM `nyc-motor-vehicle-collision-12`.`nyc_motor_vehicle_collision_dataset`.`nyc_motor_crashes`
)
SELECT 
    *,
    current_timestamp() AS ingestion_timestamp 
FROM source
    );
  
[0m09:23:08.104373 [debug] [Thread-1 (]: BigQuery adapter: https://console.cloud.google.com/bigquery?project=nyc-motor-vehicle-collision-12&j=bq:US:846b95b3-b1cf-46c5-be5d-863d0e9844c4&page=queryresults
[0m09:23:12.110219 [debug] [Thread-1 (]: SQL status: OK in 4.004 seconds
[0m09:23:12.822979 [debug] [Thread-1 (]: Sending event: {'category': 'dbt', 'action': 'run_model', 'label': '2d18ebf3-52f5-472b-bec7-6d7f4dc48940', 'context': [<snowplow_tracker.self_describing_json.SelfDescribingJson object at 0x7021b5b44290>]}
[0m09:23:12.829263 [info ] [Thread-1 (]: 1 of 6 OK created sql table model nyc_motor_vehicle_collision_dataset_stg_2025_nyc_crashes.stg_2025_nyc_crashes  [[32mCREATE TABLE (85.5k rows, 22.6 MiB processed)[0m in 6.88s]
[0m09:23:12.837035 [debug] [Thread-1 (]: Finished running node model.dbt_nyc_vehicle_crashes.stg_2025_nyc_crashes
[0m09:23:12.840910 [debug] [Thread-1 (]: Began running node model.dbt_nyc_vehicle_crashes.daily_crashes
[0m09:23:12.842734 [info ] [Thread-1 (]: 2 of 6 START sql table model nyc_motor_vehicle_collision_dataset_mart_monthly_crashes.daily_crashes  [RUN]
[0m09:23:12.845256 [debug] [Thread-1 (]: Re-using an available connection from the pool (formerly model.dbt_nyc_vehicle_crashes.stg_2025_nyc_crashes, now model.dbt_nyc_vehicle_crashes.daily_crashes)
[0m09:23:12.854994 [debug] [Thread-1 (]: Began compiling node model.dbt_nyc_vehicle_crashes.daily_crashes
[0m09:23:12.886446 [debug] [Thread-1 (]: Writing injected SQL for node "model.dbt_nyc_vehicle_crashes.daily_crashes"
[0m09:23:12.941522 [debug] [Thread-1 (]: Began executing node model.dbt_nyc_vehicle_crashes.daily_crashes
[0m09:23:12.976767 [debug] [Thread-1 (]: Opening a new connection, currently in state closed
[0m09:23:13.892091 [debug] [Thread-1 (]: Writing runtime sql for node "model.dbt_nyc_vehicle_crashes.daily_crashes"
[0m09:23:13.911908 [debug] [Thread-1 (]: On model.dbt_nyc_vehicle_crashes.daily_crashes: /* {"app": "dbt", "dbt_version": "1.11.8", "profile_name": "dbt_nyc_vehicle_crashes", "target_name": "dev", "node_id": "model.dbt_nyc_vehicle_crashes.daily_crashes"} */

  
    

    create or replace table `nyc-motor-vehicle-collision-12`.`nyc_motor_vehicle_collision_dataset_mart_monthly_crashes`.`daily_crashes`
      
    
    

    
    OPTIONS()
    as (
      # Which day of the week has the highest number of accidents in Nyc.

SELECT
  FORMAT_DATE('%A', crash_date) AS day_name,
  COUNT(crash_date) AS total_crashes
FROM
  `nyc-motor-vehicle-collision-12`.`nyc_motor_vehicle_collision_dataset_stg_2025_nyc_crashes`.`stg_2025_nyc_crashes`
GROUP BY day_name
ORDER BY COUNT(crash_date) DESC
    );
  
[0m09:23:14.500162 [debug] [Thread-1 (]: BigQuery adapter: https://console.cloud.google.com/bigquery?project=nyc-motor-vehicle-collision-12&j=bq:US:1f201a50-863a-4915-8a01-ec7284664e8d&page=queryresults
[0m09:23:16.498840 [debug] [Thread-1 (]: SQL status: OK in 1.997 seconds
[0m09:23:16.896494 [debug] [Thread-1 (]: Sending event: {'category': 'dbt', 'action': 'run_model', 'label': '2d18ebf3-52f5-472b-bec7-6d7f4dc48940', 'context': [<snowplow_tracker.self_describing_json.SelfDescribingJson object at 0x7021b5b6b7a0>]}
[0m09:23:16.899619 [info ] [Thread-1 (]: 2 of 6 OK created sql table model nyc_motor_vehicle_collision_dataset_mart_monthly_crashes.daily_crashes  [[32mCREATE TABLE (7.0 rows, 668.3 KiB processed)[0m in 4.05s]
[0m09:23:16.904099 [debug] [Thread-1 (]: Finished running node model.dbt_nyc_vehicle_crashes.daily_crashes
[0m09:23:16.905507 [debug] [Thread-1 (]: Began running node model.dbt_nyc_vehicle_crashes.monthly_crashes
[0m09:23:16.908916 [info ] [Thread-1 (]: 3 of 6 START sql table model nyc_motor_vehicle_collision_dataset_mart_monthly_crashes.monthly_crashes  [RUN]
[0m09:23:16.910656 [debug] [Thread-1 (]: Re-using an available connection from the pool (formerly model.dbt_nyc_vehicle_crashes.daily_crashes, now model.dbt_nyc_vehicle_crashes.monthly_crashes)
[0m09:23:16.912114 [debug] [Thread-1 (]: Began compiling node model.dbt_nyc_vehicle_crashes.monthly_crashes
[0m09:23:16.924018 [debug] [Thread-1 (]: Writing injected SQL for node "model.dbt_nyc_vehicle_crashes.monthly_crashes"
[0m09:23:16.927900 [debug] [Thread-1 (]: Began executing node model.dbt_nyc_vehicle_crashes.monthly_crashes
[0m09:23:16.943965 [debug] [Thread-1 (]: Opening a new connection, currently in state closed
[0m09:23:17.868449 [debug] [Thread-1 (]: Writing runtime sql for node "model.dbt_nyc_vehicle_crashes.monthly_crashes"
[0m09:23:17.877118 [debug] [Thread-1 (]: On model.dbt_nyc_vehicle_crashes.monthly_crashes: /* {"app": "dbt", "dbt_version": "1.11.8", "profile_name": "dbt_nyc_vehicle_crashes", "target_name": "dev", "node_id": "model.dbt_nyc_vehicle_crashes.monthly_crashes"} */

  
    

    create or replace table `nyc-motor-vehicle-collision-12`.`nyc_motor_vehicle_collision_dataset_mart_monthly_crashes`.`monthly_crashes`
      
    
    

    
    OPTIONS()
    as (
      # Monthly crashes in Nyc 

SELECT
  FORMAT_DATE('%B', crash_date) AS month_name,
  COUNT(crash_date) AS total_crashes
FROM
  `nyc-motor-vehicle-collision-12`.`nyc_motor_vehicle_collision_dataset_stg_2025_nyc_crashes`.`stg_2025_nyc_crashes`
GROUP BY month_name
ORDER BY COUNT(crash_date) DESC
    );
  
[0m09:23:18.624196 [debug] [Thread-1 (]: BigQuery adapter: https://console.cloud.google.com/bigquery?project=nyc-motor-vehicle-collision-12&j=bq:US:430676e8-951d-468a-b4d8-403cbd36be24&page=queryresults
[0m09:23:21.003347 [debug] [Thread-1 (]: SQL status: OK in 2.378 seconds
[0m09:23:21.381871 [debug] [Thread-1 (]: Sending event: {'category': 'dbt', 'action': 'run_model', 'label': '2d18ebf3-52f5-472b-bec7-6d7f4dc48940', 'context': [<snowplow_tracker.self_describing_json.SelfDescribingJson object at 0x7021b5ca3950>]}
[0m09:23:21.383179 [info ] [Thread-1 (]: 3 of 6 OK created sql table model nyc_motor_vehicle_collision_dataset_mart_monthly_crashes.monthly_crashes  [[32mCREATE TABLE (12.0 rows, 668.3 KiB processed)[0m in 4.47s]
[0m09:23:21.385490 [debug] [Thread-1 (]: Finished running node model.dbt_nyc_vehicle_crashes.monthly_crashes
[0m09:23:21.387175 [debug] [Thread-1 (]: Began running node model.dbt_nyc_vehicle_crashes.street_with_most_crashes
[0m09:23:21.389223 [info ] [Thread-1 (]: 4 of 6 START sql table model nyc_motor_vehicle_collision_dataset_mart_monthly_crashes.street_with_most_crashes  [RUN]
[0m09:23:21.390695 [debug] [Thread-1 (]: Re-using an available connection from the pool (formerly model.dbt_nyc_vehicle_crashes.monthly_crashes, now model.dbt_nyc_vehicle_crashes.street_with_most_crashes)
[0m09:23:21.396100 [debug] [Thread-1 (]: Began compiling node model.dbt_nyc_vehicle_crashes.street_with_most_crashes
[0m09:23:21.403951 [debug] [Thread-1 (]: Writing injected SQL for node "model.dbt_nyc_vehicle_crashes.street_with_most_crashes"
[0m09:23:21.420477 [debug] [Thread-1 (]: Began executing node model.dbt_nyc_vehicle_crashes.street_with_most_crashes
[0m09:23:21.425805 [debug] [Thread-1 (]: Opening a new connection, currently in state closed
[0m09:23:22.358273 [debug] [Thread-1 (]: Writing runtime sql for node "model.dbt_nyc_vehicle_crashes.street_with_most_crashes"
[0m09:23:22.360214 [debug] [Thread-1 (]: On model.dbt_nyc_vehicle_crashes.street_with_most_crashes: /* {"app": "dbt", "dbt_version": "1.11.8", "profile_name": "dbt_nyc_vehicle_crashes", "target_name": "dev", "node_id": "model.dbt_nyc_vehicle_crashes.street_with_most_crashes"} */

  
    

    create or replace table `nyc-motor-vehicle-collision-12`.`nyc_motor_vehicle_collision_dataset_mart_monthly_crashes`.`street_with_most_crashes`
      
    
    

    
    OPTIONS()
    as (
      # Most common streets where crashes happen in Nyc 

SELECT
  on_street_name,
  COUNT(crash_date) AS total_crashes
FROM
  `nyc-motor-vehicle-collision-12`.`nyc_motor_vehicle_collision_dataset_stg_2025_nyc_crashes`.`stg_2025_nyc_crashes`
GROUP BY on_street_name
ORDER BY COUNT(crash_date) DESC
    );
  
[0m09:23:23.048989 [debug] [Thread-1 (]: BigQuery adapter: https://console.cloud.google.com/bigquery?project=nyc-motor-vehicle-collision-12&j=bq:US:fdab8f17-eecd-4be6-a2ab-bd23ed91fa36&page=queryresults
[0m09:23:25.497908 [debug] [Thread-1 (]: SQL status: OK in 2.448 seconds
[0m09:23:25.949466 [debug] [Thread-1 (]: Sending event: {'category': 'dbt', 'action': 'run_model', 'label': '2d18ebf3-52f5-472b-bec7-6d7f4dc48940', 'context': [<snowplow_tracker.self_describing_json.SelfDescribingJson object at 0x7021d6585df0>]}
[0m09:23:25.951668 [info ] [Thread-1 (]: 4 of 6 OK created sql table model nyc_motor_vehicle_collision_dataset_mart_monthly_crashes.street_with_most_crashes  [[32mCREATE TABLE (4.3k rows, 1.6 MiB processed)[0m in 4.56s]
[0m09:23:25.953569 [debug] [Thread-1 (]: Finished running node model.dbt_nyc_vehicle_crashes.street_with_most_crashes
[0m09:23:25.956054 [debug] [Thread-1 (]: Began running node model.dbt_nyc_vehicle_crashes.total_crashes_by_borough
[0m09:23:25.957549 [info ] [Thread-1 (]: 5 of 6 START sql table model nyc_motor_vehicle_collision_dataset_mart_monthly_crashes.total_crashes_by_borough  [RUN]
[0m09:23:25.958819 [debug] [Thread-1 (]: Re-using an available connection from the pool (formerly model.dbt_nyc_vehicle_crashes.street_with_most_crashes, now model.dbt_nyc_vehicle_crashes.total_crashes_by_borough)
[0m09:23:25.960605 [debug] [Thread-1 (]: Began compiling node model.dbt_nyc_vehicle_crashes.total_crashes_by_borough
[0m09:23:25.969925 [debug] [Thread-1 (]: Writing injected SQL for node "model.dbt_nyc_vehicle_crashes.total_crashes_by_borough"
[0m09:23:25.972764 [debug] [Thread-1 (]: Began executing node model.dbt_nyc_vehicle_crashes.total_crashes_by_borough
[0m09:23:25.984990 [debug] [Thread-1 (]: Opening a new connection, currently in state closed
[0m09:23:27.148064 [debug] [Thread-1 (]: Writing runtime sql for node "model.dbt_nyc_vehicle_crashes.total_crashes_by_borough"
[0m09:23:27.154458 [debug] [Thread-1 (]: On model.dbt_nyc_vehicle_crashes.total_crashes_by_borough: /* {"app": "dbt", "dbt_version": "1.11.8", "profile_name": "dbt_nyc_vehicle_crashes", "target_name": "dev", "node_id": "model.dbt_nyc_vehicle_crashes.total_crashes_by_borough"} */

  
    

    create or replace table `nyc-motor-vehicle-collision-12`.`nyc_motor_vehicle_collision_dataset_mart_monthly_crashes`.`total_crashes_by_borough`
      
    
    

    
    OPTIONS()
    as (
      # Total crashes by Borough in Nyc 

SELECT
  Borough,
  COUNT(crash_date) AS total_crashes
FROM
  `nyc-motor-vehicle-collision-12`.`nyc_motor_vehicle_collision_dataset_stg_2025_nyc_crashes`.`stg_2025_nyc_crashes`
GROUP BY Borough
ORDER BY COUNT(crash_date) DESC
    );
  
[0m09:23:27.288747 [debug] [Thread-1 (]: BigQuery adapter: https://console.cloud.google.com/bigquery?project=nyc-motor-vehicle-collision-12&j=bq:US:2b528603-686f-4126-87d1-94d05aa1c809&page=queryresults
[0m09:23:29.318726 [debug] [Thread-1 (]: SQL status: OK in 2.029 seconds
[0m09:23:29.768902 [debug] [Thread-1 (]: Sending event: {'category': 'dbt', 'action': 'run_model', 'label': '2d18ebf3-52f5-472b-bec7-6d7f4dc48940', 'context': [<snowplow_tracker.self_describing_json.SelfDescribingJson object at 0x7021b5b0fb90>]}
[0m09:23:29.772322 [info ] [Thread-1 (]: 5 of 6 OK created sql table model nyc_motor_vehicle_collision_dataset_mart_monthly_crashes.total_crashes_by_borough  [[32mCREATE TABLE (6.0 rows, 1.4 MiB processed)[0m in 3.81s]
[0m09:23:29.779124 [debug] [Thread-1 (]: Finished running node model.dbt_nyc_vehicle_crashes.total_crashes_by_borough
[0m09:23:29.781214 [debug] [Thread-1 (]: Began running node model.dbt_nyc_vehicle_crashes.total_crashes_per_time_of_day
[0m09:23:29.783249 [info ] [Thread-1 (]: 6 of 6 START sql table model nyc_motor_vehicle_collision_dataset_mart_monthly_crashes.total_crashes_per_time_of_day  [RUN]
[0m09:23:29.785003 [debug] [Thread-1 (]: Re-using an available connection from the pool (formerly model.dbt_nyc_vehicle_crashes.total_crashes_by_borough, now model.dbt_nyc_vehicle_crashes.total_crashes_per_time_of_day)
[0m09:23:29.786337 [debug] [Thread-1 (]: Began compiling node model.dbt_nyc_vehicle_crashes.total_crashes_per_time_of_day
[0m09:23:29.799987 [debug] [Thread-1 (]: Writing injected SQL for node "model.dbt_nyc_vehicle_crashes.total_crashes_per_time_of_day"
[0m09:23:29.802644 [debug] [Thread-1 (]: Began executing node model.dbt_nyc_vehicle_crashes.total_crashes_per_time_of_day
[0m09:23:29.819456 [debug] [Thread-1 (]: Writing runtime sql for node "model.dbt_nyc_vehicle_crashes.total_crashes_per_time_of_day"
[0m09:23:29.822452 [debug] [Thread-1 (]: On model.dbt_nyc_vehicle_crashes.total_crashes_per_time_of_day: /* {"app": "dbt", "dbt_version": "1.11.8", "profile_name": "dbt_nyc_vehicle_crashes", "target_name": "dev", "node_id": "model.dbt_nyc_vehicle_crashes.total_crashes_per_time_of_day"} */

  
    

    create or replace table `nyc-motor-vehicle-collision-12`.`nyc_motor_vehicle_collision_dataset_mart_monthly_crashes`.`total_crashes_per_time_of_day`
      
    
    

    
    OPTIONS()
    as (
      # Monthly crashes in Nyc 

SELECT
  crash_time,
  CASE
    WHEN crash_time < 01:00:00 THEN '12am - 12:59am'
    WHEN crash_time BETWEEN 12:59:00 AND 02:00:00 THEN '1am - 1:59am'
    WHEN crash_time BETWEEN 01:59:00 AND 03:00:00 THEN '2am - 2:59am'
    WHEN crash_time BETWEEN 02:59:00 AND 04:00:00 THEN '3am - 3:59am'
    WHEN crash_time BETWEEN 03:59:00 and 05:00:00 THEN '4am - 4:59am'
    WHEN crash_time BETWEEN 04:59:00 AND 06:00:00 THEN '5am - 5:59am'
    WHEN crash_time BETWEEN 05:59:00 AND 07:00:00 THEN '6am - 6:59am'
    WHEN crash_time BETWEEN 06:59:00 AND 08:00:00 THEN '7am - 7:59am'
    WHEN crash_time BETWEEN 07:59:00 AND 09:00:00 THEN '8am - 8:59am'
    WHEN crash_time BETWEEN 08:59:00 AND 10:00:00 THEN '9am - 9:59am'
    WHEN crash_time BETWEEN 09:59:00 AND 11:00:00 THEN '10am - 10:59am'
    WHEN crash_time BETWEEN 10:59:00 AND 12:00:00 THEN '11am - 11:59am'
    WHEN crash_time BETWEEN 11:59:00 AND 13:00:00 THEN '12pm - 12:59pm'
    WHEN crash_time BETWEEN 12:59:00 AND 14:00:00 THEN '1pm - 1:59pm'
    WHEN crash_time BETWEEN 13:59:00 AND 15:00:00 THEN '2pm - 2:59pm'
    WHEN crash_time BETWEEN 14:59:00 AND 16:00:00 THEN '3pm - 3:59pm'
    WHEN crash_time BETWEEN 15:59:00 AND 17:00:00 THEN '4pm - 4:59pm'
    WHEN crash_time BETWEEN 16:59:00 AND 18:00:00 THEN '5pm - 5:59pm'
    WHEN crash_time BETWEEN 17:59:00 AND 19:00:00 THEN '6pm - 6:59pm'
    WHEN crash_time BETWEEN 18:59:00 AND 20:00:00 THEN '7pm - 7:59pm'
    WHEN crash_time BETWEEN 19:59:00 AND 21:00:00 THEN '8pm - 8:59pm'
    WHEN crash_time BETWEEN 20:59:00 AND 22:00:00 THEN '9pm - 9:59pm'
    WHEN crash_time BETWEEN 21:59:00 AND 23:00:00 THEN '10pm - 10:59pm'
    WHEN crash_time BETWEEN 22:59:00 AND 24:00:00 THEN '11pm - 11:59pm'
    ELSE '12pm - 12:59pm' AS time_brucket,
  COUNT(crash_date) AS total_crashes
FROM
  `nyc-motor-vehicle-collision-12`.`nyc_motor_vehicle_collision_dataset_stg_2025_nyc_crashes`.`stg_2025_nyc_crashes`
GROUP BY crash_time, time_brucket
ORDER BY COUNT(crash_date) DESC
    );
  
[0m09:23:29.825420 [debug] [Thread-1 (]: Opening a new connection, currently in state closed
[0m09:23:30.739918 [debug] [Thread-1 (]: BigQuery adapter: https://console.cloud.google.com/bigquery?project=nyc-motor-vehicle-collision-12&j=bq:US:37dd4570-4912-45d3-848a-89eed96e49bf&page=queryresults
[0m09:23:30.741588 [error] [Thread-1 (]: BigQuery adapter: https://console.cloud.google.com/bigquery?project=nyc-motor-vehicle-collision-12&j=bq:US:37dd4570-4912-45d3-848a-89eed96e49bf&page=queryresults
[0m09:23:30.774638 [debug] [Thread-1 (]: Database Error in model total_crashes_per_time_of_day (models/mart/total_crashes_per_time_of_day.sql)
  Syntax error: Expected keyword THEN but got ":" at [19:25]
  compiled code at target/run/dbt_nyc_vehicle_crashes/models/mart/total_crashes_per_time_of_day.sql
[0m09:23:30.776596 [debug] [Thread-1 (]: Sending event: {'category': 'dbt', 'action': 'run_model', 'label': '2d18ebf3-52f5-472b-bec7-6d7f4dc48940', 'context': [<snowplow_tracker.self_describing_json.SelfDescribingJson object at 0x7021b5a1e5d0>]}
[0m09:23:30.778148 [error] [Thread-1 (]: 6 of 6 ERROR creating sql table model nyc_motor_vehicle_collision_dataset_mart_monthly_crashes.total_crashes_per_time_of_day  [[31mERROR[0m in 0.99s]
[0m09:23:30.780241 [debug] [Thread-1 (]: Finished running node model.dbt_nyc_vehicle_crashes.total_crashes_per_time_of_day
[0m09:23:30.783156 [debug] [Thread-4 (]: Marking all children of 'model.dbt_nyc_vehicle_crashes.total_crashes_per_time_of_day' to be skipped because of status 'error'.  Reason: Database Error in model total_crashes_per_time_of_day (models/mart/total_crashes_per_time_of_day.sql)
  Syntax error: Expected keyword THEN but got ":" at [19:25]
  compiled code at target/run/dbt_nyc_vehicle_crashes/models/mart/total_crashes_per_time_of_day.sql.
[0m09:23:30.789658 [debug] [MainThread]: Opening a new connection, currently in state closed
[0m09:23:30.791614 [debug] [MainThread]: Connection 'master' was properly closed.
[0m09:23:30.792948 [debug] [MainThread]: Connection 'model.dbt_nyc_vehicle_crashes.total_crashes_per_time_of_day' was properly closed.
[0m09:23:30.796587 [info ] [MainThread]: 
[0m09:23:30.798134 [info ] [MainThread]: Finished running 6 table models in 0 hours 0 minutes and 31.59 seconds (31.59s).
[0m09:23:30.801691 [debug] [MainThread]: Command end result
[0m09:23:30.908238 [debug] [MainThread]: Wrote artifact WritableManifest to /home/kwakut/nyc-vehicle-collisions-project/dbt_nyc_vehicle_crashes/target/manifest.json
[0m09:23:30.913540 [debug] [MainThread]: Wrote artifact SemanticManifest to /home/kwakut/nyc-vehicle-collisions-project/dbt_nyc_vehicle_crashes/target/semantic_manifest.json
[0m09:23:30.940905 [debug] [MainThread]: Wrote artifact RunExecutionResult to /home/kwakut/nyc-vehicle-collisions-project/dbt_nyc_vehicle_crashes/target/run_results.json
[0m09:23:30.941994 [info ] [MainThread]: 
[0m09:23:30.943127 [info ] [MainThread]: [31mCompleted with 1 error, 0 partial successes, and 0 warnings:[0m
[0m09:23:30.943993 [info ] [MainThread]: 
[0m09:23:30.945241 [error] [MainThread]: [31mFailure in model total_crashes_per_time_of_day (models/mart/total_crashes_per_time_of_day.sql)[0m
[0m09:23:30.946799 [error] [MainThread]:   Database Error in model total_crashes_per_time_of_day (models/mart/total_crashes_per_time_of_day.sql)
  Syntax error: Expected keyword THEN but got ":" at [19:25]
  compiled code at target/run/dbt_nyc_vehicle_crashes/models/mart/total_crashes_per_time_of_day.sql
[0m09:23:30.948239 [info ] [MainThread]: 
[0m09:23:30.949783 [info ] [MainThread]:   compiled code at target/compiled/dbt_nyc_vehicle_crashes/models/mart/total_crashes_per_time_of_day.sql
[0m09:23:30.952067 [info ] [MainThread]: 
[0m09:23:30.953965 [info ] [MainThread]: Done. PASS=5 WARN=0 ERROR=1 SKIP=0 NO-OP=0 TOTAL=6
[0m09:23:30.955514 [debug] [MainThread]: Resource report: {"command_name": "run", "command_success": false, "command_wall_clock_time": 37.005196, "process_in_blocks": "4456", "process_kernel_time": 1.652424, "process_mem_max_rss": "231936", "process_out_blocks": "2664", "process_user_time": 10.410275}
[0m09:23:30.957529 [debug] [MainThread]: Command `dbt run` failed at 09:23:30.957075 after 37.01 seconds
[0m09:23:30.959082 [debug] [MainThread]: Sending event: {'category': 'dbt', 'action': 'invocation', 'label': 'end', 'context': [<snowplow_tracker.self_describing_json.SelfDescribingJson object at 0x7021d6951910>, <snowplow_tracker.self_describing_json.SelfDescribingJson object at 0x7021d65b0b30>, <snowplow_tracker.self_describing_json.SelfDescribingJson object at 0x7021d5751e80>]}
[0m09:23:30.960625 [debug] [MainThread]: Flushing usage events
[0m09:23:32.296226 [debug] [MainThread]: An error was encountered while trying to flush usage events
[0m11:06:33.523976 [debug] [MainThread]: Sending event: {'category': 'dbt', 'action': 'invocation', 'label': 'start', 'context': [<snowplow_tracker.self_describing_json.SelfDescribingJson object at 0x7866e224fc20>, <snowplow_tracker.self_describing_json.SelfDescribingJson object at 0x7866e246f140>, <snowplow_tracker.self_describing_json.SelfDescribingJson object at 0x7866e44fef30>]}


============================== 11:06:33.547916 | 741a2904-f385-406d-b739-642ba9c6c386 ==============================
[0m11:06:33.547916 [info ] [MainThread]: Running with dbt=1.11.8
[0m11:06:33.549137 [debug] [MainThread]: running dbt with arguments {'profiles_dir': '/home/kwakut/.dbt', 'static_parser': 'True', 'log_path': '/home/kwakut/nyc-vehicle-collisions-project/dbt_nyc_vehicle_crashes/logs', 'target_path': 'None', 'warn_error_options': 'WarnErrorOptionsV2(error=[], warn=[], silence=[])', 'introspect': 'True', 'fail_fast': 'False', 'send_anonymous_usage_stats': 'True', 'write_json': 'True', 'quiet': 'False', 'empty': 'False', 'cache_selected_only': 'False', 'invocation_command': 'dbt run', 'debug': 'False', 'partial_parse': 'True', 'no_print': 'None', 'indirect_selection': 'eager', 'use_colors': 'True', 'version_check': 'True', 'log_cache_events': 'False', 'printer_width': '80', 'log_format': 'default', 'warn_error': 'None', 'use_experimental_parser': 'False'}
[0m11:06:36.701531 [debug] [MainThread]: Sending event: {'category': 'dbt', 'action': 'project_id', 'label': '741a2904-f385-406d-b739-642ba9c6c386', 'context': [<snowplow_tracker.self_describing_json.SelfDescribingJson object at 0x7866e4410710>]}
[0m11:06:36.797408 [debug] [MainThread]: Sending event: {'category': 'dbt', 'action': 'adapter_info', 'label': '741a2904-f385-406d-b739-642ba9c6c386', 'context': [<snowplow_tracker.self_describing_json.SelfDescribingJson object at 0x7866c8b26420>]}
[0m11:06:36.798811 [info ] [MainThread]: Registered adapter: bigquery=1.11.1
[0m11:06:37.075334 [debug] [MainThread]: checksum: 7d524ac048c2100769df89d592e662e060a73ca564e31bd9c2a37efdfe8d8ab6, vars: {}, profile: , target: , version: 1.11.8
[0m11:06:37.456622 [debug] [MainThread]: Partial parsing enabled: 0 files deleted, 0 files added, 1 files changed.
[0m11:06:37.457790 [debug] [MainThread]: Partial parsing: updated file: dbt_nyc_vehicle_crashes://models/mart/total_crashes_per_time_of_day.sql
[0m11:06:38.007881 [debug] [MainThread]: Sending event: {'category': 'dbt', 'action': 'load_project', 'label': '741a2904-f385-406d-b739-642ba9c6c386', 'context': [<snowplow_tracker.self_describing_json.SelfDescribingJson object at 0x7866c3e6d5b0>]}
[0m11:06:38.141510 [debug] [MainThread]: Wrote artifact WritableManifest to /home/kwakut/nyc-vehicle-collisions-project/dbt_nyc_vehicle_crashes/target/manifest.json
[0m11:06:38.148625 [debug] [MainThread]: Wrote artifact SemanticManifest to /home/kwakut/nyc-vehicle-collisions-project/dbt_nyc_vehicle_crashes/target/semantic_manifest.json
[0m11:06:38.171946 [debug] [MainThread]: Sending event: {'category': 'dbt', 'action': 'resource_counts', 'label': '741a2904-f385-406d-b739-642ba9c6c386', 'context': [<snowplow_tracker.self_describing_json.SelfDescribingJson object at 0x7866e34bbfe0>]}
[0m11:06:38.172856 [info ] [MainThread]: Found 6 models, 2 data tests, 1 source, 539 macros
[0m11:06:38.173715 [debug] [MainThread]: Sending event: {'category': 'dbt', 'action': 'runnable_timing', 'label': '741a2904-f385-406d-b739-642ba9c6c386', 'context': [<snowplow_tracker.self_describing_json.SelfDescribingJson object at 0x7866c3fce540>]}
[0m11:06:38.176133 [info ] [MainThread]: 
[0m11:06:38.176821 [info ] [MainThread]: Concurrency: 1 threads (target='dev')
[0m11:06:38.177410 [info ] [MainThread]: 
[0m11:06:38.178398 [debug] [MainThread]: Acquiring new bigquery connection 'master'
[0m11:06:38.186805 [debug] [ThreadPool]: Acquiring new bigquery connection 'list_nyc-motor-vehicle-collision-12'
[0m11:06:38.188054 [debug] [ThreadPool]: Opening a new connection, currently in state init
[0m11:06:42.703442 [debug] [ThreadPool]: Opening a new connection, currently in state closed
[0m11:06:43.665688 [debug] [ThreadPool]: Re-using an available connection from the pool (formerly list_nyc-motor-vehicle-collision-12, now list_nyc-motor-vehicle-collision-12_nyc_motor_vehicle_collision_dataset_stg_2025_nyc_crashes)
[0m11:06:43.666642 [debug] [ThreadPool]: Opening a new connection, currently in state closed
[0m11:06:44.712127 [debug] [ThreadPool]: Re-using an available connection from the pool (formerly list_nyc-motor-vehicle-collision-12_nyc_motor_vehicle_collision_dataset_stg_2025_nyc_crashes, now list_nyc-motor-vehicle-collision-12_nyc_motor_vehicle_collision_dataset_mart_monthly_crashes)
[0m11:06:44.719182 [debug] [ThreadPool]: Opening a new connection, currently in state closed
[0m11:06:45.694356 [debug] [MainThread]: Sending event: {'category': 'dbt', 'action': 'runnable_timing', 'label': '741a2904-f385-406d-b739-642ba9c6c386', 'context': [<snowplow_tracker.self_describing_json.SelfDescribingJson object at 0x7866c3550e00>]}
[0m11:06:45.698686 [debug] [MainThread]: Opening a new connection, currently in state init
[0m11:06:45.864324 [debug] [Thread-1 (]: Began running node model.dbt_nyc_vehicle_crashes.stg_2025_nyc_crashes
[0m11:06:45.867473 [info ] [Thread-1 (]: 1 of 6 START sql table model nyc_motor_vehicle_collision_dataset_stg_2025_nyc_crashes.stg_2025_nyc_crashes  [RUN]
[0m11:06:45.873220 [debug] [Thread-1 (]: Re-using an available connection from the pool (formerly list_nyc-motor-vehicle-collision-12_nyc_motor_vehicle_collision_dataset_mart_monthly_crashes, now model.dbt_nyc_vehicle_crashes.stg_2025_nyc_crashes)
[0m11:06:45.879677 [debug] [Thread-1 (]: Began compiling node model.dbt_nyc_vehicle_crashes.stg_2025_nyc_crashes
[0m11:06:45.949826 [debug] [Thread-1 (]: Writing injected SQL for node "model.dbt_nyc_vehicle_crashes.stg_2025_nyc_crashes"
[0m11:06:45.975825 [debug] [Thread-1 (]: Began executing node model.dbt_nyc_vehicle_crashes.stg_2025_nyc_crashes
[0m11:06:46.018342 [debug] [Thread-1 (]: Opening a new connection, currently in state closed
[0m11:06:46.991712 [debug] [Thread-1 (]: Writing runtime sql for node "model.dbt_nyc_vehicle_crashes.stg_2025_nyc_crashes"
[0m11:06:46.995584 [debug] [Thread-1 (]: On model.dbt_nyc_vehicle_crashes.stg_2025_nyc_crashes: /* {"app": "dbt", "dbt_version": "1.11.8", "profile_name": "dbt_nyc_vehicle_crashes", "target_name": "dev", "node_id": "model.dbt_nyc_vehicle_crashes.stg_2025_nyc_crashes"} */

  
    

    create or replace table `nyc-motor-vehicle-collision-12`.`nyc_motor_vehicle_collision_dataset_stg_2025_nyc_crashes`.`stg_2025_nyc_crashes`
      
    
    

    
    OPTIONS()
    as (
      WITH source AS (

    SELECT
        DATE(SUBSTR(crash_date, 1, 10)) AS crash_date,
        SAFE.PARSE_TIME('%H:%M', crash_time) AS crash_time,
        on_street_name,
        off_street_name,
        SAFE_CAST(number_of_persons_injured AS INT64) AS number_of_persons_injured,
        SAFE_CAST(number_of_persons_killed AS INT64) AS number_of_persons_killed,
        SAFE_CAST(number_of_pedestrians_injured AS INT64) AS number_of_pedestrians_injured,
        SAFE_CAST(number_of_pedestrians_killed AS INT64) AS number_of_pedestrians_killed,
        SAFE_CAST(number_of_cyclist_injured AS INT64) AS number_of_cyclist_injured,
        SAFE_CAST(number_of_cyclist_killed AS INT64) AS number_of_cyclist_killed,
        SAFE_CAST(number_of_motorist_injured AS INT64) AS number_of_motorist_injured,
        SAFE_CAST(number_of_motorist_killed AS INT64) AS number_of_motorist_killed,
        contributing_factor_vehicle_1,
        contributing_factor_vehicle_2,
        CAST(collision_id AS INT64) AS collision_id,
        vehicle_type_code1 AS vehicle_type_code_1,
        vehicle_type_code2 AS vehicle_type_code_2,
        borough,
        zip_code,
        SAFE_CAST(latitude AS FLOAT64) AS latitude,
        SAFE_CAST(longitude AS FLOAT64) AS longitude,
        location,
        contributing_factor_vehicle_3,
        vehicle_type_code_3,
        cross_street_name,
        contributing_factor_vehicle_4,
        vehicle_type_code_4,
        contributing_factor_vehicle_5,
        vehicle_type_code_5
    FROM `nyc-motor-vehicle-collision-12`.`nyc_motor_vehicle_collision_dataset`.`nyc_motor_crashes`
)
SELECT 
    *,
    current_timestamp() AS ingestion_timestamp 
FROM source
    );
  
[0m11:06:47.628702 [debug] [Thread-1 (]: BigQuery adapter: https://console.cloud.google.com/bigquery?project=nyc-motor-vehicle-collision-12&j=bq:US:aa7011e0-7e7f-4cf5-a5f1-705b206933f0&page=queryresults
[0m11:06:51.848181 [debug] [Thread-1 (]: SQL status: OK in 4.216 seconds
[0m11:06:52.400614 [debug] [Thread-1 (]: Sending event: {'category': 'dbt', 'action': 'run_model', 'label': '741a2904-f385-406d-b739-642ba9c6c386', 'context': [<snowplow_tracker.self_describing_json.SelfDescribingJson object at 0x7866c86904a0>]}
[0m11:06:52.401697 [info ] [Thread-1 (]: 1 of 6 OK created sql table model nyc_motor_vehicle_collision_dataset_stg_2025_nyc_crashes.stg_2025_nyc_crashes  [[32mCREATE TABLE (85.5k rows, 22.6 MiB processed)[0m in 6.53s]
[0m11:06:52.403022 [debug] [Thread-1 (]: Finished running node model.dbt_nyc_vehicle_crashes.stg_2025_nyc_crashes
[0m11:06:52.404677 [debug] [Thread-1 (]: Began running node model.dbt_nyc_vehicle_crashes.daily_crashes
[0m11:06:52.405399 [info ] [Thread-1 (]: 2 of 6 START sql table model nyc_motor_vehicle_collision_dataset_mart_monthly_crashes.daily_crashes  [RUN]
[0m11:06:52.406272 [debug] [Thread-1 (]: Re-using an available connection from the pool (formerly model.dbt_nyc_vehicle_crashes.stg_2025_nyc_crashes, now model.dbt_nyc_vehicle_crashes.daily_crashes)
[0m11:06:52.406874 [debug] [Thread-1 (]: Began compiling node model.dbt_nyc_vehicle_crashes.daily_crashes
[0m11:06:52.415430 [debug] [Thread-1 (]: Writing injected SQL for node "model.dbt_nyc_vehicle_crashes.daily_crashes"
[0m11:06:52.418183 [debug] [Thread-1 (]: Began executing node model.dbt_nyc_vehicle_crashes.daily_crashes
[0m11:06:52.421605 [debug] [Thread-1 (]: Opening a new connection, currently in state closed
[0m11:06:53.348590 [debug] [Thread-1 (]: Writing runtime sql for node "model.dbt_nyc_vehicle_crashes.daily_crashes"
[0m11:06:53.351526 [debug] [Thread-1 (]: On model.dbt_nyc_vehicle_crashes.daily_crashes: /* {"app": "dbt", "dbt_version": "1.11.8", "profile_name": "dbt_nyc_vehicle_crashes", "target_name": "dev", "node_id": "model.dbt_nyc_vehicle_crashes.daily_crashes"} */

  
    

    create or replace table `nyc-motor-vehicle-collision-12`.`nyc_motor_vehicle_collision_dataset_mart_monthly_crashes`.`daily_crashes`
      
    
    

    
    OPTIONS()
    as (
      # Which day of the week has the highest number of accidents in Nyc.

SELECT
  FORMAT_DATE('%A', crash_date) AS day_name,
  COUNT(crash_date) AS total_crashes
FROM
  `nyc-motor-vehicle-collision-12`.`nyc_motor_vehicle_collision_dataset_stg_2025_nyc_crashes`.`stg_2025_nyc_crashes`
GROUP BY day_name
ORDER BY COUNT(crash_date) DESC
    );
  
[0m11:06:53.995633 [debug] [Thread-1 (]: BigQuery adapter: https://console.cloud.google.com/bigquery?project=nyc-motor-vehicle-collision-12&j=bq:US:3221ef18-af06-4cee-bf91-70342d13857f&page=queryresults
[0m11:06:55.482143 [debug] [Thread-1 (]: SQL status: OK in 2.100 seconds
[0m11:06:55.874343 [debug] [Thread-1 (]: Sending event: {'category': 'dbt', 'action': 'run_model', 'label': '741a2904-f385-406d-b739-642ba9c6c386', 'context': [<snowplow_tracker.self_describing_json.SelfDescribingJson object at 0x7866c12ea090>]}
[0m11:06:55.875645 [info ] [Thread-1 (]: 2 of 6 OK created sql table model nyc_motor_vehicle_collision_dataset_mart_monthly_crashes.daily_crashes  [[32mCREATE TABLE (7.0 rows, 668.3 KiB processed)[0m in 3.47s]
[0m11:06:55.876752 [debug] [Thread-1 (]: Finished running node model.dbt_nyc_vehicle_crashes.daily_crashes
[0m11:06:55.877601 [debug] [Thread-1 (]: Began running node model.dbt_nyc_vehicle_crashes.monthly_crashes
[0m11:06:55.878778 [info ] [Thread-1 (]: 3 of 6 START sql table model nyc_motor_vehicle_collision_dataset_mart_monthly_crashes.monthly_crashes  [RUN]
[0m11:06:55.879645 [debug] [Thread-1 (]: Re-using an available connection from the pool (formerly model.dbt_nyc_vehicle_crashes.daily_crashes, now model.dbt_nyc_vehicle_crashes.monthly_crashes)
[0m11:06:55.880319 [debug] [Thread-1 (]: Began compiling node model.dbt_nyc_vehicle_crashes.monthly_crashes
[0m11:06:55.886055 [debug] [Thread-1 (]: Writing injected SQL for node "model.dbt_nyc_vehicle_crashes.monthly_crashes"
[0m11:06:55.887729 [debug] [Thread-1 (]: Began executing node model.dbt_nyc_vehicle_crashes.monthly_crashes
[0m11:06:55.891167 [debug] [Thread-1 (]: Opening a new connection, currently in state closed
[0m11:06:57.236455 [debug] [Thread-1 (]: Writing runtime sql for node "model.dbt_nyc_vehicle_crashes.monthly_crashes"
[0m11:06:57.238529 [debug] [Thread-1 (]: On model.dbt_nyc_vehicle_crashes.monthly_crashes: /* {"app": "dbt", "dbt_version": "1.11.8", "profile_name": "dbt_nyc_vehicle_crashes", "target_name": "dev", "node_id": "model.dbt_nyc_vehicle_crashes.monthly_crashes"} */

  
    

    create or replace table `nyc-motor-vehicle-collision-12`.`nyc_motor_vehicle_collision_dataset_mart_monthly_crashes`.`monthly_crashes`
      
    
    

    
    OPTIONS()
    as (
      # Monthly crashes in Nyc 

SELECT
  FORMAT_DATE('%B', crash_date) AS month_name,
  COUNT(crash_date) AS total_crashes
FROM
  `nyc-motor-vehicle-collision-12`.`nyc_motor_vehicle_collision_dataset_stg_2025_nyc_crashes`.`stg_2025_nyc_crashes`
GROUP BY month_name
ORDER BY COUNT(crash_date) DESC
    );
  
[0m11:06:57.807688 [debug] [Thread-1 (]: BigQuery adapter: https://console.cloud.google.com/bigquery?project=nyc-motor-vehicle-collision-12&j=bq:US:93559279-1532-44c4-b17d-7e582c094a7e&page=queryresults
[0m11:07:00.160437 [debug] [Thread-1 (]: SQL status: OK in 2.351 seconds
[0m11:07:00.577649 [debug] [Thread-1 (]: Sending event: {'category': 'dbt', 'action': 'run_model', 'label': '741a2904-f385-406d-b739-642ba9c6c386', 'context': [<snowplow_tracker.self_describing_json.SelfDescribingJson object at 0x7866c828c6e0>]}
[0m11:07:00.578706 [info ] [Thread-1 (]: 3 of 6 OK created sql table model nyc_motor_vehicle_collision_dataset_mart_monthly_crashes.monthly_crashes  [[32mCREATE TABLE (12.0 rows, 668.3 KiB processed)[0m in 4.70s]
[0m11:07:00.579762 [debug] [Thread-1 (]: Finished running node model.dbt_nyc_vehicle_crashes.monthly_crashes
[0m11:07:00.580447 [debug] [Thread-1 (]: Began running node model.dbt_nyc_vehicle_crashes.street_with_most_crashes
[0m11:07:00.581396 [info ] [Thread-1 (]: 4 of 6 START sql table model nyc_motor_vehicle_collision_dataset_mart_monthly_crashes.street_with_most_crashes  [RUN]
[0m11:07:00.582134 [debug] [Thread-1 (]: Re-using an available connection from the pool (formerly model.dbt_nyc_vehicle_crashes.monthly_crashes, now model.dbt_nyc_vehicle_crashes.street_with_most_crashes)
[0m11:07:00.582784 [debug] [Thread-1 (]: Began compiling node model.dbt_nyc_vehicle_crashes.street_with_most_crashes
[0m11:07:00.587728 [debug] [Thread-1 (]: Writing injected SQL for node "model.dbt_nyc_vehicle_crashes.street_with_most_crashes"
[0m11:07:00.591058 [debug] [Thread-1 (]: Began executing node model.dbt_nyc_vehicle_crashes.street_with_most_crashes
[0m11:07:00.595033 [debug] [Thread-1 (]: Opening a new connection, currently in state closed
[0m11:07:01.561203 [debug] [Thread-1 (]: Writing runtime sql for node "model.dbt_nyc_vehicle_crashes.street_with_most_crashes"
[0m11:07:01.563188 [debug] [Thread-1 (]: On model.dbt_nyc_vehicle_crashes.street_with_most_crashes: /* {"app": "dbt", "dbt_version": "1.11.8", "profile_name": "dbt_nyc_vehicle_crashes", "target_name": "dev", "node_id": "model.dbt_nyc_vehicle_crashes.street_with_most_crashes"} */

  
    

    create or replace table `nyc-motor-vehicle-collision-12`.`nyc_motor_vehicle_collision_dataset_mart_monthly_crashes`.`street_with_most_crashes`
      
    
    

    
    OPTIONS()
    as (
      # Most common streets where crashes happen in Nyc 

SELECT
  on_street_name,
  COUNT(crash_date) AS total_crashes
FROM
  `nyc-motor-vehicle-collision-12`.`nyc_motor_vehicle_collision_dataset_stg_2025_nyc_crashes`.`stg_2025_nyc_crashes`
GROUP BY on_street_name
ORDER BY COUNT(crash_date) DESC
    );
  
[0m11:07:02.231174 [debug] [Thread-1 (]: BigQuery adapter: https://console.cloud.google.com/bigquery?project=nyc-motor-vehicle-collision-12&j=bq:US:44b45c5b-5c72-4df3-a66d-35223abcbbec&page=queryresults
[0m11:07:04.543844 [debug] [Thread-1 (]: SQL status: OK in 2.309 seconds
[0m11:07:04.935200 [debug] [Thread-1 (]: Sending event: {'category': 'dbt', 'action': 'run_model', 'label': '741a2904-f385-406d-b739-642ba9c6c386', 'context': [<snowplow_tracker.self_describing_json.SelfDescribingJson object at 0x7866e172a660>]}
[0m11:07:04.937339 [info ] [Thread-1 (]: 4 of 6 OK created sql table model nyc_motor_vehicle_collision_dataset_mart_monthly_crashes.street_with_most_crashes  [[32mCREATE TABLE (4.3k rows, 1.6 MiB processed)[0m in 4.35s]
[0m11:07:04.948464 [debug] [Thread-1 (]: Finished running node model.dbt_nyc_vehicle_crashes.street_with_most_crashes
[0m11:07:04.950203 [debug] [Thread-1 (]: Began running node model.dbt_nyc_vehicle_crashes.total_crashes_by_borough
[0m11:07:04.952178 [info ] [Thread-1 (]: 5 of 6 START sql table model nyc_motor_vehicle_collision_dataset_mart_monthly_crashes.total_crashes_by_borough  [RUN]
[0m11:07:04.953693 [debug] [Thread-1 (]: Re-using an available connection from the pool (formerly model.dbt_nyc_vehicle_crashes.street_with_most_crashes, now model.dbt_nyc_vehicle_crashes.total_crashes_by_borough)
[0m11:07:04.955061 [debug] [Thread-1 (]: Began compiling node model.dbt_nyc_vehicle_crashes.total_crashes_by_borough
[0m11:07:04.971033 [debug] [Thread-1 (]: Writing injected SQL for node "model.dbt_nyc_vehicle_crashes.total_crashes_by_borough"
[0m11:07:04.973469 [debug] [Thread-1 (]: Began executing node model.dbt_nyc_vehicle_crashes.total_crashes_by_borough
[0m11:07:04.981060 [debug] [Thread-1 (]: Opening a new connection, currently in state closed
[0m11:07:05.795572 [debug] [Thread-1 (]: Writing runtime sql for node "model.dbt_nyc_vehicle_crashes.total_crashes_by_borough"
[0m11:07:05.797979 [debug] [Thread-1 (]: On model.dbt_nyc_vehicle_crashes.total_crashes_by_borough: /* {"app": "dbt", "dbt_version": "1.11.8", "profile_name": "dbt_nyc_vehicle_crashes", "target_name": "dev", "node_id": "model.dbt_nyc_vehicle_crashes.total_crashes_by_borough"} */

  
    

    create or replace table `nyc-motor-vehicle-collision-12`.`nyc_motor_vehicle_collision_dataset_mart_monthly_crashes`.`total_crashes_by_borough`
      
    
    

    
    OPTIONS()
    as (
      # Total crashes by Borough in Nyc 

SELECT
  Borough,
  COUNT(crash_date) AS total_crashes
FROM
  `nyc-motor-vehicle-collision-12`.`nyc_motor_vehicle_collision_dataset_stg_2025_nyc_crashes`.`stg_2025_nyc_crashes`
GROUP BY Borough
ORDER BY COUNT(crash_date) DESC
    );
  
[0m11:07:06.367055 [debug] [Thread-1 (]: BigQuery adapter: https://console.cloud.google.com/bigquery?project=nyc-motor-vehicle-collision-12&j=bq:US:bf3198ee-8b15-409a-8335-92af89e40a0c&page=queryresults
[0m11:07:08.446519 [debug] [Thread-1 (]: SQL status: OK in 2.078 seconds
[0m11:07:08.859350 [debug] [Thread-1 (]: Sending event: {'category': 'dbt', 'action': 'run_model', 'label': '741a2904-f385-406d-b739-642ba9c6c386', 'context': [<snowplow_tracker.self_describing_json.SelfDescribingJson object at 0x7866c8cb6de0>]}
[0m11:07:08.863973 [info ] [Thread-1 (]: 5 of 6 OK created sql table model nyc_motor_vehicle_collision_dataset_mart_monthly_crashes.total_crashes_by_borough  [[32mCREATE TABLE (6.0 rows, 1.4 MiB processed)[0m in 3.90s]
[0m11:07:08.868323 [debug] [Thread-1 (]: Finished running node model.dbt_nyc_vehicle_crashes.total_crashes_by_borough
[0m11:07:08.872550 [debug] [Thread-1 (]: Began running node model.dbt_nyc_vehicle_crashes.total_crashes_per_time_of_day
[0m11:07:08.875279 [info ] [Thread-1 (]: 6 of 6 START sql table model nyc_motor_vehicle_collision_dataset_mart_monthly_crashes.total_crashes_per_time_of_day  [RUN]
[0m11:07:08.879828 [debug] [Thread-1 (]: Re-using an available connection from the pool (formerly model.dbt_nyc_vehicle_crashes.total_crashes_by_borough, now model.dbt_nyc_vehicle_crashes.total_crashes_per_time_of_day)
[0m11:07:08.882911 [debug] [Thread-1 (]: Began compiling node model.dbt_nyc_vehicle_crashes.total_crashes_per_time_of_day
[0m11:07:08.896624 [debug] [Thread-1 (]: Writing injected SQL for node "model.dbt_nyc_vehicle_crashes.total_crashes_per_time_of_day"
[0m11:07:08.899985 [debug] [Thread-1 (]: Began executing node model.dbt_nyc_vehicle_crashes.total_crashes_per_time_of_day
[0m11:07:08.928887 [debug] [Thread-1 (]: Writing runtime sql for node "model.dbt_nyc_vehicle_crashes.total_crashes_per_time_of_day"
[0m11:07:08.932377 [debug] [Thread-1 (]: On model.dbt_nyc_vehicle_crashes.total_crashes_per_time_of_day: /* {"app": "dbt", "dbt_version": "1.11.8", "profile_name": "dbt_nyc_vehicle_crashes", "target_name": "dev", "node_id": "model.dbt_nyc_vehicle_crashes.total_crashes_per_time_of_day"} */

  
    

    create or replace table `nyc-motor-vehicle-collision-12`.`nyc_motor_vehicle_collision_dataset_mart_monthly_crashes`.`total_crashes_per_time_of_day`
      
    
    

    
    OPTIONS()
    as (
      # Time of day that has the most crashes in Nyc 

SELECT
  CASE
    WHEN EXTRACT(HOUR FROM crash_time) = 0 THEN '12am - 1am'
    WHEN EXTRACT(HOUR FROM crash_time) = 1 THEN '1am - 2am'
    WHEN EXTRACT(HOUR FROM crash_time) = 2 THEN '2am - 3am'
    WHEN EXTRACT(HOUR FROM crash_time) = 3 THEN '3am - 4am'
    WHEN EXTRACT(HOUR FROM crash_time) = 4 THEN '4am - 5am'
    WHEN EXTRACT(HOUR FROM crash_time) = 5 THEN '5am - 6am'
    WHEN EXTRACT(HOUR FROM crash_time) = 6 THEN '6am - 7am'
    WHEN EXTRACT(HOUR FROM crash_time) = 7 THEN '7am - 8am'
    WHEN EXTRACT(HOUR FROM crash_time) = 8 THEN '8am - 9am'
    WHEN EXTRACT(HOUR FROM crash_time) = 9 THEN '9am - 10am'
    WHEN EXTRACT(HOUR FROM crash_time) = 10 THEN '10am - 11am'
    WHEN EXTRACT(HOUR FROM crash_time) = 11 THEN '11am - 12pm'
    WHEN EXTRACT(HOUR FROM crash_time) = 12 THEN '12pm - 1pm'
    WHEN EXTRACT(HOUR FROM crash_time) = 13 THEN '1pm - 2pm'
    WHEN EXTRACT(HOUR FROM crash_time) = 14 THEN '2pm - 3pm'
    WHEN EXTRACT(HOUR FROM crash_time) = 15 THEN '3pm - 4pm'
    WHEN EXTRACT(HOUR FROM crash_time) = 16 THEN '4pm - 5pm'
    WHEN EXTRACT(HOUR FROM crash_time) = 17 THEN '5pm - 6pm'
    WHEN EXTRACT(HOUR FROM crash_time) = 18 THEN '6pm - 7pm'
    WHEN EXTRACT(HOUR FROM crash_time) = 19 THEN '7pm - 8pm'
    WHEN EXTRACT(HOUR FROM crash_time) = 20 THEN '8pm - 9pm'
    WHEN EXTRACT(HOUR FROM crash_time) = 21 THEN '9pm - 10pm'
    WHEN EXTRACT(HOUR FROM crash_time) = 22 THEN '10pm - 11pm'
    ELSE '11pm - 12am'
  END AS time_bucket,
  COUNT(*) AS total_crashes
FROM `nyc-motor-vehicle-collision-12`.`nyc_motor_vehicle_collision_dataset_stg_2025_nyc_crashes`.`stg_2025_nyc_crashes`
GROUP BY time_bucket
ORDER BY total_crashes DESC
    );
  
[0m11:07:08.933899 [debug] [Thread-1 (]: Opening a new connection, currently in state closed
[0m11:07:10.148951 [debug] [Thread-1 (]: BigQuery adapter: https://console.cloud.google.com/bigquery?project=nyc-motor-vehicle-collision-12&j=bq:US:1d673b57-5168-448c-987e-9b3288835b18&page=queryresults
[0m11:07:12.902808 [debug] [Thread-1 (]: SQL status: OK in 2.752 seconds
[0m11:07:13.284099 [debug] [Thread-1 (]: Sending event: {'category': 'dbt', 'action': 'run_model', 'label': '741a2904-f385-406d-b739-642ba9c6c386', 'context': [<snowplow_tracker.self_describing_json.SelfDescribingJson object at 0x7866c11e9070>]}
[0m11:07:13.289506 [info ] [Thread-1 (]: 6 of 6 OK created sql table model nyc_motor_vehicle_collision_dataset_mart_monthly_crashes.total_crashes_per_time_of_day  [[32mCREATE TABLE (24.0 rows, 668.3 KiB processed)[0m in 4.40s]
[0m11:07:13.293895 [debug] [Thread-1 (]: Finished running node model.dbt_nyc_vehicle_crashes.total_crashes_per_time_of_day
[0m11:07:13.303785 [debug] [MainThread]: Opening a new connection, currently in state closed
[0m11:07:13.315755 [debug] [MainThread]: Connection 'master' was properly closed.
[0m11:07:13.319073 [debug] [MainThread]: Connection 'model.dbt_nyc_vehicle_crashes.total_crashes_per_time_of_day' was properly closed.
[0m11:07:13.323113 [info ] [MainThread]: 
[0m11:07:13.336785 [info ] [MainThread]: Finished running 6 table models in 0 hours 0 minutes and 35.14 seconds (35.14s).
[0m11:07:13.359029 [debug] [MainThread]: Command end result
[0m11:07:13.452917 [debug] [MainThread]: Wrote artifact WritableManifest to /home/kwakut/nyc-vehicle-collisions-project/dbt_nyc_vehicle_crashes/target/manifest.json
[0m11:07:13.455404 [debug] [MainThread]: Wrote artifact SemanticManifest to /home/kwakut/nyc-vehicle-collisions-project/dbt_nyc_vehicle_crashes/target/semantic_manifest.json
[0m11:07:13.467474 [debug] [MainThread]: Wrote artifact RunExecutionResult to /home/kwakut/nyc-vehicle-collisions-project/dbt_nyc_vehicle_crashes/target/run_results.json
[0m11:07:13.468056 [info ] [MainThread]: 
[0m11:07:13.468810 [info ] [MainThread]: [32mCompleted successfully[0m
[0m11:07:13.469573 [info ] [MainThread]: 
[0m11:07:13.470210 [info ] [MainThread]: Done. PASS=6 WARN=0 ERROR=0 SKIP=0 NO-OP=0 TOTAL=6
[0m11:07:13.471192 [debug] [MainThread]: Resource report: {"command_name": "run", "command_success": true, "command_wall_clock_time": 40.646706, "process_in_blocks": "568", "process_kernel_time": 5.558422, "process_mem_max_rss": "233540", "process_out_blocks": "3856", "process_user_time": 7.890517}
[0m11:07:13.471830 [debug] [MainThread]: Command `dbt run` succeeded at 11:07:13.471695 after 40.65 seconds
[0m11:07:13.472315 [debug] [MainThread]: Sending event: {'category': 'dbt', 'action': 'invocation', 'label': 'end', 'context': [<snowplow_tracker.self_describing_json.SelfDescribingJson object at 0x7866e4637650>, <snowplow_tracker.self_describing_json.SelfDescribingJson object at 0x7866e268ffe0>, <snowplow_tracker.self_describing_json.SelfDescribingJson object at 0x7866e185a000>]}
[0m11:07:13.472776 [debug] [MainThread]: Flushing usage events
[0m11:07:15.172592 [debug] [MainThread]: An error was encountered while trying to flush usage events
[0m12:51:05.465504 [debug] [MainThread]: Sending event: {'category': 'dbt', 'action': 'invocation', 'label': 'start', 'context': [<snowplow_tracker.self_describing_json.SelfDescribingJson object at 0x73ad61ea7a10>, <snowplow_tracker.self_describing_json.SelfDescribingJson object at 0x73ad6340cc80>, <snowplow_tracker.self_describing_json.SelfDescribingJson object at 0x73ad63e1baa0>]}


============================== 12:51:05.475352 | 900594e5-4575-4a47-a034-e3f5530f09ba ==============================
[0m12:51:05.475352 [info ] [MainThread]: Running with dbt=1.11.8
[0m12:51:05.476588 [debug] [MainThread]: running dbt with arguments {'log_path': '/home/kwakut/nyc-vehicle-collisions-project/dbt_nyc_vehicle_crashes/logs', 'warn_error': 'None', 'log_format': 'default', 'profiles_dir': '/home/kwakut/.dbt', 'no_print': 'None', 'empty': 'None', 'warn_error_options': 'WarnErrorOptionsV2(error=[], warn=[], silence=[])', 'static_parser': 'True', 'version_check': 'True', 'write_json': 'True', 'debug': 'False', 'fail_fast': 'False', 'use_experimental_parser': 'False', 'quiet': 'False', 'introspect': 'True', 'invocation_command': 'dbt debug', 'use_colors': 'True', 'send_anonymous_usage_stats': 'True', 'log_cache_events': 'False', 'indirect_selection': 'eager', 'cache_selected_only': 'False', 'target_path': 'None', 'partial_parse': 'True', 'printer_width': '80'}
[0m12:51:05.537095 [info ] [MainThread]: dbt version: 1.11.8
[0m12:51:05.537741 [info ] [MainThread]: python version: 3.12.3
[0m12:51:05.538355 [info ] [MainThread]: python path: /home/kwakut/nyc-vehicle-collisions-project/dbt-env/bin/python3
[0m12:51:05.538894 [info ] [MainThread]: os info: Linux-6.6.87.2-microsoft-standard-WSL2-x86_64-with-glibc2.39
[0m12:51:08.624433 [info ] [MainThread]: Using profiles dir at /home/kwakut/.dbt
[0m12:51:08.625155 [info ] [MainThread]: Using profiles.yml file at /home/kwakut/.dbt/profiles.yml
[0m12:51:08.625856 [info ] [MainThread]: Using dbt_project.yml file at /home/kwakut/nyc-vehicle-collisions-project/dbt_nyc_vehicle_crashes/dbt_project.yml
[0m12:51:08.626434 [info ] [MainThread]: adapter type: bigquery
[0m12:51:08.626992 [info ] [MainThread]: adapter version: 1.11.1
[0m12:51:08.787151 [info ] [MainThread]: Configuration:
[0m12:51:08.788496 [info ] [MainThread]:   profiles.yml file [[32mOK found and valid[0m]
[0m12:51:08.789243 [info ] [MainThread]:   dbt_project.yml file [[32mOK found and valid[0m]
[0m12:51:08.790118 [info ] [MainThread]: Required dependencies:
[0m12:51:08.790907 [debug] [MainThread]: Executing "git --help"
[0m12:51:08.795909 [debug] [MainThread]: STDOUT: "b"usage: git [-v | --version] [-h | --help] [-C <path>] [-c <name>=<value>]\n           [--exec-path[=<path>]] [--html-path] [--man-path] [--info-path]\n           [-p | --paginate | -P | --no-pager] [--no-replace-objects] [--bare]\n           [--git-dir=<path>] [--work-tree=<path>] [--namespace=<name>]\n           [--config-env=<name>=<envvar>] <command> [<args>]\n\nThese are common Git commands used in various situations:\n\nstart a working area (see also: git help tutorial)\n   clone     Clone a repository into a new directory\n   init      Create an empty Git repository or reinitialize an existing one\n\nwork on the current change (see also: git help everyday)\n   add       Add file contents to the index\n   mv        Move or rename a file, a directory, or a symlink\n   restore   Restore working tree files\n   rm        Remove files from the working tree and from the index\n\nexamine the history and state (see also: git help revisions)\n   bisect    Use binary search to find the commit that introduced a bug\n   diff      Show changes between commits, commit and working tree, etc\n   grep      Print lines matching a pattern\n   log       Show commit logs\n   show      Show various types of objects\n   status    Show the working tree status\n\ngrow, mark and tweak your common history\n   branch    List, create, or delete branches\n   commit    Record changes to the repository\n   merge     Join two or more development histories together\n   rebase    Reapply commits on top of another base tip\n   reset     Reset current HEAD to the specified state\n   switch    Switch branches\n   tag       Create, list, delete or verify a tag object signed with GPG\n\ncollaborate (see also: git help workflows)\n   fetch     Download objects and refs from another repository\n   pull      Fetch from and integrate with another repository or a local branch\n   push      Update remote refs along with associated objects\n\n'git help -a' and 'git help -g' list available subcommands and some\nconcept guides. See 'git help <command>' or 'git help <concept>'\nto read about a specific subcommand or concept.\nSee 'git help git' for an overview of the system.\n""
[0m12:51:08.798034 [debug] [MainThread]: STDERR: "b''"
[0m12:51:08.799115 [info ] [MainThread]:  - git [[32mOK found[0m]

[0m12:51:08.800397 [info ] [MainThread]: Connection:
[0m12:51:08.802750 [info ] [MainThread]:   method: oauth
[0m12:51:08.804253 [info ] [MainThread]:   database: nyc-motor-vehicle-collision-12
[0m12:51:08.806763 [info ] [MainThread]:   execution_project: nyc-motor-vehicle-collision-12
[0m12:51:08.807868 [info ] [MainThread]:   schema: nyc_motor_vehicle_collision_dataset
[0m12:51:08.809225 [info ] [MainThread]:   location: US
[0m12:51:08.810422 [info ] [MainThread]:   priority: interactive
[0m12:51:08.811391 [info ] [MainThread]:   maximum_bytes_billed: None
[0m12:51:08.812511 [info ] [MainThread]:   impersonate_service_account: None
[0m12:51:08.813633 [info ] [MainThread]:   job_retry_deadline_seconds: None
[0m12:51:08.820668 [info ] [MainThread]:   job_retries: 1
[0m12:51:08.826090 [info ] [MainThread]:   job_creation_timeout_seconds: None
[0m12:51:08.828452 [info ] [MainThread]:   job_execution_timeout_seconds: 300
[0m12:51:08.829899 [info ] [MainThread]:   timeout_seconds: 300
[0m12:51:08.831144 [info ] [MainThread]:   client_id: None
[0m12:51:08.832410 [info ] [MainThread]:   token_uri: None
[0m12:51:08.833641 [info ] [MainThread]:   compute_region: None
[0m12:51:08.835034 [info ] [MainThread]:   dataproc_cluster_name: None
[0m12:51:08.839815 [info ] [MainThread]:   gcs_bucket: None
[0m12:51:08.846255 [info ] [MainThread]:   dataproc_batch: None
[0m12:51:08.848343 [info ] [MainThread]: Registered adapter: bigquery=1.11.1
[0m12:51:09.070428 [debug] [MainThread]: Acquiring new bigquery connection 'debug'
[0m12:51:09.070981 [debug] [MainThread]: On debug: select 1 as id
[0m12:51:09.071565 [debug] [MainThread]: Opening a new connection, currently in state init
[0m12:51:12.499357 [debug] [MainThread]: BigQuery adapter: https://console.cloud.google.com/bigquery?project=nyc-motor-vehicle-collision-12&j=bq:US:d93583ef-481d-4e6d-bae6-29e2f222c32e&page=queryresults
[0m12:51:12.891639 [debug] [MainThread]: SQL status: OK in 0.391 seconds
[0m12:51:13.432676 [info ] [MainThread]:   Connection test: [[32mOK connection ok[0m]

[0m12:51:13.439871 [info ] [MainThread]: [32mAll checks passed![0m
[0m12:51:13.446758 [debug] [MainThread]: Resource report: {"command_name": "debug", "command_success": true, "command_wall_clock_time": 9.003477, "process_in_blocks": "273856", "process_kernel_time": 2.845782, "process_mem_max_rss": "222184", "process_out_blocks": "32", "process_user_time": 4.445788}
[0m12:51:13.461024 [debug] [MainThread]: Command `dbt debug` succeeded at 12:51:13.460304 after 9.02 seconds
[0m12:51:13.463419 [debug] [MainThread]: Connection 'debug' was properly closed.
[0m12:51:13.466885 [debug] [MainThread]: Sending event: {'category': 'dbt', 'action': 'invocation', 'label': 'end', 'context': [<snowplow_tracker.self_describing_json.SelfDescribingJson object at 0x73ad6340cc80>, <snowplow_tracker.self_describing_json.SelfDescribingJson object at 0x73ad6109db80>, <snowplow_tracker.self_describing_json.SelfDescribingJson object at 0x73ad61933c50>]}
[0m12:51:13.470895 [debug] [MainThread]: Flushing usage events
[0m12:51:14.903087 [debug] [MainThread]: An error was encountered while trying to flush usage events
[0m12:55:42.502899 [debug] [MainThread]: Sending event: {'category': 'dbt', 'action': 'invocation', 'label': 'start', 'context': [<snowplow_tracker.self_describing_json.SelfDescribingJson object at 0x74ab8ce804d0>, <snowplow_tracker.self_describing_json.SelfDescribingJson object at 0x74ab8c5448f0>, <snowplow_tracker.self_describing_json.SelfDescribingJson object at 0x74ab8d167a70>]}


============================== 12:55:42.512393 | a86d6c36-5cdf-48a8-b66f-6c5b19c40d66 ==============================
[0m12:55:42.512393 [info ] [MainThread]: Running with dbt=1.11.8
[0m12:55:42.516774 [debug] [MainThread]: running dbt with arguments {'send_anonymous_usage_stats': 'True', 'log_format': 'default', 'printer_width': '80', 'no_print': 'None', 'warn_error_options': 'WarnErrorOptionsV2(error=[], warn=[], silence=[])', 'indirect_selection': 'eager', 'log_path': '/home/kwakut/nyc-vehicle-collisions-project/dbt_nyc_vehicle_crashes/logs', 'cache_selected_only': 'False', 'fail_fast': 'False', 'version_check': 'True', 'quiet': 'False', 'partial_parse': 'True', 'static_parser': 'True', 'debug': 'False', 'write_json': 'True', 'introspect': 'True', 'log_cache_events': 'False', 'profiles_dir': '/home/kwakut/.dbt', 'use_colors': 'True', 'empty': 'False', 'warn_error': 'None', 'use_experimental_parser': 'False', 'target_path': 'None', 'invocation_command': 'dbt run'}
[0m12:55:46.827786 [debug] [MainThread]: Sending event: {'category': 'dbt', 'action': 'project_id', 'label': 'a86d6c36-5cdf-48a8-b66f-6c5b19c40d66', 'context': [<snowplow_tracker.self_describing_json.SelfDescribingJson object at 0x74ab6ec9ba40>]}
[0m12:55:47.048723 [debug] [MainThread]: Sending event: {'category': 'dbt', 'action': 'adapter_info', 'label': 'a86d6c36-5cdf-48a8-b66f-6c5b19c40d66', 'context': [<snowplow_tracker.self_describing_json.SelfDescribingJson object at 0x74ab6eadc500>]}
[0m12:55:47.050087 [info ] [MainThread]: Registered adapter: bigquery=1.11.1
[0m12:55:47.547994 [debug] [MainThread]: checksum: 7d524ac048c2100769df89d592e662e060a73ca564e31bd9c2a37efdfe8d8ab6, vars: {}, profile: , target: , version: 1.11.8
[0m12:55:48.593804 [debug] [MainThread]: Partial parsing enabled: 0 files deleted, 1 files added, 1 files changed.
[0m12:55:48.594763 [debug] [MainThread]: Partial parsing: added file: dbt_nyc_vehicle_crashes://models/mart/monthly_death_&_injured_toll.sql
[0m12:55:48.595728 [debug] [MainThread]: Partial parsing: updated file: dbt_nyc_vehicle_crashes://models/mart/monthly_crashes.sql
[0m12:55:49.023510 [error] [MainThread]: Encountered an error:
Compilation Error in model monthly_death_&_injured_toll (models/mart/monthly_death_&_injured_toll.sql)
  The name argument to ref() must be a string, got <class 'dbt_common.clients.jinja.create_undefined.<locals>.Undefined'>
[0m12:55:49.024708 [debug] [MainThread]: Resource report: {"command_name": "run", "command_success": false, "command_wall_clock_time": 6.6218233, "process_in_blocks": "5120", "process_kernel_time": 2.845365, "process_mem_max_rss": "223112", "process_out_blocks": "8", "process_user_time": 6.862971}
[0m12:55:49.025612 [debug] [MainThread]: Command `dbt run` failed at 12:55:49.025451 after 6.62 seconds
[0m12:55:49.026147 [debug] [MainThread]: Sending event: {'category': 'dbt', 'action': 'invocation', 'label': 'end', 'context': [<snowplow_tracker.self_describing_json.SelfDescribingJson object at 0x74ab8cc81ee0>, <snowplow_tracker.self_describing_json.SelfDescribingJson object at 0x74ab6e4c04d0>, <snowplow_tracker.self_describing_json.SelfDescribingJson object at 0x74ab6e9d9550>]}
[0m12:55:49.026942 [debug] [MainThread]: Flushing usage events
[0m12:55:50.686183 [debug] [MainThread]: An error was encountered while trying to flush usage events
[0m23:29:53.468563 [debug] [MainThread]: Sending event: {'category': 'dbt', 'action': 'invocation', 'label': 'start', 'context': [<snowplow_tracker.self_describing_json.SelfDescribingJson object at 0x741a35be3e60>, <snowplow_tracker.self_describing_json.SelfDescribingJson object at 0x741a36501490>, <snowplow_tracker.self_describing_json.SelfDescribingJson object at 0x741a376a6780>]}


============================== 23:29:53.495947 | fd2e207d-3da7-4865-a514-8a36626196e2 ==============================
[0m23:29:53.495947 [info ] [MainThread]: Running with dbt=1.11.8
[0m23:29:53.497700 [debug] [MainThread]: running dbt with arguments {'empty': 'False', 'no_print': 'None', 'debug': 'False', 'invocation_command': 'dbt run', 'use_experimental_parser': 'False', 'target_path': 'None', 'log_format': 'default', 'cache_selected_only': 'False', 'warn_error_options': 'WarnErrorOptionsV2(error=[], warn=[], silence=[])', 'send_anonymous_usage_stats': 'True', 'profiles_dir': '/home/kwakut/.dbt', 'partial_parse': 'True', 'fail_fast': 'False', 'log_path': '/home/kwakut/nyc-vehicle-collisions-project/dbt_nyc_vehicle_crashes/logs', 'version_check': 'True', 'indirect_selection': 'eager', 'log_cache_events': 'False', 'write_json': 'True', 'quiet': 'False', 'use_colors': 'True', 'static_parser': 'True', 'warn_error': 'None', 'printer_width': '80', 'introspect': 'True'}
[0m23:29:59.750105 [debug] [MainThread]: Sending event: {'category': 'dbt', 'action': 'project_id', 'label': 'fd2e207d-3da7-4865-a514-8a36626196e2', 'context': [<snowplow_tracker.self_describing_json.SelfDescribingJson object at 0x741a366ade80>]}
[0m23:29:59.907466 [debug] [MainThread]: Sending event: {'category': 'dbt', 'action': 'adapter_info', 'label': 'fd2e207d-3da7-4865-a514-8a36626196e2', 'context': [<snowplow_tracker.self_describing_json.SelfDescribingJson object at 0x741a1d457fe0>]}
[0m23:29:59.910384 [info ] [MainThread]: Registered adapter: bigquery=1.11.1
[0m23:30:00.523209 [debug] [MainThread]: checksum: 7d524ac048c2100769df89d592e662e060a73ca564e31bd9c2a37efdfe8d8ab6, vars: {}, profile: , target: , version: 1.11.8
[0m23:30:01.242493 [debug] [MainThread]: Partial parsing enabled: 0 files deleted, 1 files added, 1 files changed.
[0m23:30:01.243547 [debug] [MainThread]: Partial parsing: added file: dbt_nyc_vehicle_crashes://models/mart/monthly_death_&_injured_toll.sql
[0m23:30:01.244400 [debug] [MainThread]: Partial parsing: updated file: dbt_nyc_vehicle_crashes://models/mart/monthly_crashes.sql
[0m23:30:01.744923 [error] [MainThread]: Encountered an error:
Compilation Error in model monthly_death_&_injured_toll (models/mart/monthly_death_&_injured_toll.sql)
  The name argument to ref() must be a string, got <class 'dbt_common.clients.jinja.create_undefined.<locals>.Undefined'>
[0m23:30:01.747554 [debug] [MainThread]: Resource report: {"command_name": "run", "command_success": false, "command_wall_clock_time": 8.507049, "process_in_blocks": "284968", "process_kernel_time": 4.946799, "process_mem_max_rss": "222376", "process_out_blocks": "32", "process_user_time": 8.733035}
[0m23:30:01.749896 [debug] [MainThread]: Command `dbt run` failed at 23:30:01.749127 after 8.51 seconds
[0m23:30:01.751297 [debug] [MainThread]: Sending event: {'category': 'dbt', 'action': 'invocation', 'label': 'end', 'context': [<snowplow_tracker.self_describing_json.SelfDescribingJson object at 0x741a35f64fe0>, <snowplow_tracker.self_describing_json.SelfDescribingJson object at 0x741a1c70a7e0>, <snowplow_tracker.self_describing_json.SelfDescribingJson object at 0x741a17f824b0>]}
[0m23:30:01.753182 [debug] [MainThread]: Flushing usage events
[0m23:30:04.573260 [debug] [MainThread]: An error was encountered while trying to flush usage events
[0m23:30:49.664853 [debug] [MainThread]: Sending event: {'category': 'dbt', 'action': 'invocation', 'label': 'start', 'context': [<snowplow_tracker.self_describing_json.SelfDescribingJson object at 0x7bb16ac9db20>, <snowplow_tracker.self_describing_json.SelfDescribingJson object at 0x7bb16acc50d0>, <snowplow_tracker.self_describing_json.SelfDescribingJson object at 0x7bb16acc5040>]}


============================== 23:30:49.681568 | f3a8253c-10ca-4830-a9cb-e2f49f86bb63 ==============================
[0m23:30:49.681568 [info ] [MainThread]: Running with dbt=1.11.8
[0m23:30:49.684191 [debug] [MainThread]: running dbt with arguments {'send_anonymous_usage_stats': 'True', 'target_path': 'None', 'static_parser': 'True', 'write_json': 'True', 'printer_width': '80', 'warn_error': 'None', 'partial_parse': 'True', 'invocation_command': 'dbt run', 'indirect_selection': 'eager', 'log_format': 'default', 'fail_fast': 'False', 'use_colors': 'True', 'version_check': 'True', 'log_cache_events': 'False', 'quiet': 'False', 'log_path': '/home/kwakut/nyc-vehicle-collisions-project/dbt_nyc_vehicle_crashes/logs', 'profiles_dir': '/home/kwakut/.dbt', 'warn_error_options': 'WarnErrorOptionsV2(error=[], warn=[], silence=[])', 'cache_selected_only': 'False', 'introspect': 'True', 'no_print': 'None', 'debug': 'False', 'use_experimental_parser': 'False', 'empty': 'False'}
[0m23:30:52.320692 [debug] [MainThread]: Sending event: {'category': 'dbt', 'action': 'project_id', 'label': 'f3a8253c-10ca-4830-a9cb-e2f49f86bb63', 'context': [<snowplow_tracker.self_describing_json.SelfDescribingJson object at 0x7bb16d140ad0>]}
[0m23:30:52.476917 [debug] [MainThread]: Sending event: {'category': 'dbt', 'action': 'adapter_info', 'label': 'f3a8253c-10ca-4830-a9cb-e2f49f86bb63', 'context': [<snowplow_tracker.self_describing_json.SelfDescribingJson object at 0x7bb1515ff4d0>]}
[0m23:30:52.478196 [info ] [MainThread]: Registered adapter: bigquery=1.11.1
[0m23:30:53.014080 [debug] [MainThread]: checksum: 7d524ac048c2100769df89d592e662e060a73ca564e31bd9c2a37efdfe8d8ab6, vars: {}, profile: , target: , version: 1.11.8
[0m23:30:53.447591 [debug] [MainThread]: Partial parsing enabled: 0 files deleted, 1 files added, 1 files changed.
[0m23:30:53.450627 [debug] [MainThread]: Partial parsing: added file: dbt_nyc_vehicle_crashes://models/mart/monthly_death_&_injured_toll.sql
[0m23:30:53.451852 [debug] [MainThread]: Partial parsing: updated file: dbt_nyc_vehicle_crashes://models/mart/monthly_crashes.sql
[0m23:30:54.128016 [error] [MainThread]: Encountered an error:
Compilation Error in model monthly_death_&_injured_toll (models/mart/monthly_death_&_injured_toll.sql)
  The name argument to ref() must be a string, got <class 'dbt_common.clients.jinja.create_undefined.<locals>.Undefined'>
[0m23:30:54.129870 [debug] [MainThread]: Resource report: {"command_name": "run", "command_success": false, "command_wall_clock_time": 4.685591, "process_in_blocks": "0", "process_kernel_time": 1.459797, "process_mem_max_rss": "223248", "process_out_blocks": "16", "process_user_time": 8.181655}
[0m23:30:54.131875 [debug] [MainThread]: Command `dbt run` failed at 23:30:54.131531 after 4.69 seconds
[0m23:30:54.133129 [debug] [MainThread]: Sending event: {'category': 'dbt', 'action': 'invocation', 'label': 'end', 'context': [<snowplow_tracker.self_describing_json.SelfDescribingJson object at 0x7bb16cf3d1c0>, <snowplow_tracker.self_describing_json.SelfDescribingJson object at 0x7bb150f50f80>, <snowplow_tracker.self_describing_json.SelfDescribingJson object at 0x7bb150c040e0>]}
[0m23:30:54.134531 [debug] [MainThread]: Flushing usage events
[0m23:30:55.668844 [debug] [MainThread]: An error was encountered while trying to flush usage events
[0m23:33:32.784543 [debug] [MainThread]: Sending event: {'category': 'dbt', 'action': 'invocation', 'label': 'start', 'context': [<snowplow_tracker.self_describing_json.SelfDescribingJson object at 0x7ddf4329d820>, <snowplow_tracker.self_describing_json.SelfDescribingJson object at 0x7ddf4584fce0>, <snowplow_tracker.self_describing_json.SelfDescribingJson object at 0x7ddf4356bb30>]}


============================== 23:33:32.790756 | 6b7b4e9e-503b-406d-8269-769e857e3a35 ==============================
[0m23:33:32.790756 [info ] [MainThread]: Running with dbt=1.11.8
[0m23:33:32.792298 [debug] [MainThread]: running dbt with arguments {'use_experimental_parser': 'False', 'write_json': 'True', 'invocation_command': 'dbt run', 'introspect': 'True', 'log_format': 'default', 'log_cache_events': 'False', 'debug': 'False', 'log_path': '/home/kwakut/nyc-vehicle-collisions-project/dbt_nyc_vehicle_crashes/logs', 'warn_error': 'None', 'printer_width': '80', 'cache_selected_only': 'False', 'fail_fast': 'False', 'send_anonymous_usage_stats': 'True', 'version_check': 'True', 'no_print': 'None', 'empty': 'False', 'indirect_selection': 'eager', 'use_colors': 'True', 'partial_parse': 'True', 'target_path': 'None', 'static_parser': 'True', 'quiet': 'False', 'warn_error_options': 'WarnErrorOptionsV2(error=[], warn=[], silence=[])', 'profiles_dir': '/home/kwakut/.dbt'}
[0m23:33:35.242477 [debug] [MainThread]: Sending event: {'category': 'dbt', 'action': 'project_id', 'label': '6b7b4e9e-503b-406d-8269-769e857e3a35', 'context': [<snowplow_tracker.self_describing_json.SelfDescribingJson object at 0x7ddf25c3f260>]}
[0m23:33:35.423717 [debug] [MainThread]: Sending event: {'category': 'dbt', 'action': 'adapter_info', 'label': '6b7b4e9e-503b-406d-8269-769e857e3a35', 'context': [<snowplow_tracker.self_describing_json.SelfDescribingJson object at 0x7ddf271d4320>]}
[0m23:33:35.425587 [info ] [MainThread]: Registered adapter: bigquery=1.11.1
[0m23:33:35.774380 [debug] [MainThread]: checksum: 7d524ac048c2100769df89d592e662e060a73ca564e31bd9c2a37efdfe8d8ab6, vars: {}, profile: , target: , version: 1.11.8
[0m23:33:36.147675 [debug] [MainThread]: Partial parsing enabled: 0 files deleted, 1 files added, 1 files changed.
[0m23:33:36.148754 [debug] [MainThread]: Partial parsing: added file: dbt_nyc_vehicle_crashes://models/mart/monthly_death_&_injured_toll.sql
[0m23:33:36.149720 [debug] [MainThread]: Partial parsing: updated file: dbt_nyc_vehicle_crashes://models/mart/monthly_crashes.sql
[0m23:33:36.686924 [error] [MainThread]: Encountered an error:
Compilation Error in model monthly_death_&_injured_toll (models/mart/monthly_death_&_injured_toll.sql)
  The name argument to ref() must be a string, got <class 'dbt_common.clients.jinja.create_undefined.<locals>.Undefined'>
[0m23:33:36.689481 [debug] [MainThread]: Resource report: {"command_name": "run", "command_success": false, "command_wall_clock_time": 3.9977412, "process_in_blocks": "0", "process_kernel_time": 1.128798, "process_mem_max_rss": "222964", "process_out_blocks": "16", "process_user_time": 6.491594}
[0m23:33:36.691484 [debug] [MainThread]: Command `dbt run` failed at 23:33:36.691172 after 4.00 seconds
[0m23:33:36.692514 [debug] [MainThread]: Sending event: {'category': 'dbt', 'action': 'invocation', 'label': 'end', 'context': [<snowplow_tracker.self_describing_json.SelfDescribingJson object at 0x7ddf42df4380>, <snowplow_tracker.self_describing_json.SelfDescribingJson object at 0x7ddf25262c00>, <snowplow_tracker.self_describing_json.SelfDescribingJson object at 0x7ddf25b36ff0>]}
[0m23:33:36.693739 [debug] [MainThread]: Flushing usage events
[0m23:33:39.510013 [debug] [MainThread]: An error was encountered while trying to flush usage events
[0m23:38:43.894016 [debug] [MainThread]: Sending event: {'category': 'dbt', 'action': 'invocation', 'label': 'start', 'context': [<snowplow_tracker.self_describing_json.SelfDescribingJson object at 0x7093d2d0b320>, <snowplow_tracker.self_describing_json.SelfDescribingJson object at 0x7093d26becf0>, <snowplow_tracker.self_describing_json.SelfDescribingJson object at 0x7093d321acf0>]}


============================== 23:38:43.900587 | ffa6d202-32a7-4fd8-adab-321f0b162c8a ==============================
[0m23:38:43.900587 [info ] [MainThread]: Running with dbt=1.11.8
[0m23:38:43.902062 [debug] [MainThread]: running dbt with arguments {'no_print': 'None', 'cache_selected_only': 'False', 'static_parser': 'True', 'warn_error': 'None', 'version_check': 'True', 'debug': 'False', 'indirect_selection': 'eager', 'send_anonymous_usage_stats': 'True', 'log_path': '/home/kwakut/nyc-vehicle-collisions-project/dbt_nyc_vehicle_crashes/logs', 'use_experimental_parser': 'False', 'log_cache_events': 'False', 'empty': 'False', 'use_colors': 'True', 'fail_fast': 'False', 'introspect': 'True', 'partial_parse': 'True', 'printer_width': '80', 'profiles_dir': '/home/kwakut/.dbt', 'invocation_command': 'dbt run', 'write_json': 'True', 'quiet': 'False', 'log_format': 'default', 'warn_error_options': 'WarnErrorOptionsV2(error=[], warn=[], silence=[])', 'target_path': 'None'}
[0m23:38:47.362387 [debug] [MainThread]: Sending event: {'category': 'dbt', 'action': 'project_id', 'label': 'ffa6d202-32a7-4fd8-adab-321f0b162c8a', 'context': [<snowplow_tracker.self_describing_json.SelfDescribingJson object at 0x7093b9796ba0>]}
[0m23:38:47.622960 [debug] [MainThread]: Sending event: {'category': 'dbt', 'action': 'adapter_info', 'label': 'ffa6d202-32a7-4fd8-adab-321f0b162c8a', 'context': [<snowplow_tracker.self_describing_json.SelfDescribingJson object at 0x7093b944ac00>]}
[0m23:38:47.624784 [info ] [MainThread]: Registered adapter: bigquery=1.11.1
[0m23:38:47.979312 [debug] [MainThread]: checksum: 7d524ac048c2100769df89d592e662e060a73ca564e31bd9c2a37efdfe8d8ab6, vars: {}, profile: , target: , version: 1.11.8
[0m23:38:48.516820 [debug] [MainThread]: Partial parsing enabled: 0 files deleted, 1 files added, 1 files changed.
[0m23:38:48.518374 [debug] [MainThread]: Partial parsing: added file: dbt_nyc_vehicle_crashes://models/mart/monthly_death_&_injured_toll.sql
[0m23:38:48.519564 [debug] [MainThread]: Partial parsing: updated file: dbt_nyc_vehicle_crashes://models/mart/monthly_crashes.sql
[0m23:38:49.296843 [error] [MainThread]: Encountered an error:
Compilation Error
  Model 'model.dbt_nyc_vehicle_crashes.monthly_death_&_injured_toll' (models/mart/monthly_death_&_injured_toll.sql) depends on a node named ' stg_2025_nyc_crashes' which was not found
[0m23:38:49.299073 [debug] [MainThread]: Resource report: {"command_name": "run", "command_success": false, "command_wall_clock_time": 5.582614, "process_in_blocks": "240", "process_kernel_time": 1.979578, "process_mem_max_rss": "223072", "process_out_blocks": "16", "process_user_time": 8.757484}
[0m23:38:49.302685 [debug] [MainThread]: Command `dbt run` failed at 23:38:49.301359 after 5.59 seconds
[0m23:38:49.309454 [debug] [MainThread]: Sending event: {'category': 'dbt', 'action': 'invocation', 'label': 'end', 'context': [<snowplow_tracker.self_describing_json.SelfDescribingJson object at 0x7093d221f3b0>, <snowplow_tracker.self_describing_json.SelfDescribingJson object at 0x7093b8fe6cf0>, <snowplow_tracker.self_describing_json.SelfDescribingJson object at 0x7093b94a8ce0>]}
[0m23:38:49.311012 [debug] [MainThread]: Flushing usage events
[0m23:38:51.458163 [debug] [MainThread]: An error was encountered while trying to flush usage events
[0m23:39:31.216895 [debug] [MainThread]: Sending event: {'category': 'dbt', 'action': 'invocation', 'label': 'start', 'context': [<snowplow_tracker.self_describing_json.SelfDescribingJson object at 0x7b7a893b9280>, <snowplow_tracker.self_describing_json.SelfDescribingJson object at 0x7b7a88ca8650>, <snowplow_tracker.self_describing_json.SelfDescribingJson object at 0x7b7a893bb560>]}


============================== 23:39:31.222642 | 371ac349-6d49-4e70-8ba1-3e96e93f5c6e ==============================
[0m23:39:31.222642 [info ] [MainThread]: Running with dbt=1.11.8
[0m23:39:31.223856 [debug] [MainThread]: running dbt with arguments {'no_print': 'None', 'fail_fast': 'False', 'write_json': 'True', 'log_cache_events': 'False', 'warn_error': 'None', 'empty': 'False', 'static_parser': 'True', 'send_anonymous_usage_stats': 'True', 'profiles_dir': '/home/kwakut/.dbt', 'partial_parse': 'True', 'indirect_selection': 'eager', 'use_colors': 'True', 'target_path': 'None', 'cache_selected_only': 'False', 'log_path': '/home/kwakut/nyc-vehicle-collisions-project/dbt_nyc_vehicle_crashes/logs', 'version_check': 'True', 'quiet': 'False', 'invocation_command': 'dbt run', 'debug': 'False', 'printer_width': '80', 'introspect': 'True', 'use_experimental_parser': 'False', 'warn_error_options': 'WarnErrorOptionsV2(error=[], warn=[], silence=[])', 'log_format': 'default'}
[0m23:39:33.552369 [debug] [MainThread]: Sending event: {'category': 'dbt', 'action': 'project_id', 'label': '371ac349-6d49-4e70-8ba1-3e96e93f5c6e', 'context': [<snowplow_tracker.self_describing_json.SelfDescribingJson object at 0x7b7a6b754260>]}
[0m23:39:33.695668 [debug] [MainThread]: Sending event: {'category': 'dbt', 'action': 'adapter_info', 'label': '371ac349-6d49-4e70-8ba1-3e96e93f5c6e', 'context': [<snowplow_tracker.self_describing_json.SelfDescribingJson object at 0x7b7a6bdf9880>]}
[0m23:39:33.696824 [info ] [MainThread]: Registered adapter: bigquery=1.11.1
[0m23:39:34.088757 [debug] [MainThread]: checksum: 7d524ac048c2100769df89d592e662e060a73ca564e31bd9c2a37efdfe8d8ab6, vars: {}, profile: , target: , version: 1.11.8
[0m23:39:34.518023 [debug] [MainThread]: Partial parsing enabled: 0 files deleted, 1 files added, 1 files changed.
[0m23:39:34.521054 [debug] [MainThread]: Partial parsing: added file: dbt_nyc_vehicle_crashes://models/mart/monthly_death_&_injured_toll.sql
[0m23:39:34.533721 [debug] [MainThread]: Partial parsing: updated file: dbt_nyc_vehicle_crashes://models/mart/monthly_crashes.sql
[0m23:39:35.512712 [debug] [MainThread]: Sending event: {'category': 'dbt', 'action': 'load_project', 'label': '371ac349-6d49-4e70-8ba1-3e96e93f5c6e', 'context': [<snowplow_tracker.self_describing_json.SelfDescribingJson object at 0x7b7a6b2598b0>]}
[0m23:39:35.808315 [debug] [MainThread]: Wrote artifact WritableManifest to /home/kwakut/nyc-vehicle-collisions-project/dbt_nyc_vehicle_crashes/target/manifest.json
[0m23:39:35.829306 [debug] [MainThread]: Wrote artifact SemanticManifest to /home/kwakut/nyc-vehicle-collisions-project/dbt_nyc_vehicle_crashes/target/semantic_manifest.json
[0m23:39:35.920092 [debug] [MainThread]: Sending event: {'category': 'dbt', 'action': 'resource_counts', 'label': '371ac349-6d49-4e70-8ba1-3e96e93f5c6e', 'context': [<snowplow_tracker.self_describing_json.SelfDescribingJson object at 0x7b7a6a9704d0>]}
[0m23:39:35.922239 [info ] [MainThread]: Found 7 models, 2 data tests, 1 source, 539 macros
[0m23:39:35.924052 [debug] [MainThread]: Sending event: {'category': 'dbt', 'action': 'runnable_timing', 'label': '371ac349-6d49-4e70-8ba1-3e96e93f5c6e', 'context': [<snowplow_tracker.self_describing_json.SelfDescribingJson object at 0x7b7a6a939460>]}
[0m23:39:35.934689 [info ] [MainThread]: 
[0m23:39:35.937112 [info ] [MainThread]: Concurrency: 1 threads (target='dev')
[0m23:39:35.939089 [info ] [MainThread]: 
[0m23:39:35.941380 [debug] [MainThread]: Acquiring new bigquery connection 'master'
[0m23:39:35.974546 [debug] [ThreadPool]: Acquiring new bigquery connection 'list_nyc-motor-vehicle-collision-12'
[0m23:39:35.976862 [debug] [ThreadPool]: Opening a new connection, currently in state init
[0m23:39:50.730388 [debug] [ThreadPool]: Opening a new connection, currently in state closed
[0m23:39:52.726163 [debug] [ThreadPool]: Re-using an available connection from the pool (formerly list_nyc-motor-vehicle-collision-12, now list_nyc-motor-vehicle-collision-12_nyc_motor_vehicle_collision_dataset_mart_monthly_crashes)
[0m23:39:52.734789 [debug] [ThreadPool]: Opening a new connection, currently in state closed
[0m23:39:54.828367 [debug] [ThreadPool]: Re-using an available connection from the pool (formerly list_nyc-motor-vehicle-collision-12_nyc_motor_vehicle_collision_dataset_mart_monthly_crashes, now list_nyc-motor-vehicle-collision-12_nyc_motor_vehicle_collision_dataset_stg_2025_nyc_crashes)
[0m23:39:54.842827 [debug] [ThreadPool]: Opening a new connection, currently in state closed
[0m23:39:57.408128 [debug] [MainThread]: Sending event: {'category': 'dbt', 'action': 'runnable_timing', 'label': '371ac349-6d49-4e70-8ba1-3e96e93f5c6e', 'context': [<snowplow_tracker.self_describing_json.SelfDescribingJson object at 0x7b7a8b648620>]}
[0m23:39:57.412500 [debug] [MainThread]: Opening a new connection, currently in state init
[0m23:39:57.462873 [debug] [Thread-1 (]: Began running node model.dbt_nyc_vehicle_crashes.stg_2025_nyc_crashes
[0m23:39:57.464122 [info ] [Thread-1 (]: 1 of 7 START sql table model nyc_motor_vehicle_collision_dataset_stg_2025_nyc_crashes.stg_2025_nyc_crashes  [RUN]
[0m23:39:57.465291 [debug] [Thread-1 (]: Re-using an available connection from the pool (formerly list_nyc-motor-vehicle-collision-12_nyc_motor_vehicle_collision_dataset_stg_2025_nyc_crashes, now model.dbt_nyc_vehicle_crashes.stg_2025_nyc_crashes)
[0m23:39:57.466078 [debug] [Thread-1 (]: Began compiling node model.dbt_nyc_vehicle_crashes.stg_2025_nyc_crashes
[0m23:39:57.487472 [debug] [Thread-1 (]: Writing injected SQL for node "model.dbt_nyc_vehicle_crashes.stg_2025_nyc_crashes"
[0m23:39:57.497271 [debug] [Thread-1 (]: Began executing node model.dbt_nyc_vehicle_crashes.stg_2025_nyc_crashes
[0m23:39:57.547770 [debug] [Thread-1 (]: Opening a new connection, currently in state closed
[0m23:39:59.482193 [debug] [Thread-1 (]: Writing runtime sql for node "model.dbt_nyc_vehicle_crashes.stg_2025_nyc_crashes"
[0m23:39:59.486075 [debug] [Thread-1 (]: On model.dbt_nyc_vehicle_crashes.stg_2025_nyc_crashes: /* {"app": "dbt", "dbt_version": "1.11.8", "profile_name": "dbt_nyc_vehicle_crashes", "target_name": "dev", "node_id": "model.dbt_nyc_vehicle_crashes.stg_2025_nyc_crashes"} */

  
    

    create or replace table `nyc-motor-vehicle-collision-12`.`nyc_motor_vehicle_collision_dataset_stg_2025_nyc_crashes`.`stg_2025_nyc_crashes`
      
    
    

    
    OPTIONS()
    as (
      WITH source AS (

    SELECT
        DATE(SUBSTR(crash_date, 1, 10)) AS crash_date,
        SAFE.PARSE_TIME('%H:%M', crash_time) AS crash_time,
        on_street_name,
        off_street_name,
        SAFE_CAST(number_of_persons_injured AS INT64) AS number_of_persons_injured,
        SAFE_CAST(number_of_persons_killed AS INT64) AS number_of_persons_killed,
        SAFE_CAST(number_of_pedestrians_injured AS INT64) AS number_of_pedestrians_injured,
        SAFE_CAST(number_of_pedestrians_killed AS INT64) AS number_of_pedestrians_killed,
        SAFE_CAST(number_of_cyclist_injured AS INT64) AS number_of_cyclist_injured,
        SAFE_CAST(number_of_cyclist_killed AS INT64) AS number_of_cyclist_killed,
        SAFE_CAST(number_of_motorist_injured AS INT64) AS number_of_motorist_injured,
        SAFE_CAST(number_of_motorist_killed AS INT64) AS number_of_motorist_killed,
        contributing_factor_vehicle_1,
        contributing_factor_vehicle_2,
        CAST(collision_id AS INT64) AS collision_id,
        vehicle_type_code1 AS vehicle_type_code_1,
        vehicle_type_code2 AS vehicle_type_code_2,
        borough,
        zip_code,
        SAFE_CAST(latitude AS FLOAT64) AS latitude,
        SAFE_CAST(longitude AS FLOAT64) AS longitude,
        location,
        contributing_factor_vehicle_3,
        vehicle_type_code_3,
        cross_street_name,
        contributing_factor_vehicle_4,
        vehicle_type_code_4,
        contributing_factor_vehicle_5,
        vehicle_type_code_5
    FROM `nyc-motor-vehicle-collision-12`.`nyc_motor_vehicle_collision_dataset`.`nyc_motor_crashes`
)
SELECT 
    *,
    current_timestamp() AS ingestion_timestamp 
FROM source
    );
  
[0m23:40:01.059214 [debug] [Thread-1 (]: BigQuery adapter: https://console.cloud.google.com/bigquery?project=nyc-motor-vehicle-collision-12&j=bq:US:25a19002-7964-4cc4-b84a-9bc55194e83c&page=queryresults
[0m23:40:04.390894 [debug] [Thread-1 (]: SQL status: OK in 3.328 seconds
[0m23:40:05.595954 [debug] [Thread-1 (]: Sending event: {'category': 'dbt', 'action': 'run_model', 'label': '371ac349-6d49-4e70-8ba1-3e96e93f5c6e', 'context': [<snowplow_tracker.self_describing_json.SelfDescribingJson object at 0x7b7a89a7e3f0>]}
[0m23:40:05.599137 [info ] [Thread-1 (]: 1 of 7 OK created sql table model nyc_motor_vehicle_collision_dataset_stg_2025_nyc_crashes.stg_2025_nyc_crashes  [[32mCREATE TABLE (85.5k rows, 22.6 MiB processed)[0m in 8.12s]
[0m23:40:05.601900 [debug] [Thread-1 (]: Finished running node model.dbt_nyc_vehicle_crashes.stg_2025_nyc_crashes
[0m23:40:05.605068 [debug] [Thread-1 (]: Began running node model.dbt_nyc_vehicle_crashes.daily_crashes
[0m23:40:05.611426 [info ] [Thread-1 (]: 2 of 7 START sql table model nyc_motor_vehicle_collision_dataset_mart_monthly_crashes.daily_crashes  [RUN]
[0m23:40:05.616500 [debug] [Thread-1 (]: Re-using an available connection from the pool (formerly model.dbt_nyc_vehicle_crashes.stg_2025_nyc_crashes, now model.dbt_nyc_vehicle_crashes.daily_crashes)
[0m23:40:05.618264 [debug] [Thread-1 (]: Began compiling node model.dbt_nyc_vehicle_crashes.daily_crashes
[0m23:40:05.640181 [debug] [Thread-1 (]: Writing injected SQL for node "model.dbt_nyc_vehicle_crashes.daily_crashes"
[0m23:40:05.654816 [debug] [Thread-1 (]: Began executing node model.dbt_nyc_vehicle_crashes.daily_crashes
[0m23:40:05.662082 [debug] [Thread-1 (]: Opening a new connection, currently in state closed
[0m23:40:08.676896 [debug] [Thread-1 (]: Writing runtime sql for node "model.dbt_nyc_vehicle_crashes.daily_crashes"
[0m23:40:08.690797 [debug] [Thread-1 (]: On model.dbt_nyc_vehicle_crashes.daily_crashes: /* {"app": "dbt", "dbt_version": "1.11.8", "profile_name": "dbt_nyc_vehicle_crashes", "target_name": "dev", "node_id": "model.dbt_nyc_vehicle_crashes.daily_crashes"} */

  
    

    create or replace table `nyc-motor-vehicle-collision-12`.`nyc_motor_vehicle_collision_dataset_mart_monthly_crashes`.`daily_crashes`
      
    
    

    
    OPTIONS()
    as (
      # Which day of the week has the highest number of accidents in Nyc.

SELECT
  FORMAT_DATE('%A', crash_date) AS day_name,
  COUNT(crash_date) AS total_crashes
FROM
  `nyc-motor-vehicle-collision-12`.`nyc_motor_vehicle_collision_dataset_stg_2025_nyc_crashes`.`stg_2025_nyc_crashes`
GROUP BY day_name
ORDER BY COUNT(crash_date) DESC
    );
  
[0m23:40:09.828110 [debug] [Thread-1 (]: BigQuery adapter: https://console.cloud.google.com/bigquery?project=nyc-motor-vehicle-collision-12&j=bq:US:29cff6af-04c0-47c3-87b9-bf172218b83d&page=queryresults
[0m23:40:22.079141 [debug] [Thread-1 (]: SQL status: OK in 12.930 seconds
[0m23:40:22.799200 [debug] [Thread-1 (]: Sending event: {'category': 'dbt', 'action': 'run_model', 'label': '371ac349-6d49-4e70-8ba1-3e96e93f5c6e', 'context': [<snowplow_tracker.self_describing_json.SelfDescribingJson object at 0x7b7a686e9af0>]}
[0m23:40:22.804522 [info ] [Thread-1 (]: 2 of 7 OK created sql table model nyc_motor_vehicle_collision_dataset_mart_monthly_crashes.daily_crashes  [[32mCREATE TABLE (7.0 rows, 668.3 KiB processed)[0m in 17.18s]
[0m23:40:22.809912 [debug] [Thread-1 (]: Finished running node model.dbt_nyc_vehicle_crashes.daily_crashes
[0m23:40:22.813744 [debug] [Thread-1 (]: Began running node model.dbt_nyc_vehicle_crashes.monthly_crashes
[0m23:40:22.828010 [info ] [Thread-1 (]: 3 of 7 START sql table model nyc_motor_vehicle_collision_dataset_mart_monthly_crashes.monthly_crashes  [RUN]
[0m23:40:22.832927 [debug] [Thread-1 (]: Re-using an available connection from the pool (formerly model.dbt_nyc_vehicle_crashes.daily_crashes, now model.dbt_nyc_vehicle_crashes.monthly_crashes)
[0m23:40:22.837430 [debug] [Thread-1 (]: Began compiling node model.dbt_nyc_vehicle_crashes.monthly_crashes
[0m23:40:22.859470 [debug] [Thread-1 (]: Writing injected SQL for node "model.dbt_nyc_vehicle_crashes.monthly_crashes"
[0m23:40:22.870491 [debug] [Thread-1 (]: Began executing node model.dbt_nyc_vehicle_crashes.monthly_crashes
[0m23:40:22.910749 [debug] [Thread-1 (]: Opening a new connection, currently in state closed
[0m23:40:24.927675 [debug] [Thread-1 (]: Writing runtime sql for node "model.dbt_nyc_vehicle_crashes.monthly_crashes"
[0m23:40:24.937566 [debug] [Thread-1 (]: On model.dbt_nyc_vehicle_crashes.monthly_crashes: /* {"app": "dbt", "dbt_version": "1.11.8", "profile_name": "dbt_nyc_vehicle_crashes", "target_name": "dev", "node_id": "model.dbt_nyc_vehicle_crashes.monthly_crashes"} */

  
    

    create or replace table `nyc-motor-vehicle-collision-12`.`nyc_motor_vehicle_collision_dataset_mart_monthly_crashes`.`monthly_crashes`
      
    
    

    
    OPTIONS()
    as (
      # Monthly crashes in Nyc 

SELECT
  FORMAT_DATE('%B', crash_date) AS month_name,
  COUNT(crash_date) AS total_crashes
FROM
  `nyc-motor-vehicle-collision-12`.`nyc_motor_vehicle_collision_dataset_stg_2025_nyc_crashes`.`stg_2025_nyc_crashes`
GROUP BY month_name
    );
  
[0m23:40:26.528196 [debug] [Thread-1 (]: BigQuery adapter: https://console.cloud.google.com/bigquery?project=nyc-motor-vehicle-collision-12&j=bq:US:71d3c0f9-f28f-478c-b759-7a554835c936&page=queryresults
[0m23:40:29.198384 [debug] [Thread-1 (]: SQL status: OK in 2.667 seconds
[0m23:40:29.997237 [debug] [Thread-1 (]: Sending event: {'category': 'dbt', 'action': 'run_model', 'label': '371ac349-6d49-4e70-8ba1-3e96e93f5c6e', 'context': [<snowplow_tracker.self_describing_json.SelfDescribingJson object at 0x7b7a68504a40>]}
[0m23:40:30.014621 [info ] [Thread-1 (]: 3 of 7 OK created sql table model nyc_motor_vehicle_collision_dataset_mart_monthly_crashes.monthly_crashes  [[32mCREATE TABLE (12.0 rows, 668.3 KiB processed)[0m in 7.16s]
[0m23:40:30.043967 [debug] [Thread-1 (]: Finished running node model.dbt_nyc_vehicle_crashes.monthly_crashes
[0m23:40:30.059894 [debug] [Thread-1 (]: Began running node model.dbt_nyc_vehicle_crashes.monthly_death_&_injured_toll
[0m23:40:30.077179 [info ] [Thread-1 (]: 4 of 7 START sql table model nyc_motor_vehicle_collision_dataset_mart_monthly_crashes.monthly_death_&_injured_toll  [RUN]
[0m23:40:30.094126 [debug] [Thread-1 (]: Re-using an available connection from the pool (formerly model.dbt_nyc_vehicle_crashes.monthly_crashes, now model.dbt_nyc_vehicle_crashes.monthly_death_&_injured_toll)
[0m23:40:30.108411 [debug] [Thread-1 (]: Began compiling node model.dbt_nyc_vehicle_crashes.monthly_death_&_injured_toll
[0m23:40:30.147264 [debug] [Thread-1 (]: Writing injected SQL for node "model.dbt_nyc_vehicle_crashes.monthly_death_&_injured_toll"
[0m23:40:30.196483 [debug] [Thread-1 (]: Began executing node model.dbt_nyc_vehicle_crashes.monthly_death_&_injured_toll
[0m23:40:30.209256 [debug] [Thread-1 (]: Writing runtime sql for node "model.dbt_nyc_vehicle_crashes.monthly_death_&_injured_toll"
[0m23:40:30.213599 [debug] [Thread-1 (]: On model.dbt_nyc_vehicle_crashes.monthly_death_&_injured_toll: /* {"app": "dbt", "dbt_version": "1.11.8", "profile_name": "dbt_nyc_vehicle_crashes", "target_name": "dev", "node_id": "model.dbt_nyc_vehicle_crashes.monthly_death_&_injured_toll"} */

  
    

    create or replace table `nyc-motor-vehicle-collision-12`.`nyc_motor_vehicle_collision_dataset_mart_monthly_crashes`.`monthly_death_&_injured_toll`
      
    
    

    
    OPTIONS()
    as (
      # Monthly Death and Injured Toll in Nyc 

WITH casualities AS (
SELECT
  FORMAT_DATE('%B', crash_date) AS month_name,
  SUM(number_of_persons_killed) +
  SUM(number_of_pedestrians_killed) + 
  SUM(number_of_cyclist_killed) + 
  SUM(number_of_motorist_killed) AS death_toll,
  SUM(number_of_persons_injured) +
  SUM(number_of_pedestrians_injured) + 
  SUM(number_of_cyclist_injured) + 
  SUM(number_of_motorist_injured) AS injury_toll
FROM
  `nyc-motor-vehicle-collision-12`.`nyc_motor_vehicle_collision_dataset_stg_2025_nyc_crashes`.`stg_2025_nyc_crashes`
GROUP BY month_name
)
SELECT
    c.month_name,
    c.death_toll,
    c.injury_toll,
    SUM(c.death_toll) +
    SUM(c.injury_toll) AS total_casualties
FROM 
    casualties c
GROUP BY c.month_name, c.death_toll, c.injury_toll
    );
  
[0m23:40:30.214604 [debug] [Thread-1 (]: Opening a new connection, currently in state closed
[0m23:40:32.391612 [debug] [Thread-1 (]: BigQuery adapter: https://console.cloud.google.com/bigquery?project=nyc-motor-vehicle-collision-12&j=bq:US:2afc15b0-fe29-48f3-90a3-52f8d4ddac5c&page=queryresults
[0m23:40:32.410270 [error] [Thread-1 (]: BigQuery adapter: https://console.cloud.google.com/bigquery?project=nyc-motor-vehicle-collision-12&j=bq:US:2afc15b0-fe29-48f3-90a3-52f8d4ddac5c&page=queryresults
[0m23:40:32.533003 [debug] [Thread-1 (]: Database Error in model monthly_death_&_injured_toll (models/mart/monthly_death_&_injured_toll.sql)
  Invalid table ID "monthly_death_&_injured_toll".
  compiled code at target/run/dbt_nyc_vehicle_crashes/models/mart/monthly_death_&_injured_toll.sql
[0m23:40:32.534586 [debug] [Thread-1 (]: Sending event: {'category': 'dbt', 'action': 'run_model', 'label': '371ac349-6d49-4e70-8ba1-3e96e93f5c6e', 'context': [<snowplow_tracker.self_describing_json.SelfDescribingJson object at 0x7b7a6a9e40e0>]}
[0m23:40:32.536526 [error] [Thread-1 (]: 4 of 7 ERROR creating sql table model nyc_motor_vehicle_collision_dataset_mart_monthly_crashes.monthly_death_&_injured_toll  [[31mERROR[0m in 2.44s]
[0m23:40:32.538725 [debug] [Thread-1 (]: Finished running node model.dbt_nyc_vehicle_crashes.monthly_death_&_injured_toll
[0m23:40:32.540411 [debug] [Thread-1 (]: Began running node model.dbt_nyc_vehicle_crashes.street_with_most_crashes
[0m23:40:32.542093 [debug] [Thread-4 (]: Marking all children of 'model.dbt_nyc_vehicle_crashes.monthly_death_&_injured_toll' to be skipped because of status 'error'.  Reason: Database Error in model monthly_death_&_injured_toll (models/mart/monthly_death_&_injured_toll.sql)
  Invalid table ID "monthly_death_&_injured_toll".
  compiled code at target/run/dbt_nyc_vehicle_crashes/models/mart/monthly_death_&_injured_toll.sql.
[0m23:40:32.544838 [info ] [Thread-1 (]: 5 of 7 START sql table model nyc_motor_vehicle_collision_dataset_mart_monthly_crashes.street_with_most_crashes  [RUN]
[0m23:40:32.552181 [debug] [Thread-1 (]: Re-using an available connection from the pool (formerly model.dbt_nyc_vehicle_crashes.monthly_death_&_injured_toll, now model.dbt_nyc_vehicle_crashes.street_with_most_crashes)
[0m23:40:32.553693 [debug] [Thread-1 (]: Began compiling node model.dbt_nyc_vehicle_crashes.street_with_most_crashes
[0m23:40:32.567507 [debug] [Thread-1 (]: Writing injected SQL for node "model.dbt_nyc_vehicle_crashes.street_with_most_crashes"
[0m23:40:32.573256 [debug] [Thread-1 (]: Began executing node model.dbt_nyc_vehicle_crashes.street_with_most_crashes
[0m23:40:32.579195 [debug] [Thread-1 (]: Opening a new connection, currently in state closed
[0m23:40:34.354874 [debug] [Thread-1 (]: Writing runtime sql for node "model.dbt_nyc_vehicle_crashes.street_with_most_crashes"
[0m23:40:34.370334 [debug] [Thread-1 (]: On model.dbt_nyc_vehicle_crashes.street_with_most_crashes: /* {"app": "dbt", "dbt_version": "1.11.8", "profile_name": "dbt_nyc_vehicle_crashes", "target_name": "dev", "node_id": "model.dbt_nyc_vehicle_crashes.street_with_most_crashes"} */

  
    

    create or replace table `nyc-motor-vehicle-collision-12`.`nyc_motor_vehicle_collision_dataset_mart_monthly_crashes`.`street_with_most_crashes`
      
    
    

    
    OPTIONS()
    as (
      # Most common streets where crashes happen in Nyc 

SELECT
  on_street_name,
  COUNT(crash_date) AS total_crashes
FROM
  `nyc-motor-vehicle-collision-12`.`nyc_motor_vehicle_collision_dataset_stg_2025_nyc_crashes`.`stg_2025_nyc_crashes`
GROUP BY on_street_name
ORDER BY COUNT(crash_date) DESC
    );
  
[0m23:40:35.329669 [debug] [Thread-1 (]: BigQuery adapter: https://console.cloud.google.com/bigquery?project=nyc-motor-vehicle-collision-12&j=bq:US:ebd33f71-9618-42fe-83cd-534716c9750c&page=queryresults
[0m23:40:37.670462 [debug] [Thread-1 (]: SQL status: OK in 2.327 seconds
[0m23:40:38.463101 [debug] [Thread-1 (]: Sending event: {'category': 'dbt', 'action': 'run_model', 'label': '371ac349-6d49-4e70-8ba1-3e96e93f5c6e', 'context': [<snowplow_tracker.self_describing_json.SelfDescribingJson object at 0x7b7a6846bfe0>]}
[0m23:40:38.469946 [info ] [Thread-1 (]: 5 of 7 OK created sql table model nyc_motor_vehicle_collision_dataset_mart_monthly_crashes.street_with_most_crashes  [[32mCREATE TABLE (4.3k rows, 1.6 MiB processed)[0m in 5.91s]
[0m23:40:38.482862 [debug] [Thread-1 (]: Finished running node model.dbt_nyc_vehicle_crashes.street_with_most_crashes
[0m23:40:38.486140 [debug] [Thread-1 (]: Began running node model.dbt_nyc_vehicle_crashes.total_crashes_by_borough
[0m23:40:38.495041 [info ] [Thread-1 (]: 6 of 7 START sql table model nyc_motor_vehicle_collision_dataset_mart_monthly_crashes.total_crashes_by_borough  [RUN]
[0m23:40:38.501124 [debug] [Thread-1 (]: Re-using an available connection from the pool (formerly model.dbt_nyc_vehicle_crashes.street_with_most_crashes, now model.dbt_nyc_vehicle_crashes.total_crashes_by_borough)
[0m23:40:38.505097 [debug] [Thread-1 (]: Began compiling node model.dbt_nyc_vehicle_crashes.total_crashes_by_borough
[0m23:40:38.532728 [debug] [Thread-1 (]: Writing injected SQL for node "model.dbt_nyc_vehicle_crashes.total_crashes_by_borough"
[0m23:40:38.536843 [debug] [Thread-1 (]: Began executing node model.dbt_nyc_vehicle_crashes.total_crashes_by_borough
[0m23:40:38.554571 [debug] [Thread-1 (]: Opening a new connection, currently in state closed
[0m23:40:40.077153 [debug] [Thread-1 (]: Writing runtime sql for node "model.dbt_nyc_vehicle_crashes.total_crashes_by_borough"
[0m23:40:40.080242 [debug] [Thread-1 (]: On model.dbt_nyc_vehicle_crashes.total_crashes_by_borough: /* {"app": "dbt", "dbt_version": "1.11.8", "profile_name": "dbt_nyc_vehicle_crashes", "target_name": "dev", "node_id": "model.dbt_nyc_vehicle_crashes.total_crashes_by_borough"} */

  
    

    create or replace table `nyc-motor-vehicle-collision-12`.`nyc_motor_vehicle_collision_dataset_mart_monthly_crashes`.`total_crashes_by_borough`
      
    
    

    
    OPTIONS()
    as (
      # Total crashes by Borough in Nyc 

SELECT
  Borough,
  COUNT(crash_date) AS total_crashes
FROM
  `nyc-motor-vehicle-collision-12`.`nyc_motor_vehicle_collision_dataset_stg_2025_nyc_crashes`.`stg_2025_nyc_crashes`
GROUP BY Borough
ORDER BY COUNT(crash_date) DESC
    );
  
[0m23:40:41.442285 [debug] [Thread-1 (]: BigQuery adapter: https://console.cloud.google.com/bigquery?project=nyc-motor-vehicle-collision-12&j=bq:US:472703bf-42e4-4775-bb29-5832a90a0b43&page=queryresults
[0m23:40:44.052461 [debug] [Thread-1 (]: SQL status: OK in 2.607 seconds
[0m23:40:44.743209 [debug] [Thread-1 (]: Sending event: {'category': 'dbt', 'action': 'run_model', 'label': '371ac349-6d49-4e70-8ba1-3e96e93f5c6e', 'context': [<snowplow_tracker.self_describing_json.SelfDescribingJson object at 0x7b7a6846c8f0>]}
[0m23:40:44.746041 [info ] [Thread-1 (]: 6 of 7 OK created sql table model nyc_motor_vehicle_collision_dataset_mart_monthly_crashes.total_crashes_by_borough  [[32mCREATE TABLE (6.0 rows, 1.4 MiB processed)[0m in 6.24s]
[0m23:40:44.748342 [debug] [Thread-1 (]: Finished running node model.dbt_nyc_vehicle_crashes.total_crashes_by_borough
[0m23:40:44.750518 [debug] [Thread-1 (]: Began running node model.dbt_nyc_vehicle_crashes.total_crashes_per_time_of_day
[0m23:40:44.753064 [info ] [Thread-1 (]: 7 of 7 START sql table model nyc_motor_vehicle_collision_dataset_mart_monthly_crashes.total_crashes_per_time_of_day  [RUN]
[0m23:40:44.754887 [debug] [Thread-1 (]: Re-using an available connection from the pool (formerly model.dbt_nyc_vehicle_crashes.total_crashes_by_borough, now model.dbt_nyc_vehicle_crashes.total_crashes_per_time_of_day)
[0m23:40:44.756682 [debug] [Thread-1 (]: Began compiling node model.dbt_nyc_vehicle_crashes.total_crashes_per_time_of_day
[0m23:40:44.765043 [debug] [Thread-1 (]: Writing injected SQL for node "model.dbt_nyc_vehicle_crashes.total_crashes_per_time_of_day"
[0m23:40:44.775449 [debug] [Thread-1 (]: Began executing node model.dbt_nyc_vehicle_crashes.total_crashes_per_time_of_day
[0m23:40:44.782353 [debug] [Thread-1 (]: Opening a new connection, currently in state closed
[0m23:40:46.446645 [debug] [Thread-1 (]: Writing runtime sql for node "model.dbt_nyc_vehicle_crashes.total_crashes_per_time_of_day"
[0m23:40:46.452727 [debug] [Thread-1 (]: On model.dbt_nyc_vehicle_crashes.total_crashes_per_time_of_day: /* {"app": "dbt", "dbt_version": "1.11.8", "profile_name": "dbt_nyc_vehicle_crashes", "target_name": "dev", "node_id": "model.dbt_nyc_vehicle_crashes.total_crashes_per_time_of_day"} */

  
    

    create or replace table `nyc-motor-vehicle-collision-12`.`nyc_motor_vehicle_collision_dataset_mart_monthly_crashes`.`total_crashes_per_time_of_day`
      
    
    

    
    OPTIONS()
    as (
      # Time of day that has the most crashes in Nyc 

SELECT
  CASE
    WHEN EXTRACT(HOUR FROM crash_time) = 0 THEN '12am - 1am'
    WHEN EXTRACT(HOUR FROM crash_time) = 1 THEN '1am - 2am'
    WHEN EXTRACT(HOUR FROM crash_time) = 2 THEN '2am - 3am'
    WHEN EXTRACT(HOUR FROM crash_time) = 3 THEN '3am - 4am'
    WHEN EXTRACT(HOUR FROM crash_time) = 4 THEN '4am - 5am'
    WHEN EXTRACT(HOUR FROM crash_time) = 5 THEN '5am - 6am'
    WHEN EXTRACT(HOUR FROM crash_time) = 6 THEN '6am - 7am'
    WHEN EXTRACT(HOUR FROM crash_time) = 7 THEN '7am - 8am'
    WHEN EXTRACT(HOUR FROM crash_time) = 8 THEN '8am - 9am'
    WHEN EXTRACT(HOUR FROM crash_time) = 9 THEN '9am - 10am'
    WHEN EXTRACT(HOUR FROM crash_time) = 10 THEN '10am - 11am'
    WHEN EXTRACT(HOUR FROM crash_time) = 11 THEN '11am - 12pm'
    WHEN EXTRACT(HOUR FROM crash_time) = 12 THEN '12pm - 1pm'
    WHEN EXTRACT(HOUR FROM crash_time) = 13 THEN '1pm - 2pm'
    WHEN EXTRACT(HOUR FROM crash_time) = 14 THEN '2pm - 3pm'
    WHEN EXTRACT(HOUR FROM crash_time) = 15 THEN '3pm - 4pm'
    WHEN EXTRACT(HOUR FROM crash_time) = 16 THEN '4pm - 5pm'
    WHEN EXTRACT(HOUR FROM crash_time) = 17 THEN '5pm - 6pm'
    WHEN EXTRACT(HOUR FROM crash_time) = 18 THEN '6pm - 7pm'
    WHEN EXTRACT(HOUR FROM crash_time) = 19 THEN '7pm - 8pm'
    WHEN EXTRACT(HOUR FROM crash_time) = 20 THEN '8pm - 9pm'
    WHEN EXTRACT(HOUR FROM crash_time) = 21 THEN '9pm - 10pm'
    WHEN EXTRACT(HOUR FROM crash_time) = 22 THEN '10pm - 11pm'
    ELSE '11pm - 12am'
  END AS time_bucket,
  COUNT(*) AS total_crashes
FROM `nyc-motor-vehicle-collision-12`.`nyc_motor_vehicle_collision_dataset_stg_2025_nyc_crashes`.`stg_2025_nyc_crashes`
GROUP BY time_bucket
ORDER BY total_crashes DESC
    );
  
[0m23:40:46.785821 [debug] [Thread-1 (]: BigQuery adapter: https://console.cloud.google.com/bigquery?project=nyc-motor-vehicle-collision-12&j=bq:US:1981c338-b244-4557-9516-40f19ac9bcc7&page=queryresults
[0m23:40:48.753982 [debug] [Thread-1 (]: SQL status: OK in 1.964 seconds
[0m23:40:49.499461 [debug] [Thread-1 (]: Sending event: {'category': 'dbt', 'action': 'run_model', 'label': '371ac349-6d49-4e70-8ba1-3e96e93f5c6e', 'context': [<snowplow_tracker.self_describing_json.SelfDescribingJson object at 0x7b7a68469460>]}
[0m23:40:49.504104 [info ] [Thread-1 (]: 7 of 7 OK created sql table model nyc_motor_vehicle_collision_dataset_mart_monthly_crashes.total_crashes_per_time_of_day  [[32mCREATE TABLE (24.0 rows, 668.3 KiB processed)[0m in 4.74s]
[0m23:40:49.512080 [debug] [Thread-1 (]: Finished running node model.dbt_nyc_vehicle_crashes.total_crashes_per_time_of_day
[0m23:40:49.524700 [debug] [MainThread]: Opening a new connection, currently in state closed
[0m23:40:49.530390 [debug] [MainThread]: Connection 'master' was properly closed.
[0m23:40:49.532842 [debug] [MainThread]: Connection 'model.dbt_nyc_vehicle_crashes.total_crashes_per_time_of_day' was properly closed.
[0m23:40:49.536334 [info ] [MainThread]: 
[0m23:40:49.540714 [info ] [MainThread]: Finished running 7 table models in 0 hours 1 minutes and 13.60 seconds (73.60s).
[0m23:40:49.603149 [debug] [MainThread]: Command end result
[0m23:40:49.722001 [debug] [MainThread]: Wrote artifact WritableManifest to /home/kwakut/nyc-vehicle-collisions-project/dbt_nyc_vehicle_crashes/target/manifest.json
[0m23:40:49.725065 [debug] [MainThread]: Wrote artifact SemanticManifest to /home/kwakut/nyc-vehicle-collisions-project/dbt_nyc_vehicle_crashes/target/semantic_manifest.json
[0m23:40:49.801560 [debug] [MainThread]: Wrote artifact RunExecutionResult to /home/kwakut/nyc-vehicle-collisions-project/dbt_nyc_vehicle_crashes/target/run_results.json
[0m23:40:49.815623 [info ] [MainThread]: 
[0m23:40:49.819788 [info ] [MainThread]: [31mCompleted with 1 error, 0 partial successes, and 0 warnings:[0m
[0m23:40:49.832395 [info ] [MainThread]: 
[0m23:40:49.847197 [error] [MainThread]: [31mFailure in model monthly_death_&_injured_toll (models/mart/monthly_death_&_injured_toll.sql)[0m
[0m23:40:49.862681 [error] [MainThread]:   Database Error in model monthly_death_&_injured_toll (models/mart/monthly_death_&_injured_toll.sql)
  Invalid table ID "monthly_death_&_injured_toll".
  compiled code at target/run/dbt_nyc_vehicle_crashes/models/mart/monthly_death_&_injured_toll.sql
[0m23:40:49.866487 [info ] [MainThread]: 
[0m23:40:49.883727 [info ] [MainThread]:   compiled code at target/compiled/dbt_nyc_vehicle_crashes/models/mart/monthly_death_&_injured_toll.sql
[0m23:40:49.899662 [info ] [MainThread]: 
[0m23:40:49.913140 [info ] [MainThread]: Done. PASS=6 WARN=0 ERROR=1 SKIP=0 NO-OP=0 TOTAL=7
[0m23:40:49.917216 [debug] [MainThread]: Resource report: {"command_name": "run", "command_success": false, "command_wall_clock_time": 80.8327, "process_in_blocks": "3960", "process_kernel_time": 1.87402, "process_mem_max_rss": "234456", "process_out_blocks": "3928", "process_user_time": 12.166459}
[0m23:40:49.930159 [debug] [MainThread]: Command `dbt run` failed at 23:40:49.928907 after 80.85 seconds
[0m23:40:49.932485 [debug] [MainThread]: Sending event: {'category': 'dbt', 'action': 'invocation', 'label': 'end', 'context': [<snowplow_tracker.self_describing_json.SelfDescribingJson object at 0x7b7a88facc20>, <snowplow_tracker.self_describing_json.SelfDescribingJson object at 0x7b7a89a7fd70>, <snowplow_tracker.self_describing_json.SelfDescribingJson object at 0x7b7a8918ef60>]}
[0m23:40:49.941257 [debug] [MainThread]: Flushing usage events
[0m23:40:52.547209 [debug] [MainThread]: An error was encountered while trying to flush usage events
[0m23:46:30.053778 [debug] [MainThread]: Sending event: {'category': 'dbt', 'action': 'invocation', 'label': 'start', 'context': [<snowplow_tracker.self_describing_json.SelfDescribingJson object at 0x72a02c02f350>, <snowplow_tracker.self_describing_json.SelfDescribingJson object at 0x72a02b9c4440>, <snowplow_tracker.self_describing_json.SelfDescribingJson object at 0x72a02c1dfe60>]}


============================== 23:46:30.073238 | f70280a4-1dc8-405b-8dfa-d53b32908d65 ==============================
[0m23:46:30.073238 [info ] [MainThread]: Running with dbt=1.11.8
[0m23:46:30.075284 [debug] [MainThread]: running dbt with arguments {'profiles_dir': '/home/kwakut/.dbt', 'introspect': 'True', 'fail_fast': 'False', 'target_path': 'None', 'send_anonymous_usage_stats': 'True', 'use_colors': 'True', 'version_check': 'True', 'quiet': 'False', 'use_experimental_parser': 'False', 'printer_width': '80', 'cache_selected_only': 'False', 'write_json': 'True', 'no_print': 'None', 'warn_error_options': 'WarnErrorOptionsV2(error=[], warn=[], silence=[])', 'warn_error': 'None', 'empty': 'False', 'debug': 'False', 'log_format': 'default', 'log_path': '/home/kwakut/nyc-vehicle-collisions-project/dbt_nyc_vehicle_crashes/logs', 'invocation_command': 'dbt run', 'indirect_selection': 'eager', 'static_parser': 'True', 'log_cache_events': 'False', 'partial_parse': 'True'}
[0m23:46:32.191863 [debug] [MainThread]: Sending event: {'category': 'dbt', 'action': 'project_id', 'label': 'f70280a4-1dc8-405b-8dfa-d53b32908d65', 'context': [<snowplow_tracker.self_describing_json.SelfDescribingJson object at 0x72a00e62e750>]}
[0m23:46:32.326860 [debug] [MainThread]: Sending event: {'category': 'dbt', 'action': 'adapter_info', 'label': 'f70280a4-1dc8-405b-8dfa-d53b32908d65', 'context': [<snowplow_tracker.self_describing_json.SelfDescribingJson object at 0x72a02b8dedb0>]}
[0m23:46:32.328184 [info ] [MainThread]: Registered adapter: bigquery=1.11.1
[0m23:46:32.703599 [debug] [MainThread]: checksum: 7d524ac048c2100769df89d592e662e060a73ca564e31bd9c2a37efdfe8d8ab6, vars: {}, profile: , target: , version: 1.11.8
[0m23:46:33.233193 [debug] [MainThread]: Partial parsing enabled: 0 files deleted, 0 files added, 1 files changed.
[0m23:46:33.234864 [debug] [MainThread]: Partial parsing: updated file: dbt_nyc_vehicle_crashes://models/mart/monthly_death_&_injured_toll.sql
[0m23:46:33.989150 [debug] [MainThread]: Sending event: {'category': 'dbt', 'action': 'load_project', 'label': 'f70280a4-1dc8-405b-8dfa-d53b32908d65', 'context': [<snowplow_tracker.self_describing_json.SelfDescribingJson object at 0x72a00e0cb200>]}
[0m23:46:34.143379 [debug] [MainThread]: Wrote artifact WritableManifest to /home/kwakut/nyc-vehicle-collisions-project/dbt_nyc_vehicle_crashes/target/manifest.json
[0m23:46:34.146757 [debug] [MainThread]: Wrote artifact SemanticManifest to /home/kwakut/nyc-vehicle-collisions-project/dbt_nyc_vehicle_crashes/target/semantic_manifest.json
[0m23:46:34.160708 [debug] [MainThread]: Sending event: {'category': 'dbt', 'action': 'resource_counts', 'label': 'f70280a4-1dc8-405b-8dfa-d53b32908d65', 'context': [<snowplow_tracker.self_describing_json.SelfDescribingJson object at 0x72a00dfbc6e0>]}
[0m23:46:34.161696 [info ] [MainThread]: Found 7 models, 2 data tests, 1 source, 539 macros
[0m23:46:34.162533 [debug] [MainThread]: Sending event: {'category': 'dbt', 'action': 'runnable_timing', 'label': 'f70280a4-1dc8-405b-8dfa-d53b32908d65', 'context': [<snowplow_tracker.self_describing_json.SelfDescribingJson object at 0x72a00d629af0>]}
[0m23:46:34.165999 [info ] [MainThread]: 
[0m23:46:34.178723 [info ] [MainThread]: Concurrency: 1 threads (target='dev')
[0m23:46:34.179943 [info ] [MainThread]: 
[0m23:46:34.181700 [debug] [MainThread]: Acquiring new bigquery connection 'master'
[0m23:46:34.234768 [debug] [ThreadPool]: Acquiring new bigquery connection 'list_nyc-motor-vehicle-collision-12'
[0m23:46:34.237146 [debug] [ThreadPool]: Opening a new connection, currently in state init
[0m23:46:54.694326 [debug] [ThreadPool]: Opening a new connection, currently in state closed
[0m23:47:03.070217 [debug] [ThreadPool]: Re-using an available connection from the pool (formerly list_nyc-motor-vehicle-collision-12, now list_nyc-motor-vehicle-collision-12_nyc_motor_vehicle_collision_dataset_stg_2025_nyc_crashes)
[0m23:47:03.074503 [debug] [ThreadPool]: Opening a new connection, currently in state closed
[0m23:47:04.925124 [debug] [ThreadPool]: Re-using an available connection from the pool (formerly list_nyc-motor-vehicle-collision-12_nyc_motor_vehicle_collision_dataset_stg_2025_nyc_crashes, now list_nyc-motor-vehicle-collision-12_nyc_motor_vehicle_collision_dataset_mart_monthly_crashes)
[0m23:47:04.930179 [debug] [ThreadPool]: Opening a new connection, currently in state closed
[0m23:47:07.107801 [debug] [MainThread]: Sending event: {'category': 'dbt', 'action': 'runnable_timing', 'label': 'f70280a4-1dc8-405b-8dfa-d53b32908d65', 'context': [<snowplow_tracker.self_describing_json.SelfDescribingJson object at 0x72a02e340290>]}
[0m23:47:07.118347 [debug] [MainThread]: Opening a new connection, currently in state init
[0m23:47:07.162778 [debug] [Thread-1 (]: Began running node model.dbt_nyc_vehicle_crashes.stg_2025_nyc_crashes
[0m23:47:07.166856 [info ] [Thread-1 (]: 1 of 7 START sql table model nyc_motor_vehicle_collision_dataset_stg_2025_nyc_crashes.stg_2025_nyc_crashes  [RUN]
[0m23:47:07.170412 [debug] [Thread-1 (]: Re-using an available connection from the pool (formerly list_nyc-motor-vehicle-collision-12_nyc_motor_vehicle_collision_dataset_mart_monthly_crashes, now model.dbt_nyc_vehicle_crashes.stg_2025_nyc_crashes)
[0m23:47:07.173276 [debug] [Thread-1 (]: Began compiling node model.dbt_nyc_vehicle_crashes.stg_2025_nyc_crashes
[0m23:47:07.288424 [debug] [Thread-1 (]: Writing injected SQL for node "model.dbt_nyc_vehicle_crashes.stg_2025_nyc_crashes"
[0m23:47:07.292968 [debug] [Thread-1 (]: Began executing node model.dbt_nyc_vehicle_crashes.stg_2025_nyc_crashes
[0m23:47:07.439929 [debug] [Thread-1 (]: Opening a new connection, currently in state closed
[0m23:47:09.369690 [debug] [Thread-1 (]: Writing runtime sql for node "model.dbt_nyc_vehicle_crashes.stg_2025_nyc_crashes"
[0m23:47:09.419067 [debug] [Thread-1 (]: On model.dbt_nyc_vehicle_crashes.stg_2025_nyc_crashes: /* {"app": "dbt", "dbt_version": "1.11.8", "profile_name": "dbt_nyc_vehicle_crashes", "target_name": "dev", "node_id": "model.dbt_nyc_vehicle_crashes.stg_2025_nyc_crashes"} */

  
    

    create or replace table `nyc-motor-vehicle-collision-12`.`nyc_motor_vehicle_collision_dataset_stg_2025_nyc_crashes`.`stg_2025_nyc_crashes`
      
    
    

    
    OPTIONS()
    as (
      WITH source AS (

    SELECT
        DATE(SUBSTR(crash_date, 1, 10)) AS crash_date,
        SAFE.PARSE_TIME('%H:%M', crash_time) AS crash_time,
        on_street_name,
        off_street_name,
        SAFE_CAST(number_of_persons_injured AS INT64) AS number_of_persons_injured,
        SAFE_CAST(number_of_persons_killed AS INT64) AS number_of_persons_killed,
        SAFE_CAST(number_of_pedestrians_injured AS INT64) AS number_of_pedestrians_injured,
        SAFE_CAST(number_of_pedestrians_killed AS INT64) AS number_of_pedestrians_killed,
        SAFE_CAST(number_of_cyclist_injured AS INT64) AS number_of_cyclist_injured,
        SAFE_CAST(number_of_cyclist_killed AS INT64) AS number_of_cyclist_killed,
        SAFE_CAST(number_of_motorist_injured AS INT64) AS number_of_motorist_injured,
        SAFE_CAST(number_of_motorist_killed AS INT64) AS number_of_motorist_killed,
        contributing_factor_vehicle_1,
        contributing_factor_vehicle_2,
        CAST(collision_id AS INT64) AS collision_id,
        vehicle_type_code1 AS vehicle_type_code_1,
        vehicle_type_code2 AS vehicle_type_code_2,
        borough,
        zip_code,
        SAFE_CAST(latitude AS FLOAT64) AS latitude,
        SAFE_CAST(longitude AS FLOAT64) AS longitude,
        location,
        contributing_factor_vehicle_3,
        vehicle_type_code_3,
        cross_street_name,
        contributing_factor_vehicle_4,
        vehicle_type_code_4,
        contributing_factor_vehicle_5,
        vehicle_type_code_5
    FROM `nyc-motor-vehicle-collision-12`.`nyc_motor_vehicle_collision_dataset`.`nyc_motor_crashes`
)
SELECT 
    *,
    current_timestamp() AS ingestion_timestamp 
FROM source
    );
  
[0m23:47:10.431889 [debug] [Thread-1 (]: BigQuery adapter: https://console.cloud.google.com/bigquery?project=nyc-motor-vehicle-collision-12&j=bq:US:3a8cf004-31ba-458a-a3a6-55c349cf65e7&page=queryresults
[0m23:47:14.233446 [debug] [Thread-1 (]: SQL status: OK in 4.428 seconds
[0m23:47:15.378877 [debug] [Thread-1 (]: Sending event: {'category': 'dbt', 'action': 'run_model', 'label': 'f70280a4-1dc8-405b-8dfa-d53b32908d65', 'context': [<snowplow_tracker.self_describing_json.SelfDescribingJson object at 0x72a00e62c650>]}
[0m23:47:15.381333 [info ] [Thread-1 (]: 1 of 7 OK created sql table model nyc_motor_vehicle_collision_dataset_stg_2025_nyc_crashes.stg_2025_nyc_crashes  [[32mCREATE TABLE (85.5k rows, 22.6 MiB processed)[0m in 8.20s]
[0m23:47:15.384472 [debug] [Thread-1 (]: Finished running node model.dbt_nyc_vehicle_crashes.stg_2025_nyc_crashes
[0m23:47:15.390525 [debug] [Thread-1 (]: Began running node model.dbt_nyc_vehicle_crashes.daily_crashes
[0m23:47:15.394442 [info ] [Thread-1 (]: 2 of 7 START sql table model nyc_motor_vehicle_collision_dataset_mart_monthly_crashes.daily_crashes  [RUN]
[0m23:47:15.403117 [debug] [Thread-1 (]: Re-using an available connection from the pool (formerly model.dbt_nyc_vehicle_crashes.stg_2025_nyc_crashes, now model.dbt_nyc_vehicle_crashes.daily_crashes)
[0m23:47:15.406651 [debug] [Thread-1 (]: Began compiling node model.dbt_nyc_vehicle_crashes.daily_crashes
[0m23:47:15.442249 [debug] [Thread-1 (]: Writing injected SQL for node "model.dbt_nyc_vehicle_crashes.daily_crashes"
[0m23:47:15.494882 [debug] [Thread-1 (]: Began executing node model.dbt_nyc_vehicle_crashes.daily_crashes
[0m23:47:15.503682 [debug] [Thread-1 (]: Opening a new connection, currently in state closed
[0m23:47:17.280587 [debug] [Thread-1 (]: Writing runtime sql for node "model.dbt_nyc_vehicle_crashes.daily_crashes"
[0m23:47:17.295965 [debug] [Thread-1 (]: On model.dbt_nyc_vehicle_crashes.daily_crashes: /* {"app": "dbt", "dbt_version": "1.11.8", "profile_name": "dbt_nyc_vehicle_crashes", "target_name": "dev", "node_id": "model.dbt_nyc_vehicle_crashes.daily_crashes"} */

  
    

    create or replace table `nyc-motor-vehicle-collision-12`.`nyc_motor_vehicle_collision_dataset_mart_monthly_crashes`.`daily_crashes`
      
    
    

    
    OPTIONS()
    as (
      # Which day of the week has the highest number of accidents in Nyc.

SELECT
  FORMAT_DATE('%A', crash_date) AS day_name,
  COUNT(crash_date) AS total_crashes
FROM
  `nyc-motor-vehicle-collision-12`.`nyc_motor_vehicle_collision_dataset_stg_2025_nyc_crashes`.`stg_2025_nyc_crashes`
GROUP BY day_name
ORDER BY COUNT(crash_date) DESC
    );
  
[0m23:47:18.388621 [debug] [Thread-1 (]: BigQuery adapter: https://console.cloud.google.com/bigquery?project=nyc-motor-vehicle-collision-12&j=bq:US:2e148a45-81ad-4bfb-a897-db795d494a4f&page=queryresults
[0m23:47:20.993697 [debug] [Thread-1 (]: SQL status: OK in 2.602 seconds
[0m23:47:22.121714 [debug] [Thread-1 (]: Sending event: {'category': 'dbt', 'action': 'run_model', 'label': 'f70280a4-1dc8-405b-8dfa-d53b32908d65', 'context': [<snowplow_tracker.self_describing_json.SelfDescribingJson object at 0x72a00c46f9e0>]}
[0m23:47:22.133172 [info ] [Thread-1 (]: 2 of 7 OK created sql table model nyc_motor_vehicle_collision_dataset_mart_monthly_crashes.daily_crashes  [[32mCREATE TABLE (7.0 rows, 668.3 KiB processed)[0m in 6.72s]
[0m23:47:22.141435 [debug] [Thread-1 (]: Finished running node model.dbt_nyc_vehicle_crashes.daily_crashes
[0m23:47:22.153163 [debug] [Thread-1 (]: Began running node model.dbt_nyc_vehicle_crashes.monthly_crashes
[0m23:47:22.166509 [info ] [Thread-1 (]: 3 of 7 START sql table model nyc_motor_vehicle_collision_dataset_mart_monthly_crashes.monthly_crashes  [RUN]
[0m23:47:22.172863 [debug] [Thread-1 (]: Re-using an available connection from the pool (formerly model.dbt_nyc_vehicle_crashes.daily_crashes, now model.dbt_nyc_vehicle_crashes.monthly_crashes)
[0m23:47:22.186437 [debug] [Thread-1 (]: Began compiling node model.dbt_nyc_vehicle_crashes.monthly_crashes
[0m23:47:22.251845 [debug] [Thread-1 (]: Writing injected SQL for node "model.dbt_nyc_vehicle_crashes.monthly_crashes"
[0m23:47:22.267930 [debug] [Thread-1 (]: Began executing node model.dbt_nyc_vehicle_crashes.monthly_crashes
[0m23:47:22.289786 [debug] [Thread-1 (]: Opening a new connection, currently in state closed
[0m23:47:23.881428 [debug] [Thread-1 (]: Writing runtime sql for node "model.dbt_nyc_vehicle_crashes.monthly_crashes"
[0m23:47:23.887084 [debug] [Thread-1 (]: On model.dbt_nyc_vehicle_crashes.monthly_crashes: /* {"app": "dbt", "dbt_version": "1.11.8", "profile_name": "dbt_nyc_vehicle_crashes", "target_name": "dev", "node_id": "model.dbt_nyc_vehicle_crashes.monthly_crashes"} */

  
    

    create or replace table `nyc-motor-vehicle-collision-12`.`nyc_motor_vehicle_collision_dataset_mart_monthly_crashes`.`monthly_crashes`
      
    
    

    
    OPTIONS()
    as (
      # Monthly crashes in Nyc 

SELECT
  FORMAT_DATE('%B', crash_date) AS month_name,
  COUNT(crash_date) AS total_crashes
FROM
  `nyc-motor-vehicle-collision-12`.`nyc_motor_vehicle_collision_dataset_stg_2025_nyc_crashes`.`stg_2025_nyc_crashes`
GROUP BY month_name
    );
  
[0m23:47:24.879489 [debug] [Thread-1 (]: BigQuery adapter: https://console.cloud.google.com/bigquery?project=nyc-motor-vehicle-collision-12&j=bq:US:126400f2-9706-4814-bda6-dbf10eea971e&page=queryresults
[0m23:47:26.919885 [debug] [Thread-1 (]: SQL status: OK in 2.036 seconds
[0m23:47:27.553237 [debug] [Thread-1 (]: Sending event: {'category': 'dbt', 'action': 'run_model', 'label': 'f70280a4-1dc8-405b-8dfa-d53b32908d65', 'context': [<snowplow_tracker.self_describing_json.SelfDescribingJson object at 0x72a00f46ab10>]}
[0m23:47:27.559513 [info ] [Thread-1 (]: 3 of 7 OK created sql table model nyc_motor_vehicle_collision_dataset_mart_monthly_crashes.monthly_crashes  [[32mCREATE TABLE (12.0 rows, 668.3 KiB processed)[0m in 5.38s]
[0m23:47:27.567787 [debug] [Thread-1 (]: Finished running node model.dbt_nyc_vehicle_crashes.monthly_crashes
[0m23:47:27.571625 [debug] [Thread-1 (]: Began running node model.dbt_nyc_vehicle_crashes.monthly_death_&_injured_toll
[0m23:47:27.579336 [info ] [Thread-1 (]: 4 of 7 START sql table model nyc_motor_vehicle_collision_dataset_mart_monthly_crashes.monthly_death_&_injured_toll  [RUN]
[0m23:47:27.591041 [debug] [Thread-1 (]: Re-using an available connection from the pool (formerly model.dbt_nyc_vehicle_crashes.monthly_crashes, now model.dbt_nyc_vehicle_crashes.monthly_death_&_injured_toll)
[0m23:47:27.595830 [debug] [Thread-1 (]: Began compiling node model.dbt_nyc_vehicle_crashes.monthly_death_&_injured_toll
[0m23:47:27.666832 [debug] [Thread-1 (]: Writing injected SQL for node "model.dbt_nyc_vehicle_crashes.monthly_death_&_injured_toll"
[0m23:47:27.678598 [debug] [Thread-1 (]: Began executing node model.dbt_nyc_vehicle_crashes.monthly_death_&_injured_toll
[0m23:47:27.727167 [debug] [Thread-1 (]: Writing runtime sql for node "model.dbt_nyc_vehicle_crashes.monthly_death_&_injured_toll"
[0m23:47:27.740542 [debug] [Thread-1 (]: On model.dbt_nyc_vehicle_crashes.monthly_death_&_injured_toll: /* {"app": "dbt", "dbt_version": "1.11.8", "profile_name": "dbt_nyc_vehicle_crashes", "target_name": "dev", "node_id": "model.dbt_nyc_vehicle_crashes.monthly_death_&_injured_toll"} */

  
    

    create or replace table `nyc-motor-vehicle-collision-12`.`nyc_motor_vehicle_collision_dataset_mart_monthly_crashes`.`monthly_death_&_injured_toll`
      
    
    

    
    OPTIONS()
    as (
      # Monthly Death and Injured Toll in Nyc 

WITH casualties AS (
SELECT
  FORMAT_DATE('%B', crash_date) AS month_name,
  SUM(number_of_persons_killed) +
  SUM(number_of_pedestrians_killed) + 
  SUM(number_of_cyclist_killed) + 
  SUM(number_of_motorist_killed) AS death_toll,
  SUM(number_of_persons_injured) +
  SUM(number_of_pedestrians_injured) + 
  SUM(number_of_cyclist_injured) + 
  SUM(number_of_motorist_injured) AS injury_toll
FROM
  `nyc-motor-vehicle-collision-12`.`nyc_motor_vehicle_collision_dataset_stg_2025_nyc_crashes`.`stg_2025_nyc_crashes`
GROUP BY month_name
)
SELECT
    c.month_name,
    c.death_toll,
    c.injury_toll,
    SUM(c.death_toll) +
    SUM(c.injury_toll) AS total_casualties
FROM 
    casualties c
GROUP BY c.month_name, c.death_toll, c.injury_toll
    );
  
[0m23:47:27.742544 [debug] [Thread-1 (]: Opening a new connection, currently in state closed
[0m23:47:29.371633 [debug] [Thread-1 (]: BigQuery adapter: https://console.cloud.google.com/bigquery?project=nyc-motor-vehicle-collision-12&j=bq:US:ed042193-865e-470e-986f-12f5f406c862&page=queryresults
[0m23:47:29.377579 [error] [Thread-1 (]: BigQuery adapter: https://console.cloud.google.com/bigquery?project=nyc-motor-vehicle-collision-12&j=bq:US:ed042193-865e-470e-986f-12f5f406c862&page=queryresults
[0m23:47:29.453666 [debug] [Thread-1 (]: Database Error in model monthly_death_&_injured_toll (models/mart/monthly_death_&_injured_toll.sql)
  Invalid table ID "monthly_death_&_injured_toll".
  compiled code at target/run/dbt_nyc_vehicle_crashes/models/mart/monthly_death_&_injured_toll.sql
[0m23:47:29.456812 [debug] [Thread-1 (]: Sending event: {'category': 'dbt', 'action': 'run_model', 'label': 'f70280a4-1dc8-405b-8dfa-d53b32908d65', 'context': [<snowplow_tracker.self_describing_json.SelfDescribingJson object at 0x72a00c25e570>]}
[0m23:47:29.468879 [error] [Thread-1 (]: 4 of 7 ERROR creating sql table model nyc_motor_vehicle_collision_dataset_mart_monthly_crashes.monthly_death_&_injured_toll  [[31mERROR[0m in 1.87s]
[0m23:47:29.478797 [debug] [Thread-1 (]: Finished running node model.dbt_nyc_vehicle_crashes.monthly_death_&_injured_toll
[0m23:47:29.495353 [debug] [Thread-1 (]: Began running node model.dbt_nyc_vehicle_crashes.street_with_most_crashes
[0m23:47:29.554801 [debug] [Thread-4 (]: Marking all children of 'model.dbt_nyc_vehicle_crashes.monthly_death_&_injured_toll' to be skipped because of status 'error'.  Reason: Database Error in model monthly_death_&_injured_toll (models/mart/monthly_death_&_injured_toll.sql)
  Invalid table ID "monthly_death_&_injured_toll".
  compiled code at target/run/dbt_nyc_vehicle_crashes/models/mart/monthly_death_&_injured_toll.sql.
[0m23:47:29.553598 [info ] [Thread-1 (]: 5 of 7 START sql table model nyc_motor_vehicle_collision_dataset_mart_monthly_crashes.street_with_most_crashes  [RUN]
[0m23:47:29.616140 [debug] [Thread-1 (]: Re-using an available connection from the pool (formerly model.dbt_nyc_vehicle_crashes.monthly_death_&_injured_toll, now model.dbt_nyc_vehicle_crashes.street_with_most_crashes)
[0m23:47:29.617750 [debug] [Thread-1 (]: Began compiling node model.dbt_nyc_vehicle_crashes.street_with_most_crashes
[0m23:47:29.624661 [debug] [Thread-1 (]: Writing injected SQL for node "model.dbt_nyc_vehicle_crashes.street_with_most_crashes"
[0m23:47:29.634650 [debug] [Thread-1 (]: Began executing node model.dbt_nyc_vehicle_crashes.street_with_most_crashes
[0m23:47:29.640688 [debug] [Thread-1 (]: Opening a new connection, currently in state closed
[0m23:47:30.983425 [debug] [Thread-1 (]: Writing runtime sql for node "model.dbt_nyc_vehicle_crashes.street_with_most_crashes"
[0m23:47:30.988918 [debug] [Thread-1 (]: On model.dbt_nyc_vehicle_crashes.street_with_most_crashes: /* {"app": "dbt", "dbt_version": "1.11.8", "profile_name": "dbt_nyc_vehicle_crashes", "target_name": "dev", "node_id": "model.dbt_nyc_vehicle_crashes.street_with_most_crashes"} */

  
    

    create or replace table `nyc-motor-vehicle-collision-12`.`nyc_motor_vehicle_collision_dataset_mart_monthly_crashes`.`street_with_most_crashes`
      
    
    

    
    OPTIONS()
    as (
      # Most common streets where crashes happen in Nyc 

SELECT
  on_street_name,
  COUNT(crash_date) AS total_crashes
FROM
  `nyc-motor-vehicle-collision-12`.`nyc_motor_vehicle_collision_dataset_stg_2025_nyc_crashes`.`stg_2025_nyc_crashes`
GROUP BY on_street_name
ORDER BY COUNT(crash_date) DESC
    );
  
[0m23:47:32.340992 [debug] [Thread-1 (]: BigQuery adapter: https://console.cloud.google.com/bigquery?project=nyc-motor-vehicle-collision-12&j=bq:US:a7de0672-e507-4e69-8191-5050073abb35&page=queryresults
[0m23:47:34.787245 [debug] [Thread-1 (]: SQL status: OK in 2.443 seconds
[0m23:47:35.599474 [debug] [Thread-1 (]: Sending event: {'category': 'dbt', 'action': 'run_model', 'label': 'f70280a4-1dc8-405b-8dfa-d53b32908d65', 'context': [<snowplow_tracker.self_describing_json.SelfDescribingJson object at 0x72a00c103f20>]}
[0m23:47:35.603141 [info ] [Thread-1 (]: 5 of 7 OK created sql table model nyc_motor_vehicle_collision_dataset_mart_monthly_crashes.street_with_most_crashes  [[32mCREATE TABLE (4.3k rows, 1.6 MiB processed)[0m in 5.98s]
[0m23:47:35.610312 [debug] [Thread-1 (]: Finished running node model.dbt_nyc_vehicle_crashes.street_with_most_crashes
[0m23:47:35.611931 [debug] [Thread-1 (]: Began running node model.dbt_nyc_vehicle_crashes.total_crashes_by_borough
[0m23:47:35.624006 [info ] [Thread-1 (]: 6 of 7 START sql table model nyc_motor_vehicle_collision_dataset_mart_monthly_crashes.total_crashes_by_borough  [RUN]
[0m23:47:35.645261 [debug] [Thread-1 (]: Re-using an available connection from the pool (formerly model.dbt_nyc_vehicle_crashes.street_with_most_crashes, now model.dbt_nyc_vehicle_crashes.total_crashes_by_borough)
[0m23:47:35.646954 [debug] [Thread-1 (]: Began compiling node model.dbt_nyc_vehicle_crashes.total_crashes_by_borough
[0m23:47:35.662783 [debug] [Thread-1 (]: Writing injected SQL for node "model.dbt_nyc_vehicle_crashes.total_crashes_by_borough"
[0m23:47:35.664527 [debug] [Thread-1 (]: Began executing node model.dbt_nyc_vehicle_crashes.total_crashes_by_borough
[0m23:47:35.685495 [debug] [Thread-1 (]: Opening a new connection, currently in state closed
[0m23:47:38.557647 [debug] [Thread-1 (]: Writing runtime sql for node "model.dbt_nyc_vehicle_crashes.total_crashes_by_borough"
[0m23:47:38.581806 [debug] [Thread-1 (]: On model.dbt_nyc_vehicle_crashes.total_crashes_by_borough: /* {"app": "dbt", "dbt_version": "1.11.8", "profile_name": "dbt_nyc_vehicle_crashes", "target_name": "dev", "node_id": "model.dbt_nyc_vehicle_crashes.total_crashes_by_borough"} */

  
    

    create or replace table `nyc-motor-vehicle-collision-12`.`nyc_motor_vehicle_collision_dataset_mart_monthly_crashes`.`total_crashes_by_borough`
      
    
    

    
    OPTIONS()
    as (
      # Total crashes by Borough in Nyc 

SELECT
  Borough,
  COUNT(crash_date) AS total_crashes
FROM
  `nyc-motor-vehicle-collision-12`.`nyc_motor_vehicle_collision_dataset_stg_2025_nyc_crashes`.`stg_2025_nyc_crashes`
GROUP BY Borough
ORDER BY COUNT(crash_date) DESC
    );
  
[0m23:47:39.582167 [debug] [Thread-1 (]: BigQuery adapter: https://console.cloud.google.com/bigquery?project=nyc-motor-vehicle-collision-12&j=bq:US:c6c74c15-efd2-4a96-8b3a-f54896653ec1&page=queryresults
[0m23:47:41.949570 [debug] [Thread-1 (]: SQL status: OK in 2.362 seconds
[0m23:47:42.584973 [debug] [Thread-1 (]: Sending event: {'category': 'dbt', 'action': 'run_model', 'label': 'f70280a4-1dc8-405b-8dfa-d53b32908d65', 'context': [<snowplow_tracker.self_describing_json.SelfDescribingJson object at 0x72a00c108b30>]}
[0m23:47:42.590424 [info ] [Thread-1 (]: 6 of 7 OK created sql table model nyc_motor_vehicle_collision_dataset_mart_monthly_crashes.total_crashes_by_borough  [[32mCREATE TABLE (6.0 rows, 1.4 MiB processed)[0m in 6.94s]
[0m23:47:42.603723 [debug] [Thread-1 (]: Finished running node model.dbt_nyc_vehicle_crashes.total_crashes_by_borough
[0m23:47:42.610029 [debug] [Thread-1 (]: Began running node model.dbt_nyc_vehicle_crashes.total_crashes_per_time_of_day
[0m23:47:42.625120 [info ] [Thread-1 (]: 7 of 7 START sql table model nyc_motor_vehicle_collision_dataset_mart_monthly_crashes.total_crashes_per_time_of_day  [RUN]
[0m23:47:42.630670 [debug] [Thread-1 (]: Re-using an available connection from the pool (formerly model.dbt_nyc_vehicle_crashes.total_crashes_by_borough, now model.dbt_nyc_vehicle_crashes.total_crashes_per_time_of_day)
[0m23:47:42.647549 [debug] [Thread-1 (]: Began compiling node model.dbt_nyc_vehicle_crashes.total_crashes_per_time_of_day
[0m23:47:42.727390 [debug] [Thread-1 (]: Writing injected SQL for node "model.dbt_nyc_vehicle_crashes.total_crashes_per_time_of_day"
[0m23:47:42.740830 [debug] [Thread-1 (]: Began executing node model.dbt_nyc_vehicle_crashes.total_crashes_per_time_of_day
[0m23:47:42.759301 [debug] [Thread-1 (]: Opening a new connection, currently in state closed
[0m23:47:43.664371 [debug] [Thread-1 (]: Writing runtime sql for node "model.dbt_nyc_vehicle_crashes.total_crashes_per_time_of_day"
[0m23:47:43.673308 [debug] [Thread-1 (]: On model.dbt_nyc_vehicle_crashes.total_crashes_per_time_of_day: /* {"app": "dbt", "dbt_version": "1.11.8", "profile_name": "dbt_nyc_vehicle_crashes", "target_name": "dev", "node_id": "model.dbt_nyc_vehicle_crashes.total_crashes_per_time_of_day"} */

  
    

    create or replace table `nyc-motor-vehicle-collision-12`.`nyc_motor_vehicle_collision_dataset_mart_monthly_crashes`.`total_crashes_per_time_of_day`
      
    
    

    
    OPTIONS()
    as (
      # Time of day that has the most crashes in Nyc 

SELECT
  CASE
    WHEN EXTRACT(HOUR FROM crash_time) = 0 THEN '12am - 1am'
    WHEN EXTRACT(HOUR FROM crash_time) = 1 THEN '1am - 2am'
    WHEN EXTRACT(HOUR FROM crash_time) = 2 THEN '2am - 3am'
    WHEN EXTRACT(HOUR FROM crash_time) = 3 THEN '3am - 4am'
    WHEN EXTRACT(HOUR FROM crash_time) = 4 THEN '4am - 5am'
    WHEN EXTRACT(HOUR FROM crash_time) = 5 THEN '5am - 6am'
    WHEN EXTRACT(HOUR FROM crash_time) = 6 THEN '6am - 7am'
    WHEN EXTRACT(HOUR FROM crash_time) = 7 THEN '7am - 8am'
    WHEN EXTRACT(HOUR FROM crash_time) = 8 THEN '8am - 9am'
    WHEN EXTRACT(HOUR FROM crash_time) = 9 THEN '9am - 10am'
    WHEN EXTRACT(HOUR FROM crash_time) = 10 THEN '10am - 11am'
    WHEN EXTRACT(HOUR FROM crash_time) = 11 THEN '11am - 12pm'
    WHEN EXTRACT(HOUR FROM crash_time) = 12 THEN '12pm - 1pm'
    WHEN EXTRACT(HOUR FROM crash_time) = 13 THEN '1pm - 2pm'
    WHEN EXTRACT(HOUR FROM crash_time) = 14 THEN '2pm - 3pm'
    WHEN EXTRACT(HOUR FROM crash_time) = 15 THEN '3pm - 4pm'
    WHEN EXTRACT(HOUR FROM crash_time) = 16 THEN '4pm - 5pm'
    WHEN EXTRACT(HOUR FROM crash_time) = 17 THEN '5pm - 6pm'
    WHEN EXTRACT(HOUR FROM crash_time) = 18 THEN '6pm - 7pm'
    WHEN EXTRACT(HOUR FROM crash_time) = 19 THEN '7pm - 8pm'
    WHEN EXTRACT(HOUR FROM crash_time) = 20 THEN '8pm - 9pm'
    WHEN EXTRACT(HOUR FROM crash_time) = 21 THEN '9pm - 10pm'
    WHEN EXTRACT(HOUR FROM crash_time) = 22 THEN '10pm - 11pm'
    ELSE '11pm - 12am'
  END AS time_bucket,
  COUNT(*) AS total_crashes
FROM `nyc-motor-vehicle-collision-12`.`nyc_motor_vehicle_collision_dataset_stg_2025_nyc_crashes`.`stg_2025_nyc_crashes`
GROUP BY time_bucket
ORDER BY total_crashes DESC
    );
  
[0m23:47:44.600360 [debug] [Thread-1 (]: BigQuery adapter: https://console.cloud.google.com/bigquery?project=nyc-motor-vehicle-collision-12&j=bq:US:6568eb51-484a-4a54-be31-5e6976a2da44&page=queryresults
[0m23:47:47.218027 [debug] [Thread-1 (]: SQL status: OK in 2.602 seconds
[0m23:47:48.587746 [debug] [Thread-1 (]: Sending event: {'category': 'dbt', 'action': 'run_model', 'label': 'f70280a4-1dc8-405b-8dfa-d53b32908d65', 'context': [<snowplow_tracker.self_describing_json.SelfDescribingJson object at 0x72a00c100c20>]}
[0m23:47:48.594879 [info ] [Thread-1 (]: 7 of 7 OK created sql table model nyc_motor_vehicle_collision_dataset_mart_monthly_crashes.total_crashes_per_time_of_day  [[32mCREATE TABLE (24.0 rows, 668.3 KiB processed)[0m in 5.96s]
[0m23:47:48.602851 [debug] [Thread-1 (]: Finished running node model.dbt_nyc_vehicle_crashes.total_crashes_per_time_of_day
[0m23:47:48.616117 [debug] [MainThread]: Opening a new connection, currently in state closed
[0m23:47:48.628006 [debug] [MainThread]: Connection 'master' was properly closed.
[0m23:47:48.631073 [debug] [MainThread]: Connection 'model.dbt_nyc_vehicle_crashes.total_crashes_per_time_of_day' was properly closed.
[0m23:47:48.634357 [info ] [MainThread]: 
[0m23:47:48.646577 [info ] [MainThread]: Finished running 7 table models in 0 hours 1 minutes and 14.45 seconds (74.45s).
[0m23:47:48.655706 [debug] [MainThread]: Command end result
[0m23:47:48.782565 [debug] [MainThread]: Wrote artifact WritableManifest to /home/kwakut/nyc-vehicle-collisions-project/dbt_nyc_vehicle_crashes/target/manifest.json
[0m23:47:48.787363 [debug] [MainThread]: Wrote artifact SemanticManifest to /home/kwakut/nyc-vehicle-collisions-project/dbt_nyc_vehicle_crashes/target/semantic_manifest.json
[0m23:47:48.799807 [debug] [MainThread]: Wrote artifact RunExecutionResult to /home/kwakut/nyc-vehicle-collisions-project/dbt_nyc_vehicle_crashes/target/run_results.json
[0m23:47:48.801037 [info ] [MainThread]: 
[0m23:47:48.802186 [info ] [MainThread]: [31mCompleted with 1 error, 0 partial successes, and 0 warnings:[0m
[0m23:47:48.803379 [info ] [MainThread]: 
[0m23:47:48.805126 [error] [MainThread]: [31mFailure in model monthly_death_&_injured_toll (models/mart/monthly_death_&_injured_toll.sql)[0m
[0m23:47:48.806203 [error] [MainThread]:   Database Error in model monthly_death_&_injured_toll (models/mart/monthly_death_&_injured_toll.sql)
  Invalid table ID "monthly_death_&_injured_toll".
  compiled code at target/run/dbt_nyc_vehicle_crashes/models/mart/monthly_death_&_injured_toll.sql
[0m23:47:48.806907 [info ] [MainThread]: 
[0m23:47:48.807701 [info ] [MainThread]:   compiled code at target/compiled/dbt_nyc_vehicle_crashes/models/mart/monthly_death_&_injured_toll.sql
[0m23:47:48.808612 [info ] [MainThread]: 
[0m23:47:48.810434 [info ] [MainThread]: Done. PASS=6 WARN=0 ERROR=1 SKIP=0 NO-OP=0 TOTAL=7
[0m23:47:48.813687 [debug] [MainThread]: Resource report: {"command_name": "run", "command_success": false, "command_wall_clock_time": 80.18282, "process_in_blocks": "0", "process_kernel_time": 1.700663, "process_mem_max_rss": "234472", "process_out_blocks": "3928", "process_user_time": 12.437755}
[0m23:47:48.815375 [debug] [MainThread]: Command `dbt run` failed at 23:47:48.814969 after 80.19 seconds
[0m23:47:48.816809 [debug] [MainThread]: Sending event: {'category': 'dbt', 'action': 'invocation', 'label': 'end', 'context': [<snowplow_tracker.self_describing_json.SelfDescribingJson object at 0x72a02b89f680>, <snowplow_tracker.self_describing_json.SelfDescribingJson object at 0x72a02c1c3bc0>, <snowplow_tracker.self_describing_json.SelfDescribingJson object at 0x72a02b983a10>]}
[0m23:47:48.820820 [debug] [MainThread]: Flushing usage events
[0m23:47:52.631611 [debug] [MainThread]: An error was encountered while trying to flush usage events
[0m23:49:29.111672 [debug] [MainThread]: Sending event: {'category': 'dbt', 'action': 'invocation', 'label': 'start', 'context': [<snowplow_tracker.self_describing_json.SelfDescribingJson object at 0x7904a0898260>, <snowplow_tracker.self_describing_json.SelfDescribingJson object at 0x7904a0688e30>, <snowplow_tracker.self_describing_json.SelfDescribingJson object at 0x7904a08982c0>]}


============================== 23:49:29.118028 | 5b05d108-1158-4b10-8f64-aab015e1464c ==============================
[0m23:49:29.118028 [info ] [MainThread]: Running with dbt=1.11.8
[0m23:49:29.119148 [debug] [MainThread]: running dbt with arguments {'warn_error': 'None', 'write_json': 'True', 'profiles_dir': '/home/kwakut/.dbt', 'static_parser': 'True', 'introspect': 'True', 'use_colors': 'True', 'fail_fast': 'False', 'send_anonymous_usage_stats': 'True', 'warn_error_options': 'WarnErrorOptionsV2(error=[], warn=[], silence=[])', 'target_path': 'None', 'indirect_selection': 'eager', 'no_print': 'None', 'partial_parse': 'True', 'printer_width': '80', 'version_check': 'True', 'log_path': '/home/kwakut/nyc-vehicle-collisions-project/dbt_nyc_vehicle_crashes/logs', 'quiet': 'False', 'use_experimental_parser': 'False', 'empty': 'False', 'cache_selected_only': 'False', 'log_format': 'default', 'log_cache_events': 'False', 'debug': 'False', 'invocation_command': 'dbt run'}
[0m23:49:31.292230 [debug] [MainThread]: Sending event: {'category': 'dbt', 'action': 'project_id', 'label': '5b05d108-1158-4b10-8f64-aab015e1464c', 'context': [<snowplow_tracker.self_describing_json.SelfDescribingJson object at 0x7904a2ce09e0>]}
[0m23:49:31.516483 [debug] [MainThread]: Sending event: {'category': 'dbt', 'action': 'adapter_info', 'label': '5b05d108-1158-4b10-8f64-aab015e1464c', 'context': [<snowplow_tracker.self_describing_json.SelfDescribingJson object at 0x790483266840>]}
[0m23:49:31.518747 [info ] [MainThread]: Registered adapter: bigquery=1.11.1
[0m23:49:31.841478 [debug] [MainThread]: checksum: 7d524ac048c2100769df89d592e662e060a73ca564e31bd9c2a37efdfe8d8ab6, vars: {}, profile: , target: , version: 1.11.8
[0m23:49:32.375701 [debug] [MainThread]: Partial parsing enabled: 1 files deleted, 1 files added, 0 files changed.
[0m23:49:32.376515 [debug] [MainThread]: Partial parsing: added file: dbt_nyc_vehicle_crashes://models/mart/monthly_death_and_injured_toll.sql
[0m23:49:32.377034 [debug] [MainThread]: Partial parsing: deleted file: dbt_nyc_vehicle_crashes://models/mart/monthly_death_&_injured_toll.sql
[0m23:49:33.240225 [debug] [MainThread]: Sending event: {'category': 'dbt', 'action': 'load_project', 'label': '5b05d108-1158-4b10-8f64-aab015e1464c', 'context': [<snowplow_tracker.self_describing_json.SelfDescribingJson object at 0x790482792840>]}
[0m23:49:33.626525 [debug] [MainThread]: Wrote artifact WritableManifest to /home/kwakut/nyc-vehicle-collisions-project/dbt_nyc_vehicle_crashes/target/manifest.json
[0m23:49:33.631611 [debug] [MainThread]: Wrote artifact SemanticManifest to /home/kwakut/nyc-vehicle-collisions-project/dbt_nyc_vehicle_crashes/target/semantic_manifest.json
[0m23:49:33.653659 [debug] [MainThread]: Sending event: {'category': 'dbt', 'action': 'resource_counts', 'label': '5b05d108-1158-4b10-8f64-aab015e1464c', 'context': [<snowplow_tracker.self_describing_json.SelfDescribingJson object at 0x790481ed06b0>]}
[0m23:49:33.655209 [info ] [MainThread]: Found 7 models, 2 data tests, 1 source, 539 macros
[0m23:49:33.656670 [debug] [MainThread]: Sending event: {'category': 'dbt', 'action': 'runnable_timing', 'label': '5b05d108-1158-4b10-8f64-aab015e1464c', 'context': [<snowplow_tracker.self_describing_json.SelfDescribingJson object at 0x7904831bbce0>]}
[0m23:49:33.661788 [info ] [MainThread]: 
[0m23:49:33.663287 [info ] [MainThread]: Concurrency: 1 threads (target='dev')
[0m23:49:33.664250 [info ] [MainThread]: 
[0m23:49:33.666549 [debug] [MainThread]: Acquiring new bigquery connection 'master'
[0m23:49:33.682225 [debug] [ThreadPool]: Acquiring new bigquery connection 'list_nyc-motor-vehicle-collision-12'
[0m23:49:33.684041 [debug] [ThreadPool]: Opening a new connection, currently in state init
[0m23:49:39.016479 [debug] [ThreadPool]: Opening a new connection, currently in state closed
[0m23:49:42.313548 [debug] [ThreadPool]: Re-using an available connection from the pool (formerly list_nyc-motor-vehicle-collision-12, now list_nyc-motor-vehicle-collision-12_nyc_motor_vehicle_collision_dataset_mart_monthly_crashes)
[0m23:49:42.318198 [debug] [ThreadPool]: Opening a new connection, currently in state closed
[0m23:49:45.119275 [debug] [ThreadPool]: Re-using an available connection from the pool (formerly list_nyc-motor-vehicle-collision-12_nyc_motor_vehicle_collision_dataset_mart_monthly_crashes, now list_nyc-motor-vehicle-collision-12_nyc_motor_vehicle_collision_dataset_stg_2025_nyc_crashes)
[0m23:49:45.124306 [debug] [ThreadPool]: Opening a new connection, currently in state closed
[0m23:49:48.099565 [debug] [MainThread]: Sending event: {'category': 'dbt', 'action': 'runnable_timing', 'label': '5b05d108-1158-4b10-8f64-aab015e1464c', 'context': [<snowplow_tracker.self_describing_json.SelfDescribingJson object at 0x7904a2db42c0>]}
[0m23:49:48.102799 [debug] [MainThread]: Opening a new connection, currently in state init
[0m23:49:48.132278 [debug] [Thread-1 (]: Began running node model.dbt_nyc_vehicle_crashes.stg_2025_nyc_crashes
[0m23:49:48.136720 [info ] [Thread-1 (]: 1 of 7 START sql table model nyc_motor_vehicle_collision_dataset_stg_2025_nyc_crashes.stg_2025_nyc_crashes  [RUN]
[0m23:49:48.140776 [debug] [Thread-1 (]: Re-using an available connection from the pool (formerly list_nyc-motor-vehicle-collision-12_nyc_motor_vehicle_collision_dataset_stg_2025_nyc_crashes, now model.dbt_nyc_vehicle_crashes.stg_2025_nyc_crashes)
[0m23:49:48.144060 [debug] [Thread-1 (]: Began compiling node model.dbt_nyc_vehicle_crashes.stg_2025_nyc_crashes
[0m23:49:48.288670 [debug] [Thread-1 (]: Writing injected SQL for node "model.dbt_nyc_vehicle_crashes.stg_2025_nyc_crashes"
[0m23:49:48.291420 [debug] [Thread-1 (]: Began executing node model.dbt_nyc_vehicle_crashes.stg_2025_nyc_crashes
[0m23:49:48.324161 [debug] [Thread-1 (]: Opening a new connection, currently in state closed
[0m23:49:50.747295 [debug] [Thread-1 (]: Writing runtime sql for node "model.dbt_nyc_vehicle_crashes.stg_2025_nyc_crashes"
[0m23:49:50.749838 [debug] [Thread-1 (]: On model.dbt_nyc_vehicle_crashes.stg_2025_nyc_crashes: /* {"app": "dbt", "dbt_version": "1.11.8", "profile_name": "dbt_nyc_vehicle_crashes", "target_name": "dev", "node_id": "model.dbt_nyc_vehicle_crashes.stg_2025_nyc_crashes"} */

  
    

    create or replace table `nyc-motor-vehicle-collision-12`.`nyc_motor_vehicle_collision_dataset_stg_2025_nyc_crashes`.`stg_2025_nyc_crashes`
      
    
    

    
    OPTIONS()
    as (
      WITH source AS (

    SELECT
        DATE(SUBSTR(crash_date, 1, 10)) AS crash_date,
        SAFE.PARSE_TIME('%H:%M', crash_time) AS crash_time,
        on_street_name,
        off_street_name,
        SAFE_CAST(number_of_persons_injured AS INT64) AS number_of_persons_injured,
        SAFE_CAST(number_of_persons_killed AS INT64) AS number_of_persons_killed,
        SAFE_CAST(number_of_pedestrians_injured AS INT64) AS number_of_pedestrians_injured,
        SAFE_CAST(number_of_pedestrians_killed AS INT64) AS number_of_pedestrians_killed,
        SAFE_CAST(number_of_cyclist_injured AS INT64) AS number_of_cyclist_injured,
        SAFE_CAST(number_of_cyclist_killed AS INT64) AS number_of_cyclist_killed,
        SAFE_CAST(number_of_motorist_injured AS INT64) AS number_of_motorist_injured,
        SAFE_CAST(number_of_motorist_killed AS INT64) AS number_of_motorist_killed,
        contributing_factor_vehicle_1,
        contributing_factor_vehicle_2,
        CAST(collision_id AS INT64) AS collision_id,
        vehicle_type_code1 AS vehicle_type_code_1,
        vehicle_type_code2 AS vehicle_type_code_2,
        borough,
        zip_code,
        SAFE_CAST(latitude AS FLOAT64) AS latitude,
        SAFE_CAST(longitude AS FLOAT64) AS longitude,
        location,
        contributing_factor_vehicle_3,
        vehicle_type_code_3,
        cross_street_name,
        contributing_factor_vehicle_4,
        vehicle_type_code_4,
        contributing_factor_vehicle_5,
        vehicle_type_code_5
    FROM `nyc-motor-vehicle-collision-12`.`nyc_motor_vehicle_collision_dataset`.`nyc_motor_crashes`
)
SELECT 
    *,
    current_timestamp() AS ingestion_timestamp 
FROM source
    );
  
[0m23:49:53.053550 [debug] [Thread-1 (]: BigQuery adapter: https://console.cloud.google.com/bigquery?project=nyc-motor-vehicle-collision-12&j=bq:US:b38b3c43-158c-431b-a077-ee59f4ec506e&page=queryresults
[0m23:49:56.600551 [debug] [Thread-1 (]: SQL status: OK in 3.543 seconds
[0m23:49:57.952300 [debug] [Thread-1 (]: Sending event: {'category': 'dbt', 'action': 'run_model', 'label': '5b05d108-1158-4b10-8f64-aab015e1464c', 'context': [<snowplow_tracker.self_describing_json.SelfDescribingJson object at 0x790482ed4710>]}
[0m23:49:57.953518 [info ] [Thread-1 (]: 1 of 7 OK created sql table model nyc_motor_vehicle_collision_dataset_stg_2025_nyc_crashes.stg_2025_nyc_crashes  [[32mCREATE TABLE (85.5k rows, 22.6 MiB processed)[0m in 9.81s]
[0m23:49:57.954754 [debug] [Thread-1 (]: Finished running node model.dbt_nyc_vehicle_crashes.stg_2025_nyc_crashes
[0m23:49:57.956706 [debug] [Thread-1 (]: Began running node model.dbt_nyc_vehicle_crashes.daily_crashes
[0m23:49:57.957571 [info ] [Thread-1 (]: 2 of 7 START sql table model nyc_motor_vehicle_collision_dataset_mart_monthly_crashes.daily_crashes  [RUN]
[0m23:49:57.958573 [debug] [Thread-1 (]: Re-using an available connection from the pool (formerly model.dbt_nyc_vehicle_crashes.stg_2025_nyc_crashes, now model.dbt_nyc_vehicle_crashes.daily_crashes)
[0m23:49:57.959359 [debug] [Thread-1 (]: Began compiling node model.dbt_nyc_vehicle_crashes.daily_crashes
[0m23:49:57.967276 [debug] [Thread-1 (]: Writing injected SQL for node "model.dbt_nyc_vehicle_crashes.daily_crashes"
[0m23:49:57.968878 [debug] [Thread-1 (]: Began executing node model.dbt_nyc_vehicle_crashes.daily_crashes
[0m23:49:57.973203 [debug] [Thread-1 (]: Opening a new connection, currently in state closed
[0m23:49:59.533604 [debug] [Thread-1 (]: Writing runtime sql for node "model.dbt_nyc_vehicle_crashes.daily_crashes"
[0m23:49:59.538395 [debug] [Thread-1 (]: On model.dbt_nyc_vehicle_crashes.daily_crashes: /* {"app": "dbt", "dbt_version": "1.11.8", "profile_name": "dbt_nyc_vehicle_crashes", "target_name": "dev", "node_id": "model.dbt_nyc_vehicle_crashes.daily_crashes"} */

  
    

    create or replace table `nyc-motor-vehicle-collision-12`.`nyc_motor_vehicle_collision_dataset_mart_monthly_crashes`.`daily_crashes`
      
    
    

    
    OPTIONS()
    as (
      # Which day of the week has the highest number of accidents in Nyc.

SELECT
  FORMAT_DATE('%A', crash_date) AS day_name,
  COUNT(crash_date) AS total_crashes
FROM
  `nyc-motor-vehicle-collision-12`.`nyc_motor_vehicle_collision_dataset_stg_2025_nyc_crashes`.`stg_2025_nyc_crashes`
GROUP BY day_name
ORDER BY COUNT(crash_date) DESC
    );
  
[0m23:50:00.469070 [debug] [Thread-1 (]: BigQuery adapter: https://console.cloud.google.com/bigquery?project=nyc-motor-vehicle-collision-12&j=bq:US:3cafd7e7-c604-423a-a84f-efc447deaa6c&page=queryresults
[0m23:50:02.677825 [debug] [Thread-1 (]: SQL status: OK in 2.205 seconds
[0m23:50:04.178233 [debug] [Thread-1 (]: Sending event: {'category': 'dbt', 'action': 'run_model', 'label': '5b05d108-1158-4b10-8f64-aab015e1464c', 'context': [<snowplow_tracker.self_describing_json.SelfDescribingJson object at 0x790480433d70>]}
[0m23:50:04.181425 [info ] [Thread-1 (]: 2 of 7 OK created sql table model nyc_motor_vehicle_collision_dataset_mart_monthly_crashes.daily_crashes  [[32mCREATE TABLE (7.0 rows, 668.3 KiB processed)[0m in 6.22s]
[0m23:50:04.184353 [debug] [Thread-1 (]: Finished running node model.dbt_nyc_vehicle_crashes.daily_crashes
[0m23:50:04.186356 [debug] [Thread-1 (]: Began running node model.dbt_nyc_vehicle_crashes.monthly_crashes
[0m23:50:04.188655 [info ] [Thread-1 (]: 3 of 7 START sql table model nyc_motor_vehicle_collision_dataset_mart_monthly_crashes.monthly_crashes  [RUN]
[0m23:50:04.190583 [debug] [Thread-1 (]: Re-using an available connection from the pool (formerly model.dbt_nyc_vehicle_crashes.daily_crashes, now model.dbt_nyc_vehicle_crashes.monthly_crashes)
[0m23:50:04.192364 [debug] [Thread-1 (]: Began compiling node model.dbt_nyc_vehicle_crashes.monthly_crashes
[0m23:50:04.205086 [debug] [Thread-1 (]: Writing injected SQL for node "model.dbt_nyc_vehicle_crashes.monthly_crashes"
[0m23:50:04.206768 [debug] [Thread-1 (]: Began executing node model.dbt_nyc_vehicle_crashes.monthly_crashes
[0m23:50:04.224483 [debug] [Thread-1 (]: Opening a new connection, currently in state closed
[0m23:50:06.632234 [debug] [Thread-1 (]: Writing runtime sql for node "model.dbt_nyc_vehicle_crashes.monthly_crashes"
[0m23:50:06.643743 [debug] [Thread-1 (]: On model.dbt_nyc_vehicle_crashes.monthly_crashes: /* {"app": "dbt", "dbt_version": "1.11.8", "profile_name": "dbt_nyc_vehicle_crashes", "target_name": "dev", "node_id": "model.dbt_nyc_vehicle_crashes.monthly_crashes"} */

  
    

    create or replace table `nyc-motor-vehicle-collision-12`.`nyc_motor_vehicle_collision_dataset_mart_monthly_crashes`.`monthly_crashes`
      
    
    

    
    OPTIONS()
    as (
      # Monthly crashes in Nyc 

SELECT
  FORMAT_DATE('%B', crash_date) AS month_name,
  COUNT(crash_date) AS total_crashes
FROM
  `nyc-motor-vehicle-collision-12`.`nyc_motor_vehicle_collision_dataset_stg_2025_nyc_crashes`.`stg_2025_nyc_crashes`
GROUP BY month_name
    );
  
[0m23:50:07.664224 [debug] [Thread-1 (]: BigQuery adapter: https://console.cloud.google.com/bigquery?project=nyc-motor-vehicle-collision-12&j=bq:US:62fdeabf-3110-4141-84f7-713dbd5a5407&page=queryresults
[0m23:50:10.347298 [debug] [Thread-1 (]: SQL status: OK in 2.681 seconds
[0m23:50:11.163609 [debug] [Thread-1 (]: Sending event: {'category': 'dbt', 'action': 'run_model', 'label': '5b05d108-1158-4b10-8f64-aab015e1464c', 'context': [<snowplow_tracker.self_describing_json.SelfDescribingJson object at 0x7904829bba70>]}
[0m23:50:11.169294 [info ] [Thread-1 (]: 3 of 7 OK created sql table model nyc_motor_vehicle_collision_dataset_mart_monthly_crashes.monthly_crashes  [[32mCREATE TABLE (12.0 rows, 668.3 KiB processed)[0m in 6.97s]
[0m23:50:11.172338 [debug] [Thread-1 (]: Finished running node model.dbt_nyc_vehicle_crashes.monthly_crashes
[0m23:50:11.174553 [debug] [Thread-1 (]: Began running node model.dbt_nyc_vehicle_crashes.monthly_death_and_injured_toll
[0m23:50:11.176834 [info ] [Thread-1 (]: 4 of 7 START sql table model nyc_motor_vehicle_collision_dataset_mart_monthly_crashes.monthly_death_and_injured_toll  [RUN]
[0m23:50:11.178603 [debug] [Thread-1 (]: Re-using an available connection from the pool (formerly model.dbt_nyc_vehicle_crashes.monthly_crashes, now model.dbt_nyc_vehicle_crashes.monthly_death_and_injured_toll)
[0m23:50:11.181499 [debug] [Thread-1 (]: Began compiling node model.dbt_nyc_vehicle_crashes.monthly_death_and_injured_toll
[0m23:50:11.205219 [debug] [Thread-1 (]: Writing injected SQL for node "model.dbt_nyc_vehicle_crashes.monthly_death_and_injured_toll"
[0m23:50:11.216409 [debug] [Thread-1 (]: Began executing node model.dbt_nyc_vehicle_crashes.monthly_death_and_injured_toll
[0m23:50:11.230708 [debug] [Thread-1 (]: Writing runtime sql for node "model.dbt_nyc_vehicle_crashes.monthly_death_and_injured_toll"
[0m23:50:11.240473 [debug] [Thread-1 (]: On model.dbt_nyc_vehicle_crashes.monthly_death_and_injured_toll: /* {"app": "dbt", "dbt_version": "1.11.8", "profile_name": "dbt_nyc_vehicle_crashes", "target_name": "dev", "node_id": "model.dbt_nyc_vehicle_crashes.monthly_death_and_injured_toll"} */

  
    

    create or replace table `nyc-motor-vehicle-collision-12`.`nyc_motor_vehicle_collision_dataset_mart_monthly_crashes`.`monthly_death_and_injured_toll`
      
    
    

    
    OPTIONS()
    as (
      # Monthly Death and Injured Toll in Nyc 

WITH casualties AS (
SELECT
  FORMAT_DATE('%B', crash_date) AS month_name,
  SUM(number_of_persons_killed) +
  SUM(number_of_pedestrians_killed) + 
  SUM(number_of_cyclist_killed) + 
  SUM(number_of_motorist_killed) AS death_toll,
  SUM(number_of_persons_injured) +
  SUM(number_of_pedestrians_injured) + 
  SUM(number_of_cyclist_injured) + 
  SUM(number_of_motorist_injured) AS injury_toll
FROM
  `nyc-motor-vehicle-collision-12`.`nyc_motor_vehicle_collision_dataset_stg_2025_nyc_crashes`.`stg_2025_nyc_crashes`
GROUP BY month_name
)
SELECT
    c.month_name,
    c.death_toll,
    c.injury_toll,
    SUM(c.death_toll) +
    SUM(c.injury_toll) AS total_casualties
FROM 
    casualties c
GROUP BY c.month_name, c.death_toll, c.injury_toll
    );
  
[0m23:50:11.244331 [debug] [Thread-1 (]: Opening a new connection, currently in state closed
[0m23:50:13.176777 [debug] [Thread-1 (]: BigQuery adapter: https://console.cloud.google.com/bigquery?project=nyc-motor-vehicle-collision-12&j=bq:US:e28d0460-7563-4d76-a85b-8e2ec907764f&page=queryresults
[0m23:50:16.008695 [debug] [Thread-1 (]: SQL status: OK in 2.828 seconds
[0m23:50:16.757822 [debug] [Thread-1 (]: Sending event: {'category': 'dbt', 'action': 'run_model', 'label': '5b05d108-1158-4b10-8f64-aab015e1464c', 'context': [<snowplow_tracker.self_describing_json.SelfDescribingJson object at 0x790480323e60>]}
[0m23:50:16.763544 [info ] [Thread-1 (]: 4 of 7 OK created sql table model nyc_motor_vehicle_collision_dataset_mart_monthly_crashes.monthly_death_and_injured_toll  [[32mCREATE TABLE (12.0 rows, 5.9 MiB processed)[0m in 5.57s]
[0m23:50:16.768606 [debug] [Thread-1 (]: Finished running node model.dbt_nyc_vehicle_crashes.monthly_death_and_injured_toll
[0m23:50:16.772356 [debug] [Thread-1 (]: Began running node model.dbt_nyc_vehicle_crashes.street_with_most_crashes
[0m23:50:16.780388 [info ] [Thread-1 (]: 5 of 7 START sql table model nyc_motor_vehicle_collision_dataset_mart_monthly_crashes.street_with_most_crashes  [RUN]
[0m23:50:16.784863 [debug] [Thread-1 (]: Re-using an available connection from the pool (formerly model.dbt_nyc_vehicle_crashes.monthly_death_and_injured_toll, now model.dbt_nyc_vehicle_crashes.street_with_most_crashes)
[0m23:50:16.789436 [debug] [Thread-1 (]: Began compiling node model.dbt_nyc_vehicle_crashes.street_with_most_crashes
[0m23:50:16.828684 [debug] [Thread-1 (]: Writing injected SQL for node "model.dbt_nyc_vehicle_crashes.street_with_most_crashes"
[0m23:50:16.835962 [debug] [Thread-1 (]: Began executing node model.dbt_nyc_vehicle_crashes.street_with_most_crashes
[0m23:50:16.855937 [debug] [Thread-1 (]: Opening a new connection, currently in state closed
[0m23:50:18.910385 [debug] [Thread-1 (]: Writing runtime sql for node "model.dbt_nyc_vehicle_crashes.street_with_most_crashes"
[0m23:50:18.916859 [debug] [Thread-1 (]: On model.dbt_nyc_vehicle_crashes.street_with_most_crashes: /* {"app": "dbt", "dbt_version": "1.11.8", "profile_name": "dbt_nyc_vehicle_crashes", "target_name": "dev", "node_id": "model.dbt_nyc_vehicle_crashes.street_with_most_crashes"} */

  
    

    create or replace table `nyc-motor-vehicle-collision-12`.`nyc_motor_vehicle_collision_dataset_mart_monthly_crashes`.`street_with_most_crashes`
      
    
    

    
    OPTIONS()
    as (
      # Most common streets where crashes happen in Nyc 

SELECT
  on_street_name,
  COUNT(crash_date) AS total_crashes
FROM
  `nyc-motor-vehicle-collision-12`.`nyc_motor_vehicle_collision_dataset_stg_2025_nyc_crashes`.`stg_2025_nyc_crashes`
GROUP BY on_street_name
ORDER BY COUNT(crash_date) DESC
    );
  
[0m23:50:19.952562 [debug] [Thread-1 (]: BigQuery adapter: https://console.cloud.google.com/bigquery?project=nyc-motor-vehicle-collision-12&j=bq:US:0753d9ad-31ad-43c1-96a8-893bda035429&page=queryresults
[0m23:50:21.381646 [debug] [Thread-1 (]: SQL status: OK in 2.202 seconds
[0m23:50:22.118379 [debug] [Thread-1 (]: Sending event: {'category': 'dbt', 'action': 'run_model', 'label': '5b05d108-1158-4b10-8f64-aab015e1464c', 'context': [<snowplow_tracker.self_describing_json.SelfDescribingJson object at 0x790481f198b0>]}
[0m23:50:22.133955 [info ] [Thread-1 (]: 5 of 7 OK created sql table model nyc_motor_vehicle_collision_dataset_mart_monthly_crashes.street_with_most_crashes  [[32mCREATE TABLE (4.3k rows, 1.6 MiB processed)[0m in 5.33s]
[0m23:50:22.162670 [debug] [Thread-1 (]: Finished running node model.dbt_nyc_vehicle_crashes.street_with_most_crashes
[0m23:50:22.177926 [debug] [Thread-1 (]: Began running node model.dbt_nyc_vehicle_crashes.total_crashes_by_borough
[0m23:50:22.194142 [info ] [Thread-1 (]: 6 of 7 START sql table model nyc_motor_vehicle_collision_dataset_mart_monthly_crashes.total_crashes_by_borough  [RUN]
[0m23:50:22.210232 [debug] [Thread-1 (]: Re-using an available connection from the pool (formerly model.dbt_nyc_vehicle_crashes.street_with_most_crashes, now model.dbt_nyc_vehicle_crashes.total_crashes_by_borough)
[0m23:50:22.214011 [debug] [Thread-1 (]: Began compiling node model.dbt_nyc_vehicle_crashes.total_crashes_by_borough
[0m23:50:22.245989 [debug] [Thread-1 (]: Writing injected SQL for node "model.dbt_nyc_vehicle_crashes.total_crashes_by_borough"
[0m23:50:22.247769 [debug] [Thread-1 (]: Began executing node model.dbt_nyc_vehicle_crashes.total_crashes_by_borough
[0m23:50:22.261012 [debug] [Thread-1 (]: Opening a new connection, currently in state closed
[0m23:50:24.199720 [debug] [Thread-1 (]: Writing runtime sql for node "model.dbt_nyc_vehicle_crashes.total_crashes_by_borough"
[0m23:50:24.202594 [debug] [Thread-1 (]: On model.dbt_nyc_vehicle_crashes.total_crashes_by_borough: /* {"app": "dbt", "dbt_version": "1.11.8", "profile_name": "dbt_nyc_vehicle_crashes", "target_name": "dev", "node_id": "model.dbt_nyc_vehicle_crashes.total_crashes_by_borough"} */

  
    

    create or replace table `nyc-motor-vehicle-collision-12`.`nyc_motor_vehicle_collision_dataset_mart_monthly_crashes`.`total_crashes_by_borough`
      
    
    

    
    OPTIONS()
    as (
      # Total crashes by Borough in Nyc 

SELECT
  Borough,
  COUNT(crash_date) AS total_crashes
FROM
  `nyc-motor-vehicle-collision-12`.`nyc_motor_vehicle_collision_dataset_stg_2025_nyc_crashes`.`stg_2025_nyc_crashes`
GROUP BY Borough
ORDER BY COUNT(crash_date) DESC
    );
  
[0m23:50:25.238592 [debug] [Thread-1 (]: BigQuery adapter: https://console.cloud.google.com/bigquery?project=nyc-motor-vehicle-collision-12&j=bq:US:f82a3f32-b595-4fb3-9e6c-bc3cc5059dbb&page=queryresults
[0m23:50:27.548284 [debug] [Thread-1 (]: SQL status: OK in 2.306 seconds
[0m23:50:28.736910 [debug] [Thread-1 (]: Sending event: {'category': 'dbt', 'action': 'run_model', 'label': '5b05d108-1158-4b10-8f64-aab015e1464c', 'context': [<snowplow_tracker.self_describing_json.SelfDescribingJson object at 0x790480340350>]}
[0m23:50:28.754372 [info ] [Thread-1 (]: 6 of 7 OK created sql table model nyc_motor_vehicle_collision_dataset_mart_monthly_crashes.total_crashes_by_borough  [[32mCREATE TABLE (6.0 rows, 1.4 MiB processed)[0m in 6.51s]
[0m23:50:28.773442 [debug] [Thread-1 (]: Finished running node model.dbt_nyc_vehicle_crashes.total_crashes_by_borough
[0m23:50:28.788845 [debug] [Thread-1 (]: Began running node model.dbt_nyc_vehicle_crashes.total_crashes_per_time_of_day
[0m23:50:28.805735 [info ] [Thread-1 (]: 7 of 7 START sql table model nyc_motor_vehicle_collision_dataset_mart_monthly_crashes.total_crashes_per_time_of_day  [RUN]
[0m23:50:28.810070 [debug] [Thread-1 (]: Re-using an available connection from the pool (formerly model.dbt_nyc_vehicle_crashes.total_crashes_by_borough, now model.dbt_nyc_vehicle_crashes.total_crashes_per_time_of_day)
[0m23:50:28.812851 [debug] [Thread-1 (]: Began compiling node model.dbt_nyc_vehicle_crashes.total_crashes_per_time_of_day
[0m23:50:28.832843 [debug] [Thread-1 (]: Writing injected SQL for node "model.dbt_nyc_vehicle_crashes.total_crashes_per_time_of_day"
[0m23:50:28.834418 [debug] [Thread-1 (]: Began executing node model.dbt_nyc_vehicle_crashes.total_crashes_per_time_of_day
[0m23:50:28.842293 [debug] [Thread-1 (]: Opening a new connection, currently in state closed
[0m23:50:30.554834 [debug] [Thread-1 (]: Writing runtime sql for node "model.dbt_nyc_vehicle_crashes.total_crashes_per_time_of_day"
[0m23:50:30.564231 [debug] [Thread-1 (]: On model.dbt_nyc_vehicle_crashes.total_crashes_per_time_of_day: /* {"app": "dbt", "dbt_version": "1.11.8", "profile_name": "dbt_nyc_vehicle_crashes", "target_name": "dev", "node_id": "model.dbt_nyc_vehicle_crashes.total_crashes_per_time_of_day"} */

  
    

    create or replace table `nyc-motor-vehicle-collision-12`.`nyc_motor_vehicle_collision_dataset_mart_monthly_crashes`.`total_crashes_per_time_of_day`
      
    
    

    
    OPTIONS()
    as (
      # Time of day that has the most crashes in Nyc 

SELECT
  CASE
    WHEN EXTRACT(HOUR FROM crash_time) = 0 THEN '12am - 1am'
    WHEN EXTRACT(HOUR FROM crash_time) = 1 THEN '1am - 2am'
    WHEN EXTRACT(HOUR FROM crash_time) = 2 THEN '2am - 3am'
    WHEN EXTRACT(HOUR FROM crash_time) = 3 THEN '3am - 4am'
    WHEN EXTRACT(HOUR FROM crash_time) = 4 THEN '4am - 5am'
    WHEN EXTRACT(HOUR FROM crash_time) = 5 THEN '5am - 6am'
    WHEN EXTRACT(HOUR FROM crash_time) = 6 THEN '6am - 7am'
    WHEN EXTRACT(HOUR FROM crash_time) = 7 THEN '7am - 8am'
    WHEN EXTRACT(HOUR FROM crash_time) = 8 THEN '8am - 9am'
    WHEN EXTRACT(HOUR FROM crash_time) = 9 THEN '9am - 10am'
    WHEN EXTRACT(HOUR FROM crash_time) = 10 THEN '10am - 11am'
    WHEN EXTRACT(HOUR FROM crash_time) = 11 THEN '11am - 12pm'
    WHEN EXTRACT(HOUR FROM crash_time) = 12 THEN '12pm - 1pm'
    WHEN EXTRACT(HOUR FROM crash_time) = 13 THEN '1pm - 2pm'
    WHEN EXTRACT(HOUR FROM crash_time) = 14 THEN '2pm - 3pm'
    WHEN EXTRACT(HOUR FROM crash_time) = 15 THEN '3pm - 4pm'
    WHEN EXTRACT(HOUR FROM crash_time) = 16 THEN '4pm - 5pm'
    WHEN EXTRACT(HOUR FROM crash_time) = 17 THEN '5pm - 6pm'
    WHEN EXTRACT(HOUR FROM crash_time) = 18 THEN '6pm - 7pm'
    WHEN EXTRACT(HOUR FROM crash_time) = 19 THEN '7pm - 8pm'
    WHEN EXTRACT(HOUR FROM crash_time) = 20 THEN '8pm - 9pm'
    WHEN EXTRACT(HOUR FROM crash_time) = 21 THEN '9pm - 10pm'
    WHEN EXTRACT(HOUR FROM crash_time) = 22 THEN '10pm - 11pm'
    ELSE '11pm - 12am'
  END AS time_bucket,
  COUNT(*) AS total_crashes
FROM `nyc-motor-vehicle-collision-12`.`nyc_motor_vehicle_collision_dataset_stg_2025_nyc_crashes`.`stg_2025_nyc_crashes`
GROUP BY time_bucket
ORDER BY total_crashes DESC
    );
  
[0m23:50:31.631924 [debug] [Thread-1 (]: BigQuery adapter: https://console.cloud.google.com/bigquery?project=nyc-motor-vehicle-collision-12&j=bq:US:4559c5cc-856f-42fe-8c06-651eb5bc863d&page=queryresults
[0m23:50:34.545009 [debug] [Thread-1 (]: SQL status: OK in 2.902 seconds
[0m23:50:35.776974 [debug] [Thread-1 (]: Sending event: {'category': 'dbt', 'action': 'run_model', 'label': '5b05d108-1158-4b10-8f64-aab015e1464c', 'context': [<snowplow_tracker.self_describing_json.SelfDescribingJson object at 0x790480404e90>]}
[0m23:50:35.783118 [info ] [Thread-1 (]: 7 of 7 OK created sql table model nyc_motor_vehicle_collision_dataset_mart_monthly_crashes.total_crashes_per_time_of_day  [[32mCREATE TABLE (24.0 rows, 668.3 KiB processed)[0m in 6.96s]
[0m23:50:35.790456 [debug] [Thread-1 (]: Finished running node model.dbt_nyc_vehicle_crashes.total_crashes_per_time_of_day
[0m23:50:35.877975 [debug] [MainThread]: Opening a new connection, currently in state closed
[0m23:50:35.880467 [debug] [MainThread]: Connection 'master' was properly closed.
[0m23:50:35.882196 [debug] [MainThread]: Connection 'model.dbt_nyc_vehicle_crashes.total_crashes_per_time_of_day' was properly closed.
[0m23:50:35.884244 [info ] [MainThread]: 
[0m23:50:35.885649 [info ] [MainThread]: Finished running 7 table models in 0 hours 1 minutes and 2.22 seconds (62.22s).
[0m23:50:35.891204 [debug] [MainThread]: Command end result
[0m23:50:35.968498 [debug] [MainThread]: Wrote artifact WritableManifest to /home/kwakut/nyc-vehicle-collisions-project/dbt_nyc_vehicle_crashes/target/manifest.json
[0m23:50:35.972959 [debug] [MainThread]: Wrote artifact SemanticManifest to /home/kwakut/nyc-vehicle-collisions-project/dbt_nyc_vehicle_crashes/target/semantic_manifest.json
[0m23:50:35.984950 [debug] [MainThread]: Wrote artifact RunExecutionResult to /home/kwakut/nyc-vehicle-collisions-project/dbt_nyc_vehicle_crashes/target/run_results.json
[0m23:50:35.986219 [info ] [MainThread]: 
[0m23:50:35.987348 [info ] [MainThread]: [32mCompleted successfully[0m
[0m23:50:35.988210 [info ] [MainThread]: 
[0m23:50:35.989232 [info ] [MainThread]: Done. PASS=7 WARN=0 ERROR=0 SKIP=0 NO-OP=0 TOTAL=7
[0m23:50:35.990897 [debug] [MainThread]: Resource report: {"command_name": "run", "command_success": true, "command_wall_clock_time": 68.53452, "process_in_blocks": "0", "process_kernel_time": 1.558347, "process_mem_max_rss": "233688", "process_out_blocks": "3920", "process_user_time": 11.981391}
[0m23:50:35.992743 [debug] [MainThread]: Command `dbt run` succeeded at 23:50:35.992391 after 68.54 seconds
[0m23:50:35.993635 [debug] [MainThread]: Sending event: {'category': 'dbt', 'action': 'invocation', 'label': 'end', 'context': [<snowplow_tracker.self_describing_json.SelfDescribingJson object at 0x7904a0f5ffb0>, <snowplow_tracker.self_describing_json.SelfDescribingJson object at 0x7904a45b33b0>, <snowplow_tracker.self_describing_json.SelfDescribingJson object at 0x7904a0f934d0>]}
[0m23:50:35.995075 [debug] [MainThread]: Flushing usage events
[0m23:50:39.614549 [debug] [MainThread]: An error was encountered while trying to flush usage events
[0m18:04:23.590713 [debug] [MainThread]: Sending event: {'category': 'dbt', 'action': 'invocation', 'label': 'start', 'context': [<snowplow_tracker.self_describing_json.SelfDescribingJson object at 0x7ae39a912f00>, <snowplow_tracker.self_describing_json.SelfDescribingJson object at 0x7ae3996e6540>, <snowplow_tracker.self_describing_json.SelfDescribingJson object at 0x7ae3999a6ae0>]}


============================== 18:04:23.607378 | 1741cb1b-ffc4-4ae9-92c6-68401895d324 ==============================
[0m18:04:23.607378 [info ] [MainThread]: Running with dbt=1.11.8
[0m18:04:23.609801 [debug] [MainThread]: running dbt with arguments {'cache_selected_only': 'False', 'debug': 'False', 'warn_error_options': 'WarnErrorOptionsV2(error=[], warn=[], silence=[])', 'profiles_dir': '/home/kwakut/.dbt', 'introspect': 'True', 'quiet': 'False', 'send_anonymous_usage_stats': 'True', 'indirect_selection': 'eager', 'write_json': 'True', 'static_parser': 'True', 'no_print': 'None', 'empty': 'None', 'use_colors': 'True', 'log_format': 'default', 'warn_error': 'None', 'use_experimental_parser': 'False', 'version_check': 'True', 'log_path': '/home/kwakut/nyc-vehicle-collisions-project/dbt_nyc_vehicle_crashes/logs', 'fail_fast': 'False', 'invocation_command': 'dbt clean', 'log_cache_events': 'False', 'target_path': 'None', 'partial_parse': 'True', 'printer_width': '80'}
[0m18:04:24.167525 [debug] [MainThread]: Sending event: {'category': 'dbt', 'action': 'project_id', 'label': '1741cb1b-ffc4-4ae9-92c6-68401895d324', 'context': [<snowplow_tracker.self_describing_json.SelfDescribingJson object at 0x7ae398a05e20>]}
[0m18:04:24.463961 [debug] [MainThread]: Resource report: {"command_name": "clean", "command_success": true, "command_wall_clock_time": 1.0711582, "process_in_blocks": "84120", "process_kernel_time": 4.145583, "process_mem_max_rss": "105040", "process_out_blocks": "8", "process_user_time": 4.63817}
[0m18:04:24.464944 [debug] [MainThread]: Command `dbt clean` succeeded at 18:04:24.464649 after 1.07 seconds
[0m18:04:24.466116 [debug] [MainThread]: Sending event: {'category': 'dbt', 'action': 'invocation', 'label': 'end', 'context': [<snowplow_tracker.self_describing_json.SelfDescribingJson object at 0x7ae398a2bb60>, <snowplow_tracker.self_describing_json.SelfDescribingJson object at 0x7ae398f0ade0>, <snowplow_tracker.self_describing_json.SelfDescribingJson object at 0x7ae3991efda0>]}
[0m18:04:24.467894 [debug] [MainThread]: Flushing usage events
[0m18:04:25.962808 [debug] [MainThread]: An error was encountered while trying to flush usage events
[0m18:08:06.403714 [debug] [MainThread]: Sending event: {'category': 'dbt', 'action': 'invocation', 'label': 'start', 'context': [<snowplow_tracker.self_describing_json.SelfDescribingJson object at 0x74e759e03200>, <snowplow_tracker.self_describing_json.SelfDescribingJson object at 0x74e757b67b30>, <snowplow_tracker.self_describing_json.SelfDescribingJson object at 0x74e757adde50>]}


============================== 18:08:06.408451 | e6e114b8-63bb-4052-b5f9-6db7f6e15637 ==============================
[0m18:08:06.408451 [info ] [MainThread]: Running with dbt=1.11.8
[0m18:08:06.409432 [debug] [MainThread]: running dbt with arguments {'profiles_dir': '/home/kwakut/.dbt', 'fail_fast': 'False', 'indirect_selection': 'eager', 'target_path': 'None', 'cache_selected_only': 'False', 'empty': 'False', 'quiet': 'False', 'no_print': 'None', 'log_path': '/home/kwakut/nyc-vehicle-collisions-project/dbt_nyc_vehicle_crashes/logs', 'debug': 'False', 'static_parser': 'True', 'printer_width': '80', 'warn_error': 'None', 'version_check': 'True', 'log_cache_events': 'False', 'invocation_command': 'dbt run', 'log_format': 'default', 'write_json': 'True', 'use_colors': 'True', 'use_experimental_parser': 'False', 'introspect': 'True', 'warn_error_options': 'WarnErrorOptionsV2(error=[], warn=[], silence=[])', 'send_anonymous_usage_stats': 'True', 'partial_parse': 'True'}
[0m18:08:08.076864 [debug] [MainThread]: Sending event: {'category': 'dbt', 'action': 'project_id', 'label': 'e6e114b8-63bb-4052-b5f9-6db7f6e15637', 'context': [<snowplow_tracker.self_describing_json.SelfDescribingJson object at 0x74e757fc4980>]}
[0m18:08:08.161177 [debug] [MainThread]: Sending event: {'category': 'dbt', 'action': 'adapter_info', 'label': 'e6e114b8-63bb-4052-b5f9-6db7f6e15637', 'context': [<snowplow_tracker.self_describing_json.SelfDescribingJson object at 0x74e758f21a30>]}
[0m18:08:08.162049 [info ] [MainThread]: Registered adapter: bigquery=1.11.1
[0m18:08:08.348652 [debug] [MainThread]: checksum: 7d524ac048c2100769df89d592e662e060a73ca564e31bd9c2a37efdfe8d8ab6, vars: {}, profile: , target: , version: 1.11.8
[0m18:08:08.349624 [info ] [MainThread]: Unable to do partial parsing because saved manifest not found. Starting full parse.
[0m18:08:08.350165 [debug] [MainThread]: Sending event: {'category': 'dbt', 'action': 'partial_parser', 'label': 'e6e114b8-63bb-4052-b5f9-6db7f6e15637', 'context': [<snowplow_tracker.self_describing_json.SelfDescribingJson object at 0x74e739f261e0>]}
[0m18:08:10.634912 [debug] [MainThread]: Sending event: {'category': 'dbt', 'action': 'load_project', 'label': 'e6e114b8-63bb-4052-b5f9-6db7f6e15637', 'context': [<snowplow_tracker.self_describing_json.SelfDescribingJson object at 0x74e7397ce000>]}
[0m18:08:10.757776 [debug] [MainThread]: Wrote artifact WritableManifest to /home/kwakut/nyc-vehicle-collisions-project/dbt_nyc_vehicle_crashes/target/manifest.json
[0m18:08:10.762019 [debug] [MainThread]: Wrote artifact SemanticManifest to /home/kwakut/nyc-vehicle-collisions-project/dbt_nyc_vehicle_crashes/target/semantic_manifest.json
[0m18:08:10.780457 [debug] [MainThread]: Sending event: {'category': 'dbt', 'action': 'resource_counts', 'label': 'e6e114b8-63bb-4052-b5f9-6db7f6e15637', 'context': [<snowplow_tracker.self_describing_json.SelfDescribingJson object at 0x74e738cc9b80>]}
[0m18:08:10.781144 [info ] [MainThread]: Found 9 models, 2 data tests, 1 source, 539 macros
[0m18:08:10.781749 [debug] [MainThread]: Sending event: {'category': 'dbt', 'action': 'runnable_timing', 'label': 'e6e114b8-63bb-4052-b5f9-6db7f6e15637', 'context': [<snowplow_tracker.self_describing_json.SelfDescribingJson object at 0x74e738ceb2c0>]}
[0m18:08:10.784451 [info ] [MainThread]: 
[0m18:08:10.785096 [info ] [MainThread]: Concurrency: 1 threads (target='dev')
[0m18:08:10.785668 [info ] [MainThread]: 
[0m18:08:10.786678 [debug] [MainThread]: Acquiring new bigquery connection 'master'
[0m18:08:10.793906 [debug] [ThreadPool]: Acquiring new bigquery connection 'list_nyc-motor-vehicle-collision-12'
[0m18:08:10.794862 [debug] [ThreadPool]: Opening a new connection, currently in state init
[0m18:08:16.299429 [debug] [ThreadPool]: Opening a new connection, currently in state closed
[0m18:08:17.252167 [debug] [ThreadPool]: Re-using an available connection from the pool (formerly list_nyc-motor-vehicle-collision-12, now create_nyc-motor-vehicle-collision-12_nyc_motor_vehicle_collision_dataset_stg_nyc_crashes)
[0m18:08:17.264455 [debug] [ThreadPool]: Creating schema "database: "nyc-motor-vehicle-collision-12"
schema: "nyc_motor_vehicle_collision_dataset_stg_nyc_crashes"
"
[0m18:08:17.357736 [debug] [ThreadPool]: On create_nyc-motor-vehicle-collision-12_nyc_motor_vehicle_collision_dataset_stg_nyc_crashes: /* {"app": "dbt", "dbt_version": "1.11.8", "profile_name": "dbt_nyc_vehicle_crashes", "target_name": "dev", "connection_name": "create_nyc-motor-vehicle-collision-12_nyc_motor_vehicle_collision_dataset_stg_nyc_crashes"} */
create schema if not exists `nyc-motor-vehicle-collision-12`.`nyc_motor_vehicle_collision_dataset_stg_nyc_crashes`
  
[0m18:08:17.359519 [debug] [ThreadPool]: Opening a new connection, currently in state closed
[0m18:08:18.697563 [debug] [ThreadPool]: BigQuery adapter: https://console.cloud.google.com/bigquery?project=nyc-motor-vehicle-collision-12&j=bq:US:0d07feb9-c7bf-4a2e-8a76-4a859798722d&page=queryresults
[0m18:08:19.682949 [debug] [ThreadPool]: SQL status: OK in 0.985 seconds
[0m18:08:19.857538 [debug] [ThreadPool]: Re-using an available connection from the pool (formerly create_nyc-motor-vehicle-collision-12_nyc_motor_vehicle_collision_dataset_stg_nyc_crashes, now create_nyc-motor-vehicle-collision-12_nyc_motor_vehicle_collision_dataset_mart_nyc_crashes)
[0m18:08:19.859474 [debug] [ThreadPool]: Creating schema "database: "nyc-motor-vehicle-collision-12"
schema: "nyc_motor_vehicle_collision_dataset_mart_nyc_crashes"
"
[0m18:08:19.863474 [debug] [ThreadPool]: On create_nyc-motor-vehicle-collision-12_nyc_motor_vehicle_collision_dataset_mart_nyc_crashes: /* {"app": "dbt", "dbt_version": "1.11.8", "profile_name": "dbt_nyc_vehicle_crashes", "target_name": "dev", "connection_name": "create_nyc-motor-vehicle-collision-12_nyc_motor_vehicle_collision_dataset_mart_nyc_crashes"} */
create schema if not exists `nyc-motor-vehicle-collision-12`.`nyc_motor_vehicle_collision_dataset_mart_nyc_crashes`
  
[0m18:08:19.864389 [debug] [ThreadPool]: Opening a new connection, currently in state closed
[0m18:08:20.932541 [debug] [ThreadPool]: BigQuery adapter: https://console.cloud.google.com/bigquery?project=nyc-motor-vehicle-collision-12&j=bq:US:cfcee405-aa75-4590-9df2-9bc41d017ab1&page=queryresults
[0m18:08:21.923100 [debug] [ThreadPool]: SQL status: OK in 0.985 seconds
[0m18:08:21.945719 [debug] [ThreadPool]: Re-using an available connection from the pool (formerly create_nyc-motor-vehicle-collision-12_nyc_motor_vehicle_collision_dataset_mart_nyc_crashes, now list_nyc-motor-vehicle-collision-12_nyc_motor_vehicle_collision_dataset_stg_nyc_crashes)
[0m18:08:21.949976 [debug] [ThreadPool]: Opening a new connection, currently in state closed
[0m18:08:23.034160 [debug] [ThreadPool]: Re-using an available connection from the pool (formerly list_nyc-motor-vehicle-collision-12_nyc_motor_vehicle_collision_dataset_stg_nyc_crashes, now list_nyc-motor-vehicle-collision-12_nyc_motor_vehicle_collision_dataset_mart_nyc_crashes)
[0m18:08:23.036866 [debug] [ThreadPool]: Opening a new connection, currently in state closed
[0m18:08:26.754320 [debug] [MainThread]: Sending event: {'category': 'dbt', 'action': 'runnable_timing', 'label': 'e6e114b8-63bb-4052-b5f9-6db7f6e15637', 'context': [<snowplow_tracker.self_describing_json.SelfDescribingJson object at 0x74e738cebcb0>]}
[0m18:08:26.757421 [debug] [MainThread]: Opening a new connection, currently in state init
[0m18:08:26.781164 [debug] [Thread-1 (]: Began running node model.dbt_nyc_vehicle_crashes.stg_2025_nyc_crashes
[0m18:08:26.784173 [info ] [Thread-1 (]: 1 of 8 START sql table model nyc_motor_vehicle_collision_dataset_stg_nyc_crashes.stg_2025_nyc_crashes  [RUN]
[0m18:08:26.787270 [debug] [Thread-1 (]: Re-using an available connection from the pool (formerly list_nyc-motor-vehicle-collision-12_nyc_motor_vehicle_collision_dataset_mart_nyc_crashes, now model.dbt_nyc_vehicle_crashes.stg_2025_nyc_crashes)
[0m18:08:26.788070 [debug] [Thread-1 (]: Began compiling node model.dbt_nyc_vehicle_crashes.stg_2025_nyc_crashes
[0m18:08:26.813305 [debug] [Thread-1 (]: Writing injected SQL for node "model.dbt_nyc_vehicle_crashes.stg_2025_nyc_crashes"
[0m18:08:26.869109 [debug] [Thread-1 (]: Began executing node model.dbt_nyc_vehicle_crashes.stg_2025_nyc_crashes
[0m18:08:27.013930 [debug] [Thread-1 (]: Writing runtime sql for node "model.dbt_nyc_vehicle_crashes.stg_2025_nyc_crashes"
[0m18:08:27.028915 [debug] [Thread-1 (]: On model.dbt_nyc_vehicle_crashes.stg_2025_nyc_crashes: /* {"app": "dbt", "dbt_version": "1.11.8", "profile_name": "dbt_nyc_vehicle_crashes", "target_name": "dev", "node_id": "model.dbt_nyc_vehicle_crashes.stg_2025_nyc_crashes"} */

  
    

    create or replace table `nyc-motor-vehicle-collision-12`.`nyc_motor_vehicle_collision_dataset_stg_nyc_crashes`.`stg_2025_nyc_crashes`
      
    
    

    
    OPTIONS()
    as (
      WITH source AS (

    SELECT
        DATE(SUBSTR(crash_date, 1, 10)) AS crash_date,
        SAFE.PARSE_TIME('%H:%M', crash_time) AS crash_time,
        on_street_name,
        off_street_name,
        SAFE_CAST(number_of_persons_injured AS INT64) AS number_of_persons_injured,
        SAFE_CAST(number_of_persons_killed AS INT64) AS number_of_persons_killed,
        SAFE_CAST(number_of_pedestrians_injured AS INT64) AS number_of_pedestrians_injured,
        SAFE_CAST(number_of_pedestrians_killed AS INT64) AS number_of_pedestrians_killed,
        SAFE_CAST(number_of_cyclist_injured AS INT64) AS number_of_cyclist_injured,
        SAFE_CAST(number_of_cyclist_killed AS INT64) AS number_of_cyclist_killed,
        SAFE_CAST(number_of_motorist_injured AS INT64) AS number_of_motorist_injured,
        SAFE_CAST(number_of_motorist_killed AS INT64) AS number_of_motorist_killed,
        contributing_factor_vehicle_1,
        contributing_factor_vehicle_2,
        CAST(collision_id AS INT64) AS collision_id,
        vehicle_type_code1 AS vehicle_type_code_1,
        vehicle_type_code2 AS vehicle_type_code_2,
        borough,
        zip_code,
        SAFE_CAST(latitude AS FLOAT64) AS latitude,
        SAFE_CAST(longitude AS FLOAT64) AS longitude,
        location,
        contributing_factor_vehicle_3,
        vehicle_type_code_3,
        cross_street_name,
        contributing_factor_vehicle_4,
        vehicle_type_code_4,
        contributing_factor_vehicle_5,
        vehicle_type_code_5
    FROM `nyc-motor-vehicle-collision-12`.`nyc_motor_vehicle_collision_dataset`.`nyc_motor_crashes`
)
SELECT 
    *,
    current_timestamp() AS ingestion_timestamp 
FROM source
    );
  
[0m18:08:27.030278 [debug] [Thread-1 (]: Opening a new connection, currently in state closed
[0m18:08:28.558364 [debug] [Thread-1 (]: BigQuery adapter: https://console.cloud.google.com/bigquery?project=nyc-motor-vehicle-collision-12&j=bq:US:c4916d9d-3f7c-4e75-b215-c08b1dd3fd96&page=queryresults
[0m18:08:32.188070 [debug] [Thread-1 (]: SQL status: OK in 3.627 seconds
[0m18:08:32.654856 [debug] [Thread-1 (]: Sending event: {'category': 'dbt', 'action': 'run_model', 'label': 'e6e114b8-63bb-4052-b5f9-6db7f6e15637', 'context': [<snowplow_tracker.self_describing_json.SelfDescribingJson object at 0x74e757f66090>]}
[0m18:08:32.656668 [info ] [Thread-1 (]: 1 of 8 OK created sql table model nyc_motor_vehicle_collision_dataset_stg_nyc_crashes.stg_2025_nyc_crashes  [[32mCREATE TABLE (85.5k rows, 22.6 MiB processed)[0m in 5.86s]
[0m18:08:32.660638 [debug] [Thread-1 (]: Finished running node model.dbt_nyc_vehicle_crashes.stg_2025_nyc_crashes
[0m18:08:32.666169 [debug] [Thread-1 (]: Began running node model.dbt_nyc_vehicle_crashes.mart_daily_crashes
[0m18:08:32.675404 [info ] [Thread-1 (]: 2 of 8 START sql table model nyc_motor_vehicle_collision_dataset_mart_nyc_crashes.mart_daily_crashes  [RUN]
[0m18:08:32.677860 [debug] [Thread-1 (]: Re-using an available connection from the pool (formerly model.dbt_nyc_vehicle_crashes.stg_2025_nyc_crashes, now model.dbt_nyc_vehicle_crashes.mart_daily_crashes)
[0m18:08:32.679337 [debug] [Thread-1 (]: Began compiling node model.dbt_nyc_vehicle_crashes.mart_daily_crashes
[0m18:08:32.692482 [debug] [Thread-1 (]: Writing injected SQL for node "model.dbt_nyc_vehicle_crashes.mart_daily_crashes"
[0m18:08:32.715844 [debug] [Thread-1 (]: Began executing node model.dbt_nyc_vehicle_crashes.mart_daily_crashes
[0m18:08:32.730054 [debug] [Thread-1 (]: Writing runtime sql for node "model.dbt_nyc_vehicle_crashes.mart_daily_crashes"
[0m18:08:32.756970 [debug] [Thread-1 (]: On model.dbt_nyc_vehicle_crashes.mart_daily_crashes: /* {"app": "dbt", "dbt_version": "1.11.8", "profile_name": "dbt_nyc_vehicle_crashes", "target_name": "dev", "node_id": "model.dbt_nyc_vehicle_crashes.mart_daily_crashes"} */

  
    

    create or replace table `nyc-motor-vehicle-collision-12`.`nyc_motor_vehicle_collision_dataset_mart_nyc_crashes`.`mart_daily_crashes`
      
    
    

    
    OPTIONS()
    as (
      # Which day of the week has the highest number of accidents in Nyc.

SELECT
  FORMAT_DATE('%A', crash_date) AS day_name,
  COUNT(crash_date) AS total_crashes
FROM
  `nyc-motor-vehicle-collision-12`.`nyc_motor_vehicle_collision_dataset_stg_nyc_crashes`.`stg_2025_nyc_crashes`
GROUP BY day_name
ORDER BY COUNT(crash_date) DESC
    );
  
[0m18:08:32.760741 [debug] [Thread-1 (]: Opening a new connection, currently in state closed
[0m18:08:34.667966 [debug] [Thread-1 (]: BigQuery adapter: https://console.cloud.google.com/bigquery?project=nyc-motor-vehicle-collision-12&j=bq:US:69f5aee9-52b0-4235-9f65-8026e019292c&page=queryresults
[0m18:08:36.687190 [debug] [Thread-1 (]: SQL status: OK in 2.018 seconds
[0m18:08:37.184009 [debug] [Thread-1 (]: Sending event: {'category': 'dbt', 'action': 'run_model', 'label': 'e6e114b8-63bb-4052-b5f9-6db7f6e15637', 'context': [<snowplow_tracker.self_describing_json.SelfDescribingJson object at 0x74e7380c3380>]}
[0m18:08:37.189868 [info ] [Thread-1 (]: 2 of 8 OK created sql table model nyc_motor_vehicle_collision_dataset_mart_nyc_crashes.mart_daily_crashes  [[32mCREATE TABLE (7.0 rows, 668.3 KiB processed)[0m in 4.51s]
[0m18:08:37.192099 [debug] [Thread-1 (]: Finished running node model.dbt_nyc_vehicle_crashes.mart_daily_crashes
[0m18:08:37.193287 [debug] [Thread-1 (]: Began running node model.dbt_nyc_vehicle_crashes.mart_high_risk_location
[0m18:08:37.195167 [info ] [Thread-1 (]: 3 of 8 START sql table model nyc_motor_vehicle_collision_dataset_mart_nyc_crashes.mart_high_risk_location  [RUN]
[0m18:08:37.197637 [debug] [Thread-1 (]: Re-using an available connection from the pool (formerly model.dbt_nyc_vehicle_crashes.mart_daily_crashes, now model.dbt_nyc_vehicle_crashes.mart_high_risk_location)
[0m18:08:37.199169 [debug] [Thread-1 (]: Began compiling node model.dbt_nyc_vehicle_crashes.mart_high_risk_location
[0m18:08:37.207866 [debug] [Thread-1 (]: Writing injected SQL for node "model.dbt_nyc_vehicle_crashes.mart_high_risk_location"
[0m18:08:37.210667 [debug] [Thread-1 (]: Began executing node model.dbt_nyc_vehicle_crashes.mart_high_risk_location
[0m18:08:37.228846 [debug] [Thread-1 (]: Writing runtime sql for node "model.dbt_nyc_vehicle_crashes.mart_high_risk_location"
[0m18:08:37.239738 [debug] [Thread-1 (]: On model.dbt_nyc_vehicle_crashes.mart_high_risk_location: /* {"app": "dbt", "dbt_version": "1.11.8", "profile_name": "dbt_nyc_vehicle_crashes", "target_name": "dev", "node_id": "model.dbt_nyc_vehicle_crashes.mart_high_risk_location"} */

  
    

    create or replace table `nyc-motor-vehicle-collision-12`.`nyc_motor_vehicle_collision_dataset_mart_nyc_crashes`.`mart_high_risk_location`
      
    
    

    
    OPTIONS()
    as (
      # Most common streets where crashes happen in Nyc 

SELECT
  on_street_name,
  COUNT(crash_date) AS total_crashes
FROM
  `nyc-motor-vehicle-collision-12`.`nyc_motor_vehicle_collision_dataset_stg_nyc_crashes`.`stg_2025_nyc_crashes`
GROUP BY on_street_name
ORDER BY COUNT(crash_date) DESC
    );
  
[0m18:08:37.242220 [debug] [Thread-1 (]: Opening a new connection, currently in state closed
[0m18:08:38.839091 [debug] [Thread-1 (]: BigQuery adapter: https://console.cloud.google.com/bigquery?project=nyc-motor-vehicle-collision-12&j=bq:US:a59d46cb-7827-4a64-aa5b-3ee5faf4e6a2&page=queryresults
[0m18:08:39.459315 [debug] [Thread-1 (]: SQL status: OK in 1.993 seconds
[0m18:08:39.979090 [debug] [Thread-1 (]: Sending event: {'category': 'dbt', 'action': 'run_model', 'label': 'e6e114b8-63bb-4052-b5f9-6db7f6e15637', 'context': [<snowplow_tracker.self_describing_json.SelfDescribingJson object at 0x74e738116cf0>]}
[0m18:08:39.983447 [info ] [Thread-1 (]: 3 of 8 OK created sql table model nyc_motor_vehicle_collision_dataset_mart_nyc_crashes.mart_high_risk_location  [[32mCREATE TABLE (4.3k rows, 1.6 MiB processed)[0m in 2.78s]
[0m18:08:39.993265 [debug] [Thread-1 (]: Finished running node model.dbt_nyc_vehicle_crashes.mart_high_risk_location
[0m18:08:39.999339 [debug] [Thread-1 (]: Began running node model.dbt_nyc_vehicle_crashes.mart_monthly_crashes
[0m18:08:40.015050 [info ] [Thread-1 (]: 4 of 8 START sql table model nyc_motor_vehicle_collision_dataset_mart_nyc_crashes.mart_monthly_crashes  [RUN]
[0m18:08:40.019876 [debug] [Thread-1 (]: Re-using an available connection from the pool (formerly model.dbt_nyc_vehicle_crashes.mart_high_risk_location, now model.dbt_nyc_vehicle_crashes.mart_monthly_crashes)
[0m18:08:40.024725 [debug] [Thread-1 (]: Began compiling node model.dbt_nyc_vehicle_crashes.mart_monthly_crashes
[0m18:08:40.061925 [debug] [Thread-1 (]: Writing injected SQL for node "model.dbt_nyc_vehicle_crashes.mart_monthly_crashes"
[0m18:08:40.076733 [debug] [Thread-1 (]: Began executing node model.dbt_nyc_vehicle_crashes.mart_monthly_crashes
[0m18:08:40.094064 [debug] [Thread-1 (]: Writing runtime sql for node "model.dbt_nyc_vehicle_crashes.mart_monthly_crashes"
[0m18:08:40.096971 [debug] [Thread-1 (]: On model.dbt_nyc_vehicle_crashes.mart_monthly_crashes: /* {"app": "dbt", "dbt_version": "1.11.8", "profile_name": "dbt_nyc_vehicle_crashes", "target_name": "dev", "node_id": "model.dbt_nyc_vehicle_crashes.mart_monthly_crashes"} */

  
    

    create or replace table `nyc-motor-vehicle-collision-12`.`nyc_motor_vehicle_collision_dataset_mart_nyc_crashes`.`mart_monthly_crashes`
      
    
    

    
    OPTIONS()
    as (
      # Monthly crashes in Nyc 

SELECT
  FORMAT_DATE('%B', crash_date) AS month_name,
  COUNT(crash_date) AS total_crashes
FROM
  `nyc-motor-vehicle-collision-12`.`nyc_motor_vehicle_collision_dataset_stg_nyc_crashes`.`stg_2025_nyc_crashes`
GROUP BY month_name
    );
  
[0m18:08:40.098285 [debug] [Thread-1 (]: Opening a new connection, currently in state closed
[0m18:08:41.603742 [debug] [Thread-1 (]: BigQuery adapter: https://console.cloud.google.com/bigquery?project=nyc-motor-vehicle-collision-12&j=bq:US:e9bea91d-b1bb-4224-86a7-e7eb49852821&page=queryresults
[0m18:08:43.587424 [debug] [Thread-1 (]: SQL status: OK in 1.978 seconds
[0m18:08:44.024186 [debug] [Thread-1 (]: Sending event: {'category': 'dbt', 'action': 'run_model', 'label': 'e6e114b8-63bb-4052-b5f9-6db7f6e15637', 'context': [<snowplow_tracker.self_describing_json.SelfDescribingJson object at 0x74e738119310>]}
[0m18:08:44.028630 [info ] [Thread-1 (]: 4 of 8 OK created sql table model nyc_motor_vehicle_collision_dataset_mart_nyc_crashes.mart_monthly_crashes  [[32mCREATE TABLE (12.0 rows, 668.3 KiB processed)[0m in 4.00s]
[0m18:08:44.032228 [debug] [Thread-1 (]: Finished running node model.dbt_nyc_vehicle_crashes.mart_monthly_crashes
[0m18:08:44.035103 [debug] [Thread-1 (]: Began running node model.dbt_nyc_vehicle_crashes.mart_monthly_death_and_injured_toll
[0m18:08:44.040590 [info ] [Thread-1 (]: 5 of 8 START sql table model nyc_motor_vehicle_collision_dataset_mart_nyc_crashes.mart_monthly_death_and_injured_toll  [RUN]
[0m18:08:44.042745 [debug] [Thread-1 (]: Re-using an available connection from the pool (formerly model.dbt_nyc_vehicle_crashes.mart_monthly_crashes, now model.dbt_nyc_vehicle_crashes.mart_monthly_death_and_injured_toll)
[0m18:08:44.044720 [debug] [Thread-1 (]: Began compiling node model.dbt_nyc_vehicle_crashes.mart_monthly_death_and_injured_toll
[0m18:08:44.071055 [debug] [Thread-1 (]: Writing injected SQL for node "model.dbt_nyc_vehicle_crashes.mart_monthly_death_and_injured_toll"
[0m18:08:44.084661 [debug] [Thread-1 (]: Began executing node model.dbt_nyc_vehicle_crashes.mart_monthly_death_and_injured_toll
[0m18:08:44.104117 [debug] [Thread-1 (]: Writing runtime sql for node "model.dbt_nyc_vehicle_crashes.mart_monthly_death_and_injured_toll"
[0m18:08:44.109474 [debug] [Thread-1 (]: On model.dbt_nyc_vehicle_crashes.mart_monthly_death_and_injured_toll: /* {"app": "dbt", "dbt_version": "1.11.8", "profile_name": "dbt_nyc_vehicle_crashes", "target_name": "dev", "node_id": "model.dbt_nyc_vehicle_crashes.mart_monthly_death_and_injured_toll"} */

  
    

    create or replace table `nyc-motor-vehicle-collision-12`.`nyc_motor_vehicle_collision_dataset_mart_nyc_crashes`.`mart_monthly_death_and_injured_toll`
      
    
    

    
    OPTIONS()
    as (
      # Monthly Death and Injured Toll in Nyc 

WITH casualties AS (
SELECT
  FORMAT_DATE('%B', crash_date) AS month_name,
  SUM(number_of_persons_killed) +
  SUM(number_of_pedestrians_killed) + 
  SUM(number_of_cyclist_killed) + 
  SUM(number_of_motorist_killed) AS death_toll,
  SUM(number_of_persons_injured) +
  SUM(number_of_pedestrians_injured) + 
  SUM(number_of_cyclist_injured) + 
  SUM(number_of_motorist_injured) AS injury_toll
FROM
  `nyc-motor-vehicle-collision-12`.`nyc_motor_vehicle_collision_dataset_stg_nyc_crashes`.`stg_2025_nyc_crashes`
GROUP BY month_name
)
SELECT
    c.month_name,
    c.death_toll,
    c.injury_toll,
    SUM(c.death_toll) +
    SUM(c.injury_toll) AS total_casualties
FROM 
    casualties c
GROUP BY c.month_name, c.death_toll, c.injury_toll
    );
  
[0m18:08:44.111739 [debug] [Thread-1 (]: Opening a new connection, currently in state closed
[0m18:08:45.494235 [debug] [Thread-1 (]: BigQuery adapter: https://console.cloud.google.com/bigquery?project=nyc-motor-vehicle-collision-12&j=bq:US:ad626000-586b-4d80-946e-0179139c62dc&page=queryresults
[0m18:08:47.508226 [debug] [Thread-1 (]: SQL status: OK in 2.010 seconds
[0m18:08:47.995660 [debug] [Thread-1 (]: Sending event: {'category': 'dbt', 'action': 'run_model', 'label': 'e6e114b8-63bb-4052-b5f9-6db7f6e15637', 'context': [<snowplow_tracker.self_describing_json.SelfDescribingJson object at 0x74e73813c230>]}
[0m18:08:48.000367 [info ] [Thread-1 (]: 5 of 8 OK created sql table model nyc_motor_vehicle_collision_dataset_mart_nyc_crashes.mart_monthly_death_and_injured_toll  [[32mCREATE TABLE (12.0 rows, 5.9 MiB processed)[0m in 3.95s]
[0m18:08:48.007305 [debug] [Thread-1 (]: Finished running node model.dbt_nyc_vehicle_crashes.mart_monthly_death_and_injured_toll
[0m18:08:48.014497 [debug] [Thread-1 (]: Began running node model.dbt_nyc_vehicle_crashes.mart_most_contributing_factors
[0m18:08:48.028842 [info ] [Thread-1 (]: 6 of 8 START sql table model nyc_motor_vehicle_collision_dataset_mart_nyc_crashes.mart_most_contributing_factors  [RUN]
[0m18:08:48.032743 [debug] [Thread-1 (]: Re-using an available connection from the pool (formerly model.dbt_nyc_vehicle_crashes.mart_monthly_death_and_injured_toll, now model.dbt_nyc_vehicle_crashes.mart_most_contributing_factors)
[0m18:08:48.035253 [debug] [Thread-1 (]: Began compiling node model.dbt_nyc_vehicle_crashes.mart_most_contributing_factors
[0m18:08:48.060756 [debug] [Thread-1 (]: Writing injected SQL for node "model.dbt_nyc_vehicle_crashes.mart_most_contributing_factors"
[0m18:08:48.070282 [debug] [Thread-1 (]: Began executing node model.dbt_nyc_vehicle_crashes.mart_most_contributing_factors
[0m18:08:48.082590 [debug] [Thread-1 (]: Writing runtime sql for node "model.dbt_nyc_vehicle_crashes.mart_most_contributing_factors"
[0m18:08:48.123047 [debug] [Thread-1 (]: On model.dbt_nyc_vehicle_crashes.mart_most_contributing_factors: /* {"app": "dbt", "dbt_version": "1.11.8", "profile_name": "dbt_nyc_vehicle_crashes", "target_name": "dev", "node_id": "model.dbt_nyc_vehicle_crashes.mart_most_contributing_factors"} */

  
    

    create or replace table `nyc-motor-vehicle-collision-12`.`nyc_motor_vehicle_collision_dataset_mart_nyc_crashes`.`mart_most_contributing_factors`
      
    
    

    
    OPTIONS()
    as (
      # What factors contribute most to crashes in NYC?

WITH factors AS (
SELECT DISTINCT
  contributing_factors,
  COUNT(*) AS total_crashes,
  SUM(number_of_persons_killed) +
  SUM(number_of_pedestrians_killed) + 
  SUM(number_of_cyclist_killed) + 
  SUM(number_of_motorist_killed) AS death_toll,
  SUM(number_of_persons_injured) +
  SUM(number_of_pedestrians_injured) + 
  SUM(number_of_cyclist_injured) + 
  SUM(number_of_motorist_injured) AS injury_toll
FROM `nyc-motor-vehicle-collision-12`.`nyc_motor_vehicle_collision_dataset_stg_nyc_crashes`.`stg_2025_nyc_crashes`,
UNNEST([
  contributing_factor_vehicle_1,
  contributing_factor_vehicle_2,
  contributing_factor_vehicle_3,
  contributing_factor_vehicle_4,
  contributing_factor_vehicle_5
]) AS contributing_factors
WHERE contributing_factors IS NOT NULL
GROUP BY contributing_factors
)
SELECT 
  f.contributing_factors,
  f.total_crashes,
  f.death_toll,
  f.injury_toll,
  SUM(f.death_toll) +
  SUM(f.injury_toll) AS total_casualties
FROM 
  factors f
GROUP BY f.contributing_factors, f.total_crashes, f.death_toll, f.injury_toll
ORDER BY 
  SUM(f.death_toll) +
  SUM(f.injury_toll) DESC
    );
  
[0m18:08:48.124807 [debug] [Thread-1 (]: Opening a new connection, currently in state closed
[0m18:08:49.626958 [debug] [Thread-1 (]: BigQuery adapter: https://console.cloud.google.com/bigquery?project=nyc-motor-vehicle-collision-12&j=bq:US:ed9a7d9f-6325-4ba4-b5a2-897a5ca0d1d4&page=queryresults
[0m18:08:51.884392 [debug] [Thread-1 (]: SQL status: OK in 2.254 seconds
[0m18:08:52.408241 [debug] [Thread-1 (]: Sending event: {'category': 'dbt', 'action': 'run_model', 'label': 'e6e114b8-63bb-4052-b5f9-6db7f6e15637', 'context': [<snowplow_tracker.self_describing_json.SelfDescribingJson object at 0x74e738127b30>]}
[0m18:08:52.412550 [info ] [Thread-1 (]: 6 of 8 OK created sql table model nyc_motor_vehicle_collision_dataset_mart_nyc_crashes.mart_most_contributing_factors  [[32mCREATE TABLE (55.0 rows, 8.2 MiB processed)[0m in 4.37s]
[0m18:08:52.419196 [debug] [Thread-1 (]: Finished running node model.dbt_nyc_vehicle_crashes.mart_most_contributing_factors
[0m18:08:52.421594 [debug] [Thread-1 (]: Began running node model.dbt_nyc_vehicle_crashes.mart_total_crashes_by_borough
[0m18:08:52.424658 [info ] [Thread-1 (]: 7 of 8 START sql table model nyc_motor_vehicle_collision_dataset_mart_nyc_crashes.mart_total_crashes_by_borough  [RUN]
[0m18:08:52.427227 [debug] [Thread-1 (]: Re-using an available connection from the pool (formerly model.dbt_nyc_vehicle_crashes.mart_most_contributing_factors, now model.dbt_nyc_vehicle_crashes.mart_total_crashes_by_borough)
[0m18:08:52.436047 [debug] [Thread-1 (]: Began compiling node model.dbt_nyc_vehicle_crashes.mart_total_crashes_by_borough
[0m18:08:52.454572 [debug] [Thread-1 (]: Writing injected SQL for node "model.dbt_nyc_vehicle_crashes.mart_total_crashes_by_borough"
[0m18:08:52.478323 [debug] [Thread-1 (]: Began executing node model.dbt_nyc_vehicle_crashes.mart_total_crashes_by_borough
[0m18:08:52.501382 [debug] [Thread-1 (]: Writing runtime sql for node "model.dbt_nyc_vehicle_crashes.mart_total_crashes_by_borough"
[0m18:08:52.510415 [debug] [Thread-1 (]: On model.dbt_nyc_vehicle_crashes.mart_total_crashes_by_borough: /* {"app": "dbt", "dbt_version": "1.11.8", "profile_name": "dbt_nyc_vehicle_crashes", "target_name": "dev", "node_id": "model.dbt_nyc_vehicle_crashes.mart_total_crashes_by_borough"} */

  
    

    create or replace table `nyc-motor-vehicle-collision-12`.`nyc_motor_vehicle_collision_dataset_mart_nyc_crashes`.`mart_total_crashes_by_borough`
      
    
    

    
    OPTIONS()
    as (
      # Total crashes by Borough in Nyc 

SELECT
  Borough,
  COUNT(crash_date) AS total_crashes
FROM
  `nyc-motor-vehicle-collision-12`.`nyc_motor_vehicle_collision_dataset_stg_nyc_crashes`.`stg_2025_nyc_crashes`
GROUP BY Borough
ORDER BY COUNT(crash_date) DESC
    );
  
[0m18:08:52.511914 [debug] [Thread-1 (]: Opening a new connection, currently in state closed
[0m18:08:54.147206 [debug] [Thread-1 (]: BigQuery adapter: https://console.cloud.google.com/bigquery?project=nyc-motor-vehicle-collision-12&j=bq:US:23d44007-3435-413d-a20c-82667e52c3c6&page=queryresults
[0m18:08:56.096969 [debug] [Thread-1 (]: SQL status: OK in 1.946 seconds
[0m18:08:56.603265 [debug] [Thread-1 (]: Sending event: {'category': 'dbt', 'action': 'run_model', 'label': 'e6e114b8-63bb-4052-b5f9-6db7f6e15637', 'context': [<snowplow_tracker.self_describing_json.SelfDescribingJson object at 0x74e7381253a0>]}
[0m18:08:56.608016 [info ] [Thread-1 (]: 7 of 8 OK created sql table model nyc_motor_vehicle_collision_dataset_mart_nyc_crashes.mart_total_crashes_by_borough  [[32mCREATE TABLE (6.0 rows, 1.4 MiB processed)[0m in 4.17s]
[0m18:08:56.612665 [debug] [Thread-1 (]: Finished running node model.dbt_nyc_vehicle_crashes.mart_total_crashes_by_borough
[0m18:08:56.617995 [debug] [Thread-1 (]: Began running node model.dbt_nyc_vehicle_crashes.mart_total_crashes_per_time_of_day
[0m18:08:56.632346 [info ] [Thread-1 (]: 8 of 8 START sql table model nyc_motor_vehicle_collision_dataset_mart_nyc_crashes.mart_total_crashes_per_time_of_day  [RUN]
[0m18:08:56.634983 [debug] [Thread-1 (]: Re-using an available connection from the pool (formerly model.dbt_nyc_vehicle_crashes.mart_total_crashes_by_borough, now model.dbt_nyc_vehicle_crashes.mart_total_crashes_per_time_of_day)
[0m18:08:56.636662 [debug] [Thread-1 (]: Began compiling node model.dbt_nyc_vehicle_crashes.mart_total_crashes_per_time_of_day
[0m18:08:56.655239 [debug] [Thread-1 (]: Writing injected SQL for node "model.dbt_nyc_vehicle_crashes.mart_total_crashes_per_time_of_day"
[0m18:08:56.668092 [debug] [Thread-1 (]: Began executing node model.dbt_nyc_vehicle_crashes.mart_total_crashes_per_time_of_day
[0m18:08:56.693909 [debug] [Thread-1 (]: Writing runtime sql for node "model.dbt_nyc_vehicle_crashes.mart_total_crashes_per_time_of_day"
[0m18:08:56.703956 [debug] [Thread-1 (]: On model.dbt_nyc_vehicle_crashes.mart_total_crashes_per_time_of_day: /* {"app": "dbt", "dbt_version": "1.11.8", "profile_name": "dbt_nyc_vehicle_crashes", "target_name": "dev", "node_id": "model.dbt_nyc_vehicle_crashes.mart_total_crashes_per_time_of_day"} */

  
    

    create or replace table `nyc-motor-vehicle-collision-12`.`nyc_motor_vehicle_collision_dataset_mart_nyc_crashes`.`mart_total_crashes_per_time_of_day`
      
    
    

    
    OPTIONS()
    as (
      # Time of day that has the most crashes in Nyc 

SELECT
  CASE
    WHEN EXTRACT(HOUR FROM crash_time) = 0 THEN '12am - 1am'
    WHEN EXTRACT(HOUR FROM crash_time) = 1 THEN '1am - 2am'
    WHEN EXTRACT(HOUR FROM crash_time) = 2 THEN '2am - 3am'
    WHEN EXTRACT(HOUR FROM crash_time) = 3 THEN '3am - 4am'
    WHEN EXTRACT(HOUR FROM crash_time) = 4 THEN '4am - 5am'
    WHEN EXTRACT(HOUR FROM crash_time) = 5 THEN '5am - 6am'
    WHEN EXTRACT(HOUR FROM crash_time) = 6 THEN '6am - 7am'
    WHEN EXTRACT(HOUR FROM crash_time) = 7 THEN '7am - 8am'
    WHEN EXTRACT(HOUR FROM crash_time) = 8 THEN '8am - 9am'
    WHEN EXTRACT(HOUR FROM crash_time) = 9 THEN '9am - 10am'
    WHEN EXTRACT(HOUR FROM crash_time) = 10 THEN '10am - 11am'
    WHEN EXTRACT(HOUR FROM crash_time) = 11 THEN '11am - 12pm'
    WHEN EXTRACT(HOUR FROM crash_time) = 12 THEN '12pm - 1pm'
    WHEN EXTRACT(HOUR FROM crash_time) = 13 THEN '1pm - 2pm'
    WHEN EXTRACT(HOUR FROM crash_time) = 14 THEN '2pm - 3pm'
    WHEN EXTRACT(HOUR FROM crash_time) = 15 THEN '3pm - 4pm'
    WHEN EXTRACT(HOUR FROM crash_time) = 16 THEN '4pm - 5pm'
    WHEN EXTRACT(HOUR FROM crash_time) = 17 THEN '5pm - 6pm'
    WHEN EXTRACT(HOUR FROM crash_time) = 18 THEN '6pm - 7pm'
    WHEN EXTRACT(HOUR FROM crash_time) = 19 THEN '7pm - 8pm'
    WHEN EXTRACT(HOUR FROM crash_time) = 20 THEN '8pm - 9pm'
    WHEN EXTRACT(HOUR FROM crash_time) = 21 THEN '9pm - 10pm'
    WHEN EXTRACT(HOUR FROM crash_time) = 22 THEN '10pm - 11pm'
    ELSE '11pm - 12am'
  END AS time_bucket,
  COUNT(*) AS total_crashes
FROM `nyc-motor-vehicle-collision-12`.`nyc_motor_vehicle_collision_dataset_stg_nyc_crashes`.`stg_2025_nyc_crashes`
GROUP BY time_bucket
ORDER BY total_crashes DESC
    );
  
[0m18:08:56.706960 [debug] [Thread-1 (]: Opening a new connection, currently in state closed
[0m18:08:58.092977 [debug] [Thread-1 (]: BigQuery adapter: https://console.cloud.google.com/bigquery?project=nyc-motor-vehicle-collision-12&j=bq:US:9c4e7f4a-a99a-4d26-a3eb-2d095f1a935b&page=queryresults
[0m18:09:00.131648 [debug] [Thread-1 (]: SQL status: OK in 2.038 seconds
[0m18:09:00.676747 [debug] [Thread-1 (]: Sending event: {'category': 'dbt', 'action': 'run_model', 'label': 'e6e114b8-63bb-4052-b5f9-6db7f6e15637', 'context': [<snowplow_tracker.self_describing_json.SelfDescribingJson object at 0x74e7380c41a0>]}
[0m18:09:00.689937 [info ] [Thread-1 (]: 8 of 8 OK created sql table model nyc_motor_vehicle_collision_dataset_mart_nyc_crashes.mart_total_crashes_per_time_of_day  [[32mCREATE TABLE (24.0 rows, 668.3 KiB processed)[0m in 4.04s]
[0m18:09:00.699890 [debug] [Thread-1 (]: Finished running node model.dbt_nyc_vehicle_crashes.mart_total_crashes_per_time_of_day
[0m18:09:00.715130 [debug] [MainThread]: Opening a new connection, currently in state closed
[0m18:09:00.720266 [debug] [MainThread]: Connection 'master' was properly closed.
[0m18:09:00.732806 [debug] [MainThread]: Connection 'model.dbt_nyc_vehicle_crashes.mart_total_crashes_per_time_of_day' was properly closed.
[0m18:09:00.735443 [info ] [MainThread]: 
[0m18:09:00.739450 [info ] [MainThread]: Finished running 8 table models in 0 hours 0 minutes and 49.95 seconds (49.95s).
[0m18:09:00.759103 [debug] [MainThread]: Command end result
[0m18:09:00.851097 [debug] [MainThread]: Wrote artifact WritableManifest to /home/kwakut/nyc-vehicle-collisions-project/dbt_nyc_vehicle_crashes/target/manifest.json
[0m18:09:00.859570 [debug] [MainThread]: Wrote artifact SemanticManifest to /home/kwakut/nyc-vehicle-collisions-project/dbt_nyc_vehicle_crashes/target/semantic_manifest.json
[0m18:09:00.873334 [debug] [MainThread]: Wrote artifact RunExecutionResult to /home/kwakut/nyc-vehicle-collisions-project/dbt_nyc_vehicle_crashes/target/run_results.json
[0m18:09:00.874436 [info ] [MainThread]: 
[0m18:09:00.876023 [info ] [MainThread]: [32mCompleted successfully[0m
[0m18:09:00.877277 [info ] [MainThread]: 
[0m18:09:00.878438 [info ] [MainThread]: Done. PASS=8 WARN=0 ERROR=0 SKIP=0 NO-OP=0 TOTAL=8
[0m18:09:00.879735 [debug] [MainThread]: Resource report: {"command_name": "run", "command_success": true, "command_wall_clock_time": 57.204975, "process_in_blocks": "196000", "process_kernel_time": 1.79435, "process_mem_max_rss": "237612", "process_out_blocks": "4008", "process_user_time": 9.373528}
[0m18:09:00.880717 [debug] [MainThread]: Command `dbt run` succeeded at 18:09:00.880487 after 57.21 seconds
[0m18:09:00.882852 [debug] [MainThread]: Sending event: {'category': 'dbt', 'action': 'invocation', 'label': 'end', 'context': [<snowplow_tracker.self_describing_json.SelfDescribingJson object at 0x74e739878b60>, <snowplow_tracker.self_describing_json.SelfDescribingJson object at 0x74e757f90b60>, <snowplow_tracker.self_describing_json.SelfDescribingJson object at 0x74e756f7f380>]}
[0m18:09:00.884286 [debug] [MainThread]: Flushing usage events
[0m18:09:02.408835 [debug] [MainThread]: An error was encountered while trying to flush usage events
